2025-12-11 19:52:54,993 - INFO - ============================================================
2025-12-11 19:52:54,993 - INFO - 大规模绿电消费学术研究数据爬取
2025-12-11 19:52:54,993 - INFO - 目标文档数: 2000
2025-12-11 19:52:54,993 - INFO - 总关键词数: 185
2025-12-11 19:52:54,993 - INFO - ============================================================
2025-12-11 19:52:54,993 - INFO - 剩余待处理关键词: 185
2025-12-11 19:52:54,993 - INFO - 
处理批次 1: 20 个关键词
2025-12-11 19:54:07,540 - INFO -   原始结果: 300 条
2025-12-11 19:54:07,543 - INFO -   质量过滤后: 193 条
2025-12-11 19:54:07,548 - INFO - HTTP Request: GET http://host.docker.internal:11434/api/tags "HTTP/1.1 200 OK"
2025-12-11 19:54:29,396 - INFO - HTTP Request: POST http://host.docker.internal:11434/api/generate "HTTP/1.1 200 OK"
2025-12-11 19:54:29,398 - INFO - HTTP Request: GET http://host.docker.internal:11434/api/tags "HTTP/1.1 200 OK"
2025-12-11 19:54:51,851 - INFO - HTTP Request: POST http://host.docker.internal:11434/api/generate "HTTP/1.1 200 OK"
2025-12-11 19:54:51,853 - INFO - HTTP Request: GET http://host.docker.internal:11434/api/tags "HTTP/1.1 200 OK"
2025-12-11 19:55:13,245 - INFO - HTTP Request: POST http://host.docker.internal:11434/api/generate "HTTP/1.1 200 OK"
2025-12-11 19:55:13,247 - INFO - HTTP Request: GET http://host.docker.internal:11434/api/tags "HTTP/1.1 200 OK"
2025-12-11 19:55:28,467 - INFO - HTTP Request: POST http://host.docker.internal:11434/api/generate "HTTP/1.1 200 OK"
2025-12-11 19:55:28,469 - INFO - HTTP Request: GET http://host.docker.internal:11434/api/tags "HTTP/1.1 200 OK"
2025-12-11 19:55:54,697 - INFO - HTTP Request: POST http://host.docker.internal:11434/api/generate "HTTP/1.1 200 OK"
2025-12-11 19:55:54,699 - INFO - HTTP Request: GET http://host.docker.internal:11434/api/tags "HTTP/1.1 200 OK"
2025-12-11 19:56:06,186 - INFO - HTTP Request: POST http://host.docker.internal:11434/api/generate "HTTP/1.1 200 OK"
2025-12-11 19:56:06,189 - INFO - HTTP Request: GET http://host.docker.internal:11434/api/tags "HTTP/1.1 200 OK"
2025-12-11 19:56:29,971 - INFO - HTTP Request: POST http://host.docker.internal:11434/api/generate "HTTP/1.1 200 OK"
2025-12-11 19:56:29,973 - INFO - HTTP Request: GET http://host.docker.internal:11434/api/tags "HTTP/1.1 200 OK"
2025-12-11 19:56:40,947 - INFO - HTTP Request: POST http://host.docker.internal:11434/api/generate "HTTP/1.1 200 OK"
2025-12-11 19:56:40,949 - INFO - HTTP Request: GET http://host.docker.internal:11434/api/tags "HTTP/1.1 200 OK"
2025-12-11 19:57:01,583 - INFO - HTTP Request: POST http://host.docker.internal:11434/api/generate "HTTP/1.1 200 OK"
2025-12-11 19:57:01,584 - INFO - HTTP Request: GET http://host.docker.internal:11434/api/tags "HTTP/1.1 200 OK"
2025-12-11 19:57:14,306 - INFO - HTTP Request: POST http://host.docker.internal:11434/api/generate "HTTP/1.1 200 OK"
2025-12-11 19:57:14,308 - INFO - HTTP Request: GET http://host.docker.internal:11434/api/tags "HTTP/1.1 200 OK"
2025-12-11 19:57:34,007 - INFO - HTTP Request: POST http://host.docker.internal:11434/api/generate "HTTP/1.1 200 OK"
2025-12-11 19:57:34,009 - INFO - HTTP Request: GET http://host.docker.internal:11434/api/tags "HTTP/1.1 200 OK"
2025-12-11 19:57:43,514 - INFO - HTTP Request: POST http://host.docker.internal:11434/api/generate "HTTP/1.1 200 OK"
2025-12-11 19:57:43,516 - INFO - HTTP Request: GET http://host.docker.internal:11434/api/tags "HTTP/1.1 200 OK"
2025-12-11 19:58:03,737 - INFO - HTTP Request: POST http://host.docker.internal:11434/api/generate "HTTP/1.1 200 OK"
2025-12-11 19:58:03,739 - INFO - HTTP Request: GET http://host.docker.internal:11434/api/tags "HTTP/1.1 200 OK"
2025-12-11 19:58:19,514 - INFO - HTTP Request: POST http://host.docker.internal:11434/api/generate "HTTP/1.1 200 OK"
2025-12-11 19:58:19,516 - INFO - HTTP Request: GET http://host.docker.internal:11434/api/tags "HTTP/1.1 200 OK"
2025-12-11 19:58:42,754 - INFO - HTTP Request: POST http://host.docker.internal:11434/api/generate "HTTP/1.1 200 OK"
2025-12-11 19:58:42,756 - INFO - HTTP Request: GET http://host.docker.internal:11434/api/tags "HTTP/1.1 200 OK"
2025-12-11 19:58:58,616 - INFO - HTTP Request: POST http://host.docker.internal:11434/api/generate "HTTP/1.1 200 OK"
2025-12-11 19:58:58,618 - INFO - HTTP Request: GET http://host.docker.internal:11434/api/tags "HTTP/1.1 200 OK"
2025-12-11 19:59:18,974 - INFO - HTTP Request: POST http://host.docker.internal:11434/api/generate "HTTP/1.1 200 OK"
2025-12-11 19:59:18,976 - INFO - HTTP Request: GET http://host.docker.internal:11434/api/tags "HTTP/1.1 200 OK"
2025-12-11 19:59:45,567 - INFO - HTTP Request: POST http://host.docker.internal:11434/api/generate "HTTP/1.1 200 OK"
2025-12-11 19:59:45,569 - INFO - HTTP Request: GET http://host.docker.internal:11434/api/tags "HTTP/1.1 200 OK"
2025-12-11 20:00:01,337 - INFO - HTTP Request: POST http://host.docker.internal:11434/api/generate "HTTP/1.1 200 OK"
2025-12-11 20:00:01,339 - INFO - HTTP Request: GET http://host.docker.internal:11434/api/tags "HTTP/1.1 200 OK"
2025-12-11 20:00:15,851 - INFO - HTTP Request: POST http://host.docker.internal:11434/api/generate "HTTP/1.1 200 OK"
2025-12-11 20:00:15,853 - INFO - HTTP Request: GET http://host.docker.internal:11434/api/tags "HTTP/1.1 200 OK"
2025-12-11 20:00:46,305 - INFO - HTTP Request: POST http://host.docker.internal:11434/api/generate "HTTP/1.1 200 OK"
2025-12-11 20:00:46,307 - INFO - HTTP Request: GET http://host.docker.internal:11434/api/tags "HTTP/1.1 200 OK"
2025-12-11 20:01:01,041 - INFO - HTTP Request: POST http://host.docker.internal:11434/api/generate "HTTP/1.1 200 OK"
2025-12-11 20:01:01,043 - INFO - HTTP Request: GET http://host.docker.internal:11434/api/tags "HTTP/1.1 200 OK"
2025-12-11 20:01:15,928 - INFO - HTTP Request: POST http://host.docker.internal:11434/api/generate "HTTP/1.1 200 OK"
2025-12-11 20:01:15,931 - INFO - HTTP Request: GET http://host.docker.internal:11434/api/tags "HTTP/1.1 200 OK"
2025-12-11 20:01:38,641 - INFO - HTTP Request: POST http://host.docker.internal:11434/api/generate "HTTP/1.1 200 OK"
2025-12-11 20:01:38,643 - INFO - HTTP Request: GET http://host.docker.internal:11434/api/tags "HTTP/1.1 200 OK"
2025-12-11 20:01:53,021 - INFO - HTTP Request: POST http://host.docker.internal:11434/api/generate "HTTP/1.1 200 OK"
2025-12-11 20:01:53,023 - INFO - HTTP Request: GET http://host.docker.internal:11434/api/tags "HTTP/1.1 200 OK"
2025-12-11 20:02:07,005 - INFO - HTTP Request: POST http://host.docker.internal:11434/api/generate "HTTP/1.1 200 OK"
2025-12-11 20:02:07,007 - INFO - HTTP Request: GET http://host.docker.internal:11434/api/tags "HTTP/1.1 200 OK"
2025-12-11 20:02:28,467 - INFO - HTTP Request: POST http://host.docker.internal:11434/api/generate "HTTP/1.1 200 OK"
2025-12-11 20:02:28,469 - INFO - HTTP Request: GET http://host.docker.internal:11434/api/tags "HTTP/1.1 200 OK"
2025-12-11 20:03:00,147 - INFO - HTTP Request: POST http://host.docker.internal:11434/api/generate "HTTP/1.1 200 OK"
2025-12-11 20:03:00,149 - INFO - HTTP Request: GET http://host.docker.internal:11434/api/tags "HTTP/1.1 200 OK"
2025-12-11 20:03:20,841 - INFO - HTTP Request: POST http://host.docker.internal:11434/api/generate "HTTP/1.1 200 OK"
2025-12-11 20:03:20,843 - INFO - HTTP Request: GET http://host.docker.internal:11434/api/tags "HTTP/1.1 200 OK"
2025-12-11 20:03:35,149 - INFO - HTTP Request: POST http://host.docker.internal:11434/api/generate "HTTP/1.1 200 OK"
2025-12-11 20:03:35,151 - INFO - HTTP Request: GET http://host.docker.internal:11434/api/tags "HTTP/1.1 200 OK"
2025-12-11 20:03:50,614 - INFO - HTTP Request: POST http://host.docker.internal:11434/api/generate "HTTP/1.1 200 OK"
2025-12-11 20:03:50,616 - INFO - HTTP Request: GET http://host.docker.internal:11434/api/tags "HTTP/1.1 200 OK"
2025-12-11 20:04:02,146 - INFO - HTTP Request: POST http://host.docker.internal:11434/api/generate "HTTP/1.1 200 OK"
2025-12-11 20:04:02,148 - INFO - HTTP Request: GET http://host.docker.internal:11434/api/tags "HTTP/1.1 200 OK"
2025-12-11 20:04:14,603 - INFO - HTTP Request: POST http://host.docker.internal:11434/api/generate "HTTP/1.1 200 OK"
2025-12-11 20:04:14,605 - INFO - HTTP Request: GET http://host.docker.internal:11434/api/tags "HTTP/1.1 200 OK"
2025-12-11 20:04:27,650 - INFO - HTTP Request: POST http://host.docker.internal:11434/api/generate "HTTP/1.1 200 OK"
2025-12-11 20:04:27,652 - INFO - HTTP Request: GET http://host.docker.internal:11434/api/tags "HTTP/1.1 200 OK"
2025-12-11 20:04:42,819 - INFO - HTTP Request: POST http://host.docker.internal:11434/api/generate "HTTP/1.1 200 OK"
2025-12-11 20:04:42,821 - INFO - HTTP Request: GET http://host.docker.internal:11434/api/tags "HTTP/1.1 200 OK"
2025-12-11 20:04:59,241 - INFO - HTTP Request: POST http://host.docker.internal:11434/api/generate "HTTP/1.1 200 OK"
2025-12-11 20:04:59,243 - INFO - HTTP Request: GET http://host.docker.internal:11434/api/tags "HTTP/1.1 200 OK"
2025-12-11 20:05:24,729 - INFO - HTTP Request: POST http://host.docker.internal:11434/api/generate "HTTP/1.1 200 OK"
2025-12-11 20:05:24,731 - INFO - HTTP Request: GET http://host.docker.internal:11434/api/tags "HTTP/1.1 200 OK"
2025-12-11 20:05:42,449 - INFO - HTTP Request: POST http://host.docker.internal:11434/api/generate "HTTP/1.1 200 OK"
2025-12-11 20:05:42,451 - INFO - HTTP Request: GET http://host.docker.internal:11434/api/tags "HTTP/1.1 200 OK"
2025-12-11 20:06:00,491 - INFO - HTTP Request: POST http://host.docker.internal:11434/api/generate "HTTP/1.1 200 OK"
2025-12-11 20:06:00,493 - INFO - HTTP Request: GET http://host.docker.internal:11434/api/tags "HTTP/1.1 200 OK"
2025-12-11 20:06:10,715 - INFO - HTTP Request: POST http://host.docker.internal:11434/api/generate "HTTP/1.1 200 OK"
2025-12-11 20:06:10,716 - INFO - HTTP Request: GET http://host.docker.internal:11434/api/tags "HTTP/1.1 200 OK"
2025-12-11 20:06:31,649 - INFO - HTTP Request: POST http://host.docker.internal:11434/api/generate "HTTP/1.1 200 OK"
2025-12-11 20:06:31,651 - INFO - HTTP Request: GET http://host.docker.internal:11434/api/tags "HTTP/1.1 200 OK"
2025-12-11 20:06:52,506 - INFO - HTTP Request: POST http://host.docker.internal:11434/api/generate "HTTP/1.1 200 OK"
2025-12-11 20:06:52,507 - INFO - HTTP Request: GET http://host.docker.internal:11434/api/tags "HTTP/1.1 200 OK"
2025-12-11 20:07:09,492 - INFO - HTTP Request: POST http://host.docker.internal:11434/api/generate "HTTP/1.1 200 OK"
2025-12-11 20:07:09,494 - INFO - HTTP Request: GET http://host.docker.internal:11434/api/tags "HTTP/1.1 200 OK"
2025-12-11 20:07:25,312 - INFO - HTTP Request: POST http://host.docker.internal:11434/api/generate "HTTP/1.1 200 OK"
2025-12-11 20:07:25,314 - INFO - HTTP Request: GET http://host.docker.internal:11434/api/tags "HTTP/1.1 200 OK"
2025-12-11 20:07:47,569 - INFO - HTTP Request: POST http://host.docker.internal:11434/api/generate "HTTP/1.1 200 OK"
2025-12-11 20:07:47,571 - INFO - HTTP Request: GET http://host.docker.internal:11434/api/tags "HTTP/1.1 200 OK"
2025-12-11 20:08:13,336 - INFO - HTTP Request: POST http://host.docker.internal:11434/api/generate "HTTP/1.1 200 OK"
2025-12-11 20:08:13,338 - INFO - HTTP Request: GET http://host.docker.internal:11434/api/tags "HTTP/1.1 200 OK"
2025-12-11 20:08:28,722 - INFO - HTTP Request: POST http://host.docker.internal:11434/api/generate "HTTP/1.1 200 OK"
2025-12-11 20:08:28,724 - INFO - HTTP Request: GET http://host.docker.internal:11434/api/tags "HTTP/1.1 200 OK"
2025-12-11 20:08:46,820 - INFO - HTTP Request: POST http://host.docker.internal:11434/api/generate "HTTP/1.1 200 OK"
2025-12-11 20:08:46,822 - INFO - HTTP Request: GET http://host.docker.internal:11434/api/tags "HTTP/1.1 200 OK"
2025-12-11 20:09:04,870 - INFO - HTTP Request: POST http://host.docker.internal:11434/api/generate "HTTP/1.1 200 OK"
2025-12-11 20:09:04,872 - INFO - HTTP Request: GET http://host.docker.internal:11434/api/tags "HTTP/1.1 200 OK"
2025-12-11 20:09:20,474 - INFO - HTTP Request: POST http://host.docker.internal:11434/api/generate "HTTP/1.1 200 OK"
2025-12-11 20:09:20,476 - INFO - HTTP Request: GET http://host.docker.internal:11434/api/tags "HTTP/1.1 200 OK"
2025-12-11 20:09:36,374 - INFO - HTTP Request: POST http://host.docker.internal:11434/api/generate "HTTP/1.1 200 OK"
2025-12-11 20:09:36,376 - INFO - HTTP Request: GET http://host.docker.internal:11434/api/tags "HTTP/1.1 200 OK"
2025-12-11 20:09:48,091 - INFO - HTTP Request: POST http://host.docker.internal:11434/api/generate "HTTP/1.1 200 OK"
2025-12-11 20:09:48,093 - INFO - HTTP Request: GET http://host.docker.internal:11434/api/tags "HTTP/1.1 200 OK"
2025-12-11 20:10:01,615 - INFO - HTTP Request: POST http://host.docker.internal:11434/api/generate "HTTP/1.1 200 OK"
2025-12-11 20:10:01,616 - INFO - HTTP Request: GET http://host.docker.internal:11434/api/tags "HTTP/1.1 200 OK"
2025-12-11 20:10:11,551 - INFO - HTTP Request: POST http://host.docker.internal:11434/api/generate "HTTP/1.1 200 OK"
2025-12-11 20:10:11,552 - INFO - HTTP Request: GET http://host.docker.internal:11434/api/tags "HTTP/1.1 200 OK"
2025-12-11 20:10:32,838 - INFO - HTTP Request: POST http://host.docker.internal:11434/api/generate "HTTP/1.1 200 OK"
2025-12-11 20:10:32,840 - INFO - HTTP Request: GET http://host.docker.internal:11434/api/tags "HTTP/1.1 200 OK"
2025-12-11 20:10:43,728 - INFO - HTTP Request: POST http://host.docker.internal:11434/api/generate "HTTP/1.1 200 OK"
2025-12-11 20:10:43,730 - INFO - HTTP Request: GET http://host.docker.internal:11434/api/tags "HTTP/1.1 200 OK"
2025-12-11 20:10:59,762 - INFO - HTTP Request: POST http://host.docker.internal:11434/api/generate "HTTP/1.1 200 OK"
2025-12-11 20:10:59,764 - INFO - HTTP Request: GET http://host.docker.internal:11434/api/tags "HTTP/1.1 200 OK"
2025-12-11 20:11:22,935 - INFO - HTTP Request: POST http://host.docker.internal:11434/api/generate "HTTP/1.1 200 OK"
2025-12-11 20:11:22,937 - INFO - HTTP Request: GET http://host.docker.internal:11434/api/tags "HTTP/1.1 200 OK"
2025-12-11 20:11:38,726 - INFO - HTTP Request: POST http://host.docker.internal:11434/api/generate "HTTP/1.1 200 OK"
2025-12-11 20:11:38,728 - INFO - HTTP Request: GET http://host.docker.internal:11434/api/tags "HTTP/1.1 200 OK"
2025-12-11 20:11:55,780 - INFO - HTTP Request: POST http://host.docker.internal:11434/api/generate "HTTP/1.1 200 OK"
2025-12-11 20:11:55,782 - INFO - HTTP Request: GET http://host.docker.internal:11434/api/tags "HTTP/1.1 200 OK"
2025-12-11 20:12:30,607 - INFO - HTTP Request: POST http://host.docker.internal:11434/api/generate "HTTP/1.1 200 OK"
2025-12-11 20:12:30,609 - INFO - HTTP Request: GET http://host.docker.internal:11434/api/tags "HTTP/1.1 200 OK"
2025-12-11 20:12:49,415 - INFO - HTTP Request: POST http://host.docker.internal:11434/api/generate "HTTP/1.1 200 OK"
2025-12-11 20:12:49,417 - INFO - HTTP Request: GET http://host.docker.internal:11434/api/tags "HTTP/1.1 200 OK"
2025-12-11 20:13:04,674 - INFO - HTTP Request: POST http://host.docker.internal:11434/api/generate "HTTP/1.1 200 OK"
2025-12-11 20:13:04,676 - INFO - HTTP Request: GET http://host.docker.internal:11434/api/tags "HTTP/1.1 200 OK"
2025-12-11 20:13:32,751 - INFO - HTTP Request: POST http://host.docker.internal:11434/api/generate "HTTP/1.1 200 OK"
2025-12-11 20:13:32,753 - INFO - HTTP Request: GET http://host.docker.internal:11434/api/tags "HTTP/1.1 200 OK"
2025-12-11 20:13:44,439 - INFO - HTTP Request: POST http://host.docker.internal:11434/api/generate "HTTP/1.1 200 OK"
2025-12-11 20:13:44,440 - INFO - HTTP Request: GET http://host.docker.internal:11434/api/tags "HTTP/1.1 200 OK"
2025-12-11 20:14:01,562 - INFO - HTTP Request: POST http://host.docker.internal:11434/api/generate "HTTP/1.1 200 OK"
2025-12-11 20:14:01,564 - INFO - HTTP Request: GET http://host.docker.internal:11434/api/tags "HTTP/1.1 200 OK"
2025-12-11 20:14:20,821 - INFO - HTTP Request: POST http://host.docker.internal:11434/api/generate "HTTP/1.1 200 OK"
2025-12-11 20:14:20,823 - INFO - HTTP Request: GET http://host.docker.internal:11434/api/tags "HTTP/1.1 200 OK"
2025-12-11 20:14:50,283 - INFO - HTTP Request: POST http://host.docker.internal:11434/api/generate "HTTP/1.1 200 OK"
2025-12-11 20:14:50,285 - INFO - HTTP Request: GET http://host.docker.internal:11434/api/tags "HTTP/1.1 200 OK"
2025-12-11 20:15:10,455 - INFO - HTTP Request: POST http://host.docker.internal:11434/api/generate "HTTP/1.1 200 OK"
2025-12-11 20:15:10,457 - INFO - HTTP Request: GET http://host.docker.internal:11434/api/tags "HTTP/1.1 200 OK"
2025-12-11 20:15:24,238 - INFO - HTTP Request: POST http://host.docker.internal:11434/api/generate "HTTP/1.1 200 OK"
2025-12-11 20:15:24,240 - INFO - HTTP Request: GET http://host.docker.internal:11434/api/tags "HTTP/1.1 200 OK"
2025-12-11 20:15:37,498 - INFO - HTTP Request: POST http://host.docker.internal:11434/api/generate "HTTP/1.1 200 OK"
2025-12-11 20:15:37,500 - INFO - HTTP Request: GET http://host.docker.internal:11434/api/tags "HTTP/1.1 200 OK"
2025-12-11 20:15:59,058 - INFO - HTTP Request: POST http://host.docker.internal:11434/api/generate "HTTP/1.1 200 OK"
2025-12-11 20:15:59,060 - INFO - HTTP Request: GET http://host.docker.internal:11434/api/tags "HTTP/1.1 200 OK"
2025-12-11 20:16:13,555 - INFO - HTTP Request: POST http://host.docker.internal:11434/api/generate "HTTP/1.1 200 OK"
2025-12-11 20:16:13,557 - INFO - HTTP Request: GET http://host.docker.internal:11434/api/tags "HTTP/1.1 200 OK"
2025-12-11 20:16:26,757 - INFO - HTTP Request: POST http://host.docker.internal:11434/api/generate "HTTP/1.1 200 OK"
2025-12-11 20:16:26,759 - INFO - HTTP Request: GET http://host.docker.internal:11434/api/tags "HTTP/1.1 200 OK"
2025-12-11 20:16:48,258 - INFO - HTTP Request: POST http://host.docker.internal:11434/api/generate "HTTP/1.1 200 OK"
2025-12-11 20:16:48,260 - INFO - HTTP Request: GET http://host.docker.internal:11434/api/tags "HTTP/1.1 200 OK"
2025-12-11 20:17:06,793 - INFO - HTTP Request: POST http://host.docker.internal:11434/api/generate "HTTP/1.1 200 OK"
2025-12-11 20:17:06,795 - INFO - HTTP Request: GET http://host.docker.internal:11434/api/tags "HTTP/1.1 200 OK"
2025-12-11 20:17:25,693 - INFO - HTTP Request: POST http://host.docker.internal:11434/api/generate "HTTP/1.1 200 OK"
2025-12-11 20:17:25,695 - INFO - HTTP Request: GET http://host.docker.internal:11434/api/tags "HTTP/1.1 200 OK"
2025-12-11 20:17:45,327 - INFO - HTTP Request: POST http://host.docker.internal:11434/api/generate "HTTP/1.1 200 OK"
2025-12-11 20:17:45,329 - INFO - HTTP Request: GET http://host.docker.internal:11434/api/tags "HTTP/1.1 200 OK"
2025-12-11 20:17:57,948 - INFO - HTTP Request: POST http://host.docker.internal:11434/api/generate "HTTP/1.1 200 OK"
2025-12-11 20:17:57,950 - INFO - HTTP Request: GET http://host.docker.internal:11434/api/tags "HTTP/1.1 200 OK"
2025-12-11 20:18:14,851 - INFO - HTTP Request: POST http://host.docker.internal:11434/api/generate "HTTP/1.1 200 OK"
2025-12-11 20:18:14,853 - INFO - HTTP Request: GET http://host.docker.internal:11434/api/tags "HTTP/1.1 200 OK"
2025-12-11 20:18:29,184 - INFO - HTTP Request: POST http://host.docker.internal:11434/api/generate "HTTP/1.1 200 OK"
2025-12-11 20:18:29,186 - INFO - HTTP Request: GET http://host.docker.internal:11434/api/tags "HTTP/1.1 200 OK"
2025-12-11 20:18:48,078 - INFO - HTTP Request: POST http://host.docker.internal:11434/api/generate "HTTP/1.1 200 OK"
2025-12-11 20:18:48,080 - INFO - HTTP Request: GET http://host.docker.internal:11434/api/tags "HTTP/1.1 200 OK"
2025-12-11 20:19:07,032 - INFO - HTTP Request: POST http://host.docker.internal:11434/api/generate "HTTP/1.1 200 OK"
2025-12-11 20:19:07,033 - INFO - HTTP Request: GET http://host.docker.internal:11434/api/tags "HTTP/1.1 200 OK"
2025-12-11 20:19:26,484 - INFO - HTTP Request: POST http://host.docker.internal:11434/api/generate "HTTP/1.1 200 OK"
2025-12-11 20:19:26,486 - INFO - HTTP Request: GET http://host.docker.internal:11434/api/tags "HTTP/1.1 200 OK"
2025-12-11 20:19:35,937 - INFO - HTTP Request: POST http://host.docker.internal:11434/api/generate "HTTP/1.1 200 OK"
2025-12-11 20:19:35,939 - INFO - HTTP Request: GET http://host.docker.internal:11434/api/tags "HTTP/1.1 200 OK"
2025-12-11 20:19:54,405 - INFO - HTTP Request: POST http://host.docker.internal:11434/api/generate "HTTP/1.1 200 OK"
2025-12-11 20:19:54,407 - INFO - HTTP Request: GET http://host.docker.internal:11434/api/tags "HTTP/1.1 200 OK"
2025-12-11 20:20:14,665 - INFO - HTTP Request: POST http://host.docker.internal:11434/api/generate "HTTP/1.1 200 OK"
2025-12-11 20:20:14,667 - INFO - HTTP Request: GET http://host.docker.internal:11434/api/tags "HTTP/1.1 200 OK"
2025-12-11 20:20:32,768 - INFO - HTTP Request: POST http://host.docker.internal:11434/api/generate "HTTP/1.1 200 OK"
2025-12-11 20:20:32,770 - INFO - HTTP Request: GET http://host.docker.internal:11434/api/tags "HTTP/1.1 200 OK"
2025-12-11 20:20:52,608 - INFO - HTTP Request: POST http://host.docker.internal:11434/api/generate "HTTP/1.1 200 OK"
2025-12-11 20:20:52,610 - INFO - HTTP Request: GET http://host.docker.internal:11434/api/tags "HTTP/1.1 200 OK"
2025-12-11 20:21:10,909 - INFO - HTTP Request: POST http://host.docker.internal:11434/api/generate "HTTP/1.1 200 OK"
2025-12-11 20:21:10,911 - INFO - HTTP Request: GET http://host.docker.internal:11434/api/tags "HTTP/1.1 200 OK"
2025-12-11 20:21:23,264 - INFO - HTTP Request: POST http://host.docker.internal:11434/api/generate "HTTP/1.1 200 OK"
2025-12-11 20:21:23,266 - INFO - HTTP Request: GET http://host.docker.internal:11434/api/tags "HTTP/1.1 200 OK"
2025-12-11 20:21:39,233 - INFO - HTTP Request: POST http://host.docker.internal:11434/api/generate "HTTP/1.1 200 OK"
2025-12-11 20:21:39,235 - INFO - HTTP Request: GET http://host.docker.internal:11434/api/tags "HTTP/1.1 200 OK"
2025-12-11 20:21:58,990 - INFO - HTTP Request: POST http://host.docker.internal:11434/api/generate "HTTP/1.1 200 OK"
2025-12-11 20:21:58,992 - INFO - HTTP Request: GET http://host.docker.internal:11434/api/tags "HTTP/1.1 200 OK"
2025-12-11 20:22:14,562 - INFO - HTTP Request: POST http://host.docker.internal:11434/api/generate "HTTP/1.1 200 OK"
2025-12-11 20:22:14,563 - INFO - HTTP Request: GET http://host.docker.internal:11434/api/tags "HTTP/1.1 200 OK"
2025-12-11 20:22:27,254 - INFO - HTTP Request: POST http://host.docker.internal:11434/api/generate "HTTP/1.1 200 OK"
2025-12-11 20:22:27,256 - INFO - HTTP Request: GET http://host.docker.internal:11434/api/tags "HTTP/1.1 200 OK"
2025-12-11 20:22:40,190 - INFO - HTTP Request: POST http://host.docker.internal:11434/api/generate "HTTP/1.1 200 OK"
2025-12-11 20:22:40,192 - INFO - HTTP Request: GET http://host.docker.internal:11434/api/tags "HTTP/1.1 200 OK"
2025-12-11 20:23:06,771 - INFO - HTTP Request: POST http://host.docker.internal:11434/api/generate "HTTP/1.1 200 OK"
2025-12-11 20:23:06,773 - INFO - HTTP Request: GET http://host.docker.internal:11434/api/tags "HTTP/1.1 200 OK"
2025-12-11 20:23:19,501 - INFO - HTTP Request: POST http://host.docker.internal:11434/api/generate "HTTP/1.1 200 OK"
2025-12-11 20:23:19,503 - INFO - HTTP Request: GET http://host.docker.internal:11434/api/tags "HTTP/1.1 200 OK"
2025-12-11 20:23:32,365 - INFO - HTTP Request: POST http://host.docker.internal:11434/api/generate "HTTP/1.1 200 OK"
2025-12-11 20:23:32,367 - INFO - HTTP Request: GET http://host.docker.internal:11434/api/tags "HTTP/1.1 200 OK"
2025-12-11 20:23:52,274 - INFO - HTTP Request: POST http://host.docker.internal:11434/api/generate "HTTP/1.1 200 OK"
2025-12-11 20:23:52,276 - INFO - HTTP Request: GET http://host.docker.internal:11434/api/tags "HTTP/1.1 200 OK"
2025-12-11 20:24:17,184 - INFO - HTTP Request: POST http://host.docker.internal:11434/api/generate "HTTP/1.1 200 OK"
2025-12-11 20:24:17,186 - INFO - HTTP Request: GET http://host.docker.internal:11434/api/tags "HTTP/1.1 200 OK"
2025-12-11 20:24:44,208 - INFO - HTTP Request: POST http://host.docker.internal:11434/api/generate "HTTP/1.1 200 OK"
2025-12-11 20:24:44,210 - INFO - HTTP Request: GET http://host.docker.internal:11434/api/tags "HTTP/1.1 200 OK"
2025-12-11 20:25:01,144 - INFO - HTTP Request: POST http://host.docker.internal:11434/api/generate "HTTP/1.1 200 OK"
2025-12-11 20:25:01,146 - INFO - HTTP Request: GET http://host.docker.internal:11434/api/tags "HTTP/1.1 200 OK"
2025-12-11 20:25:16,443 - INFO - HTTP Request: POST http://host.docker.internal:11434/api/generate "HTTP/1.1 200 OK"
2025-12-11 20:25:16,445 - INFO - HTTP Request: GET http://host.docker.internal:11434/api/tags "HTTP/1.1 200 OK"
2025-12-11 20:25:33,381 - INFO - HTTP Request: POST http://host.docker.internal:11434/api/generate "HTTP/1.1 200 OK"
2025-12-11 20:25:33,383 - INFO - HTTP Request: GET http://host.docker.internal:11434/api/tags "HTTP/1.1 200 OK"
2025-12-11 20:25:55,757 - INFO - HTTP Request: POST http://host.docker.internal:11434/api/generate "HTTP/1.1 200 OK"
2025-12-11 20:25:55,759 - INFO - HTTP Request: GET http://host.docker.internal:11434/api/tags "HTTP/1.1 200 OK"
2025-12-11 20:26:09,513 - INFO - HTTP Request: POST http://host.docker.internal:11434/api/generate "HTTP/1.1 200 OK"
2025-12-11 20:26:09,515 - INFO - HTTP Request: GET http://host.docker.internal:11434/api/tags "HTTP/1.1 200 OK"
2025-12-11 20:26:25,534 - INFO - HTTP Request: POST http://host.docker.internal:11434/api/generate "HTTP/1.1 200 OK"
2025-12-11 20:26:25,537 - INFO - HTTP Request: GET http://host.docker.internal:11434/api/tags "HTTP/1.1 200 OK"
2025-12-11 20:26:40,548 - INFO - HTTP Request: POST http://host.docker.internal:11434/api/generate "HTTP/1.1 200 OK"
2025-12-11 20:26:40,550 - INFO - HTTP Request: GET http://host.docker.internal:11434/api/tags "HTTP/1.1 200 OK"
2025-12-11 20:27:06,508 - INFO - HTTP Request: POST http://host.docker.internal:11434/api/generate "HTTP/1.1 200 OK"
2025-12-11 20:27:06,510 - INFO - HTTP Request: GET http://host.docker.internal:11434/api/tags "HTTP/1.1 200 OK"
2025-12-11 20:27:31,380 - INFO - HTTP Request: POST http://host.docker.internal:11434/api/generate "HTTP/1.1 200 OK"
2025-12-11 20:27:31,382 - INFO - HTTP Request: GET http://host.docker.internal:11434/api/tags "HTTP/1.1 200 OK"
2025-12-11 20:27:53,004 - INFO - HTTP Request: POST http://host.docker.internal:11434/api/generate "HTTP/1.1 200 OK"
2025-12-11 20:27:53,006 - INFO - HTTP Request: GET http://host.docker.internal:11434/api/tags "HTTP/1.1 200 OK"
2025-12-11 20:28:09,311 - INFO - HTTP Request: POST http://host.docker.internal:11434/api/generate "HTTP/1.1 200 OK"
2025-12-11 20:28:09,313 - INFO - HTTP Request: GET http://host.docker.internal:11434/api/tags "HTTP/1.1 200 OK"
2025-12-11 20:28:31,764 - INFO - HTTP Request: POST http://host.docker.internal:11434/api/generate "HTTP/1.1 200 OK"
2025-12-11 20:28:31,767 - INFO - HTTP Request: GET http://host.docker.internal:11434/api/tags "HTTP/1.1 200 OK"
2025-12-11 20:28:45,699 - INFO - HTTP Request: POST http://host.docker.internal:11434/api/generate "HTTP/1.1 200 OK"
2025-12-11 20:28:45,701 - INFO - HTTP Request: GET http://host.docker.internal:11434/api/tags "HTTP/1.1 200 OK"
2025-12-11 20:29:03,831 - INFO - HTTP Request: POST http://host.docker.internal:11434/api/generate "HTTP/1.1 200 OK"
2025-12-11 20:29:03,833 - INFO - HTTP Request: GET http://host.docker.internal:11434/api/tags "HTTP/1.1 200 OK"
2025-12-11 20:29:30,136 - INFO - HTTP Request: POST http://host.docker.internal:11434/api/generate "HTTP/1.1 200 OK"
2025-12-11 20:29:30,138 - INFO - HTTP Request: GET http://host.docker.internal:11434/api/tags "HTTP/1.1 200 OK"
2025-12-11 20:29:46,948 - INFO - HTTP Request: POST http://host.docker.internal:11434/api/generate "HTTP/1.1 200 OK"
2025-12-11 20:29:46,950 - INFO - HTTP Request: GET http://host.docker.internal:11434/api/tags "HTTP/1.1 200 OK"
2025-12-11 20:30:00,209 - INFO - HTTP Request: POST http://host.docker.internal:11434/api/generate "HTTP/1.1 200 OK"
2025-12-11 20:30:00,211 - INFO - HTTP Request: GET http://host.docker.internal:11434/api/tags "HTTP/1.1 200 OK"
2025-12-11 20:30:14,022 - INFO - HTTP Request: POST http://host.docker.internal:11434/api/generate "HTTP/1.1 200 OK"
2025-12-11 20:30:14,023 - INFO - HTTP Request: GET http://host.docker.internal:11434/api/tags "HTTP/1.1 200 OK"
2025-12-11 20:30:32,141 - INFO - HTTP Request: POST http://host.docker.internal:11434/api/generate "HTTP/1.1 200 OK"
2025-12-11 20:30:32,143 - INFO - HTTP Request: GET http://host.docker.internal:11434/api/tags "HTTP/1.1 200 OK"
2025-12-11 20:30:46,726 - INFO - HTTP Request: POST http://host.docker.internal:11434/api/generate "HTTP/1.1 200 OK"
2025-12-11 20:30:46,728 - INFO - HTTP Request: GET http://host.docker.internal:11434/api/tags "HTTP/1.1 200 OK"
2025-12-11 20:31:00,959 - INFO - HTTP Request: POST http://host.docker.internal:11434/api/generate "HTTP/1.1 200 OK"
2025-12-11 20:31:00,960 - INFO - HTTP Request: GET http://host.docker.internal:11434/api/tags "HTTP/1.1 200 OK"
2025-12-11 20:31:21,730 - INFO - HTTP Request: POST http://host.docker.internal:11434/api/generate "HTTP/1.1 200 OK"
2025-12-11 20:31:21,732 - INFO - HTTP Request: GET http://host.docker.internal:11434/api/tags "HTTP/1.1 200 OK"
2025-12-11 20:31:37,015 - INFO - HTTP Request: POST http://host.docker.internal:11434/api/generate "HTTP/1.1 200 OK"
2025-12-11 20:31:37,017 - INFO - HTTP Request: GET http://host.docker.internal:11434/api/tags "HTTP/1.1 200 OK"
2025-12-11 20:31:51,902 - INFO - HTTP Request: POST http://host.docker.internal:11434/api/generate "HTTP/1.1 200 OK"
2025-12-11 20:31:51,904 - INFO - HTTP Request: GET http://host.docker.internal:11434/api/tags "HTTP/1.1 200 OK"
2025-12-11 20:32:02,986 - INFO - HTTP Request: POST http://host.docker.internal:11434/api/generate "HTTP/1.1 200 OK"
2025-12-11 20:32:02,988 - INFO - HTTP Request: GET http://host.docker.internal:11434/api/tags "HTTP/1.1 200 OK"
2025-12-11 20:32:21,380 - INFO - HTTP Request: POST http://host.docker.internal:11434/api/generate "HTTP/1.1 200 OK"
2025-12-11 20:32:21,382 - INFO - HTTP Request: GET http://host.docker.internal:11434/api/tags "HTTP/1.1 200 OK"
2025-12-11 20:32:33,302 - INFO - HTTP Request: POST http://host.docker.internal:11434/api/generate "HTTP/1.1 200 OK"
2025-12-11 20:32:33,304 - INFO - HTTP Request: GET http://host.docker.internal:11434/api/tags "HTTP/1.1 200 OK"
2025-12-11 20:32:50,673 - INFO - HTTP Request: POST http://host.docker.internal:11434/api/generate "HTTP/1.1 200 OK"
2025-12-11 20:32:50,675 - INFO - HTTP Request: GET http://host.docker.internal:11434/api/tags "HTTP/1.1 200 OK"
2025-12-11 20:33:04,668 - INFO - HTTP Request: POST http://host.docker.internal:11434/api/generate "HTTP/1.1 200 OK"
2025-12-11 20:33:04,670 - INFO - HTTP Request: GET http://host.docker.internal:11434/api/tags "HTTP/1.1 200 OK"
2025-12-11 20:33:21,764 - INFO - HTTP Request: POST http://host.docker.internal:11434/api/generate "HTTP/1.1 200 OK"
2025-12-11 20:33:21,767 - INFO - HTTP Request: GET http://host.docker.internal:11434/api/tags "HTTP/1.1 200 OK"
2025-12-11 20:33:33,870 - INFO - HTTP Request: POST http://host.docker.internal:11434/api/generate "HTTP/1.1 200 OK"
2025-12-11 20:33:33,872 - INFO - HTTP Request: GET http://host.docker.internal:11434/api/tags "HTTP/1.1 200 OK"
2025-12-11 20:33:48,840 - INFO - HTTP Request: POST http://host.docker.internal:11434/api/generate "HTTP/1.1 200 OK"
2025-12-11 20:33:48,842 - INFO - HTTP Request: GET http://host.docker.internal:11434/api/tags "HTTP/1.1 200 OK"
2025-12-11 20:34:08,709 - INFO - HTTP Request: POST http://host.docker.internal:11434/api/generate "HTTP/1.1 200 OK"
2025-12-11 20:34:08,711 - INFO - HTTP Request: GET http://host.docker.internal:11434/api/tags "HTTP/1.1 200 OK"
2025-12-11 20:34:25,375 - INFO - HTTP Request: POST http://host.docker.internal:11434/api/generate "HTTP/1.1 200 OK"
2025-12-11 20:34:25,377 - INFO - HTTP Request: GET http://host.docker.internal:11434/api/tags "HTTP/1.1 200 OK"
2025-12-11 20:34:39,183 - INFO - HTTP Request: POST http://host.docker.internal:11434/api/generate "HTTP/1.1 200 OK"
2025-12-11 20:34:39,185 - INFO - HTTP Request: GET http://host.docker.internal:11434/api/tags "HTTP/1.1 200 OK"
2025-12-11 20:34:58,627 - INFO - HTTP Request: POST http://host.docker.internal:11434/api/generate "HTTP/1.1 200 OK"
2025-12-11 20:34:58,629 - INFO - HTTP Request: GET http://host.docker.internal:11434/api/tags "HTTP/1.1 200 OK"
2025-12-11 20:35:09,832 - INFO - HTTP Request: POST http://host.docker.internal:11434/api/generate "HTTP/1.1 200 OK"
2025-12-11 20:35:09,834 - INFO - HTTP Request: GET http://host.docker.internal:11434/api/tags "HTTP/1.1 200 OK"
2025-12-11 20:35:21,676 - INFO - HTTP Request: POST http://host.docker.internal:11434/api/generate "HTTP/1.1 200 OK"
2025-12-11 20:35:21,678 - INFO - HTTP Request: GET http://host.docker.internal:11434/api/tags "HTTP/1.1 200 OK"
2025-12-11 20:35:36,358 - INFO - HTTP Request: POST http://host.docker.internal:11434/api/generate "HTTP/1.1 200 OK"
2025-12-11 20:35:36,360 - INFO - HTTP Request: GET http://host.docker.internal:11434/api/tags "HTTP/1.1 200 OK"
2025-12-11 20:35:58,902 - INFO - HTTP Request: POST http://host.docker.internal:11434/api/generate "HTTP/1.1 200 OK"
2025-12-11 20:35:58,904 - INFO - HTTP Request: GET http://host.docker.internal:11434/api/tags "HTTP/1.1 200 OK"
2025-12-11 20:36:16,152 - INFO - HTTP Request: POST http://host.docker.internal:11434/api/generate "HTTP/1.1 200 OK"
2025-12-11 20:36:16,154 - INFO - HTTP Request: GET http://host.docker.internal:11434/api/tags "HTTP/1.1 200 OK"
2025-12-11 20:36:27,839 - INFO - HTTP Request: POST http://host.docker.internal:11434/api/generate "HTTP/1.1 200 OK"
2025-12-11 20:36:27,841 - INFO - HTTP Request: GET http://host.docker.internal:11434/api/tags "HTTP/1.1 200 OK"
2025-12-11 20:36:47,047 - INFO - HTTP Request: POST http://host.docker.internal:11434/api/generate "HTTP/1.1 200 OK"
2025-12-11 20:36:47,049 - INFO - HTTP Request: GET http://host.docker.internal:11434/api/tags "HTTP/1.1 200 OK"
2025-12-11 20:37:07,093 - INFO - HTTP Request: POST http://host.docker.internal:11434/api/generate "HTTP/1.1 200 OK"
2025-12-11 20:37:07,095 - INFO - HTTP Request: GET http://host.docker.internal:11434/api/tags "HTTP/1.1 200 OK"
2025-12-11 20:37:18,381 - INFO - HTTP Request: POST http://host.docker.internal:11434/api/generate "HTTP/1.1 200 OK"
2025-12-11 20:37:18,383 - INFO - HTTP Request: GET http://host.docker.internal:11434/api/tags "HTTP/1.1 200 OK"
2025-12-11 20:37:33,420 - INFO - HTTP Request: POST http://host.docker.internal:11434/api/generate "HTTP/1.1 200 OK"
2025-12-11 20:37:33,422 - INFO - HTTP Request: GET http://host.docker.internal:11434/api/tags "HTTP/1.1 200 OK"
2025-12-11 20:37:46,248 - INFO - HTTP Request: POST http://host.docker.internal:11434/api/generate "HTTP/1.1 200 OK"
2025-12-11 20:37:46,250 - INFO - HTTP Request: GET http://host.docker.internal:11434/api/tags "HTTP/1.1 200 OK"
2025-12-11 20:38:07,807 - INFO - HTTP Request: POST http://host.docker.internal:11434/api/generate "HTTP/1.1 200 OK"
2025-12-11 20:38:07,809 - INFO - HTTP Request: GET http://host.docker.internal:11434/api/tags "HTTP/1.1 200 OK"
2025-12-11 20:38:24,589 - INFO - HTTP Request: POST http://host.docker.internal:11434/api/generate "HTTP/1.1 200 OK"
2025-12-11 20:38:24,591 - INFO - HTTP Request: GET http://host.docker.internal:11434/api/tags "HTTP/1.1 200 OK"
2025-12-11 20:38:43,030 - INFO - HTTP Request: POST http://host.docker.internal:11434/api/generate "HTTP/1.1 200 OK"
2025-12-11 20:38:43,032 - INFO - HTTP Request: GET http://host.docker.internal:11434/api/tags "HTTP/1.1 200 OK"
2025-12-11 20:39:06,851 - INFO - HTTP Request: POST http://host.docker.internal:11434/api/generate "HTTP/1.1 200 OK"
2025-12-11 20:39:06,853 - INFO - HTTP Request: GET http://host.docker.internal:11434/api/tags "HTTP/1.1 200 OK"
2025-12-11 20:39:21,497 - INFO - HTTP Request: POST http://host.docker.internal:11434/api/generate "HTTP/1.1 200 OK"
2025-12-11 20:39:21,499 - INFO - HTTP Request: GET http://host.docker.internal:11434/api/tags "HTTP/1.1 200 OK"
2025-12-11 20:39:39,202 - INFO - HTTP Request: POST http://host.docker.internal:11434/api/generate "HTTP/1.1 200 OK"
2025-12-11 20:39:39,204 - INFO - HTTP Request: GET http://host.docker.internal:11434/api/tags "HTTP/1.1 200 OK"
2025-12-11 20:40:03,365 - INFO - HTTP Request: POST http://host.docker.internal:11434/api/generate "HTTP/1.1 200 OK"
2025-12-11 20:40:03,367 - INFO - HTTP Request: GET http://host.docker.internal:11434/api/tags "HTTP/1.1 200 OK"
2025-12-11 20:40:21,558 - INFO - HTTP Request: POST http://host.docker.internal:11434/api/generate "HTTP/1.1 200 OK"
2025-12-11 20:40:21,559 - INFO - HTTP Request: GET http://host.docker.internal:11434/api/tags "HTTP/1.1 200 OK"
2025-12-11 20:40:44,877 - INFO - HTTP Request: POST http://host.docker.internal:11434/api/generate "HTTP/1.1 200 OK"
2025-12-11 20:40:44,879 - INFO - HTTP Request: GET http://host.docker.internal:11434/api/tags "HTTP/1.1 200 OK"
2025-12-11 20:41:06,360 - INFO - HTTP Request: POST http://host.docker.internal:11434/api/generate "HTTP/1.1 200 OK"
2025-12-11 20:41:06,362 - INFO - HTTP Request: GET http://host.docker.internal:11434/api/tags "HTTP/1.1 200 OK"
2025-12-11 20:41:29,932 - INFO - HTTP Request: POST http://host.docker.internal:11434/api/generate "HTTP/1.1 200 OK"
2025-12-11 20:41:29,934 - INFO - HTTP Request: GET http://host.docker.internal:11434/api/tags "HTTP/1.1 200 OK"
2025-12-11 20:41:50,063 - INFO - HTTP Request: POST http://host.docker.internal:11434/api/generate "HTTP/1.1 200 OK"
2025-12-11 20:41:50,065 - INFO - HTTP Request: GET http://host.docker.internal:11434/api/tags "HTTP/1.1 200 OK"
2025-12-11 20:42:08,313 - INFO - HTTP Request: POST http://host.docker.internal:11434/api/generate "HTTP/1.1 200 OK"
2025-12-11 20:42:08,315 - INFO - HTTP Request: GET http://host.docker.internal:11434/api/tags "HTTP/1.1 200 OK"
2025-12-11 20:42:24,419 - INFO - HTTP Request: POST http://host.docker.internal:11434/api/generate "HTTP/1.1 200 OK"
2025-12-11 20:42:24,421 - INFO - HTTP Request: GET http://host.docker.internal:11434/api/tags "HTTP/1.1 200 OK"
2025-12-11 20:42:47,317 - INFO - HTTP Request: POST http://host.docker.internal:11434/api/generate "HTTP/1.1 200 OK"
2025-12-11 20:42:47,319 - INFO - HTTP Request: GET http://host.docker.internal:11434/api/tags "HTTP/1.1 200 OK"
2025-12-11 20:43:12,192 - INFO - HTTP Request: POST http://host.docker.internal:11434/api/generate "HTTP/1.1 200 OK"
2025-12-11 20:43:12,194 - INFO - HTTP Request: GET http://host.docker.internal:11434/api/tags "HTTP/1.1 200 OK"
2025-12-11 20:43:24,925 - INFO - HTTP Request: POST http://host.docker.internal:11434/api/generate "HTTP/1.1 200 OK"
2025-12-11 20:43:24,927 - INFO - HTTP Request: GET http://host.docker.internal:11434/api/tags "HTTP/1.1 200 OK"
2025-12-11 20:43:34,850 - INFO - HTTP Request: POST http://host.docker.internal:11434/api/generate "HTTP/1.1 200 OK"
2025-12-11 20:43:34,852 - INFO - HTTP Request: GET http://host.docker.internal:11434/api/tags "HTTP/1.1 200 OK"
2025-12-11 20:43:56,836 - INFO - HTTP Request: POST http://host.docker.internal:11434/api/generate "HTTP/1.1 200 OK"
2025-12-11 20:43:56,838 - INFO - HTTP Request: GET http://host.docker.internal:11434/api/tags "HTTP/1.1 200 OK"
2025-12-11 20:44:17,752 - INFO - HTTP Request: POST http://host.docker.internal:11434/api/generate "HTTP/1.1 200 OK"
2025-12-11 20:44:17,754 - INFO - HTTP Request: GET http://host.docker.internal:11434/api/tags "HTTP/1.1 200 OK"
2025-12-11 20:44:32,599 - INFO - HTTP Request: POST http://host.docker.internal:11434/api/generate "HTTP/1.1 200 OK"
2025-12-11 20:44:32,601 - INFO - HTTP Request: GET http://host.docker.internal:11434/api/tags "HTTP/1.1 200 OK"
2025-12-11 20:44:50,344 - INFO - HTTP Request: POST http://host.docker.internal:11434/api/generate "HTTP/1.1 200 OK"
2025-12-11 20:44:50,346 - INFO - HTTP Request: GET http://host.docker.internal:11434/api/tags "HTTP/1.1 200 OK"
2025-12-11 20:45:10,749 - INFO - HTTP Request: POST http://host.docker.internal:11434/api/generate "HTTP/1.1 200 OK"
2025-12-11 20:45:10,750 - INFO - HTTP Request: GET http://host.docker.internal:11434/api/tags "HTTP/1.1 200 OK"
2025-12-11 20:45:33,879 - INFO - HTTP Request: POST http://host.docker.internal:11434/api/generate "HTTP/1.1 200 OK"
2025-12-11 20:45:33,881 - INFO - HTTP Request: GET http://host.docker.internal:11434/api/tags "HTTP/1.1 200 OK"
2025-12-11 20:45:57,240 - INFO - HTTP Request: POST http://host.docker.internal:11434/api/generate "HTTP/1.1 200 OK"
2025-12-11 20:45:57,242 - INFO - HTTP Request: GET http://host.docker.internal:11434/api/tags "HTTP/1.1 200 OK"
2025-12-11 20:46:20,417 - INFO - HTTP Request: POST http://host.docker.internal:11434/api/generate "HTTP/1.1 200 OK"
2025-12-11 20:46:20,419 - INFO - HTTP Request: GET http://host.docker.internal:11434/api/tags "HTTP/1.1 200 OK"
2025-12-11 20:46:34,959 - INFO - HTTP Request: POST http://host.docker.internal:11434/api/generate "HTTP/1.1 200 OK"
2025-12-11 20:46:34,961 - INFO - HTTP Request: GET http://host.docker.internal:11434/api/tags "HTTP/1.1 200 OK"
2025-12-11 20:47:00,958 - INFO - HTTP Request: POST http://host.docker.internal:11434/api/generate "HTTP/1.1 200 OK"
2025-12-11 20:47:00,960 - INFO - HTTP Request: GET http://host.docker.internal:11434/api/tags "HTTP/1.1 200 OK"
2025-12-11 20:47:09,761 - INFO - HTTP Request: POST http://host.docker.internal:11434/api/generate "HTTP/1.1 200 OK"
2025-12-11 20:47:09,763 - INFO - HTTP Request: GET http://host.docker.internal:11434/api/tags "HTTP/1.1 200 OK"
2025-12-11 20:47:31,899 - INFO - HTTP Request: POST http://host.docker.internal:11434/api/generate "HTTP/1.1 200 OK"
2025-12-11 20:47:31,901 - INFO - HTTP Request: GET http://host.docker.internal:11434/api/tags "HTTP/1.1 200 OK"
2025-12-11 20:47:48,250 - INFO - HTTP Request: POST http://host.docker.internal:11434/api/generate "HTTP/1.1 200 OK"
2025-12-11 20:47:48,252 - INFO - HTTP Request: GET http://host.docker.internal:11434/api/tags "HTTP/1.1 200 OK"
2025-12-11 20:48:08,782 - INFO - HTTP Request: POST http://host.docker.internal:11434/api/generate "HTTP/1.1 200 OK"
2025-12-11 20:48:08,783 - INFO - HTTP Request: GET http://host.docker.internal:11434/api/tags "HTTP/1.1 200 OK"
2025-12-11 20:48:23,504 - INFO - HTTP Request: POST http://host.docker.internal:11434/api/generate "HTTP/1.1 200 OK"
2025-12-11 20:48:23,507 - INFO - HTTP Request: GET http://host.docker.internal:11434/api/tags "HTTP/1.1 200 OK"
2025-12-11 20:48:35,218 - INFO - HTTP Request: POST http://host.docker.internal:11434/api/generate "HTTP/1.1 200 OK"
2025-12-11 20:48:35,220 - INFO - HTTP Request: GET http://host.docker.internal:11434/api/tags "HTTP/1.1 200 OK"
2025-12-11 20:48:48,475 - INFO - HTTP Request: POST http://host.docker.internal:11434/api/generate "HTTP/1.1 200 OK"
2025-12-11 20:48:48,477 - INFO - HTTP Request: GET http://host.docker.internal:11434/api/tags "HTTP/1.1 200 OK"
2025-12-11 20:49:00,920 - INFO - HTTP Request: POST http://host.docker.internal:11434/api/generate "HTTP/1.1 200 OK"
2025-12-11 20:49:00,922 - INFO - HTTP Request: GET http://host.docker.internal:11434/api/tags "HTTP/1.1 200 OK"
2025-12-11 20:49:16,239 - INFO - HTTP Request: POST http://host.docker.internal:11434/api/generate "HTTP/1.1 200 OK"
2025-12-11 20:49:16,241 - INFO - HTTP Request: GET http://host.docker.internal:11434/api/tags "HTTP/1.1 200 OK"
2025-12-11 20:49:41,343 - INFO - HTTP Request: POST http://host.docker.internal:11434/api/generate "HTTP/1.1 200 OK"
2025-12-11 20:49:41,345 - INFO - HTTP Request: GET http://host.docker.internal:11434/api/tags "HTTP/1.1 200 OK"
2025-12-11 20:49:46,600 - INFO - HTTP Request: POST http://host.docker.internal:11434/api/generate "HTTP/1.1 200 OK"
2025-12-11 20:49:46,602 - INFO - HTTP Request: GET http://host.docker.internal:11434/api/tags "HTTP/1.1 200 OK"
2025-12-11 20:50:10,543 - INFO - HTTP Request: POST http://host.docker.internal:11434/api/generate "HTTP/1.1 200 OK"
2025-12-11 20:50:10,545 - INFO - HTTP Request: GET http://host.docker.internal:11434/api/tags "HTTP/1.1 200 OK"
2025-12-11 20:50:24,990 - INFO - HTTP Request: POST http://host.docker.internal:11434/api/generate "HTTP/1.1 200 OK"
2025-12-11 20:50:24,993 - INFO - HTTP Request: GET http://host.docker.internal:11434/api/tags "HTTP/1.1 200 OK"
2025-12-11 20:50:43,345 - INFO - HTTP Request: POST http://host.docker.internal:11434/api/generate "HTTP/1.1 200 OK"
2025-12-11 20:50:43,347 - INFO - HTTP Request: GET http://host.docker.internal:11434/api/tags "HTTP/1.1 200 OK"
2025-12-11 20:51:07,459 - INFO - HTTP Request: POST http://host.docker.internal:11434/api/generate "HTTP/1.1 200 OK"
2025-12-11 20:51:07,461 - INFO - HTTP Request: GET http://host.docker.internal:11434/api/tags "HTTP/1.1 200 OK"
2025-12-11 20:51:25,608 - INFO - HTTP Request: POST http://host.docker.internal:11434/api/generate "HTTP/1.1 200 OK"
2025-12-11 20:51:25,609 - INFO -   累计文档: 193 条
2025-12-11 20:51:26,613 - INFO - 
处理批次 2: 20 个关键词
2025-12-11 20:53:00,128 - INFO -   原始结果: 300 条
2025-12-11 20:53:00,130 - INFO -   质量过滤后: 146 条
2025-12-11 20:53:00,138 - INFO - HTTP Request: GET http://host.docker.internal:11434/api/tags "HTTP/1.1 200 OK"
2025-12-11 20:53:26,594 - INFO - HTTP Request: POST http://host.docker.internal:11434/api/generate "HTTP/1.1 200 OK"
2025-12-11 20:53:26,596 - INFO - HTTP Request: GET http://host.docker.internal:11434/api/tags "HTTP/1.1 200 OK"
2025-12-11 20:53:44,822 - INFO - HTTP Request: POST http://host.docker.internal:11434/api/generate "HTTP/1.1 200 OK"
2025-12-11 20:53:44,824 - INFO - HTTP Request: GET http://host.docker.internal:11434/api/tags "HTTP/1.1 200 OK"
2025-12-11 20:53:57,363 - INFO - HTTP Request: POST http://host.docker.internal:11434/api/generate "HTTP/1.1 200 OK"
2025-12-11 20:53:57,365 - INFO - HTTP Request: GET http://host.docker.internal:11434/api/tags "HTTP/1.1 200 OK"
2025-12-11 20:54:15,704 - INFO - HTTP Request: POST http://host.docker.internal:11434/api/generate "HTTP/1.1 200 OK"
2025-12-11 20:54:15,706 - INFO - HTTP Request: GET http://host.docker.internal:11434/api/tags "HTTP/1.1 200 OK"
2025-12-11 20:54:32,863 - INFO - HTTP Request: POST http://host.docker.internal:11434/api/generate "HTTP/1.1 200 OK"
2025-12-11 20:54:32,865 - INFO - HTTP Request: GET http://host.docker.internal:11434/api/tags "HTTP/1.1 200 OK"
2025-12-11 20:54:47,484 - INFO - HTTP Request: POST http://host.docker.internal:11434/api/generate "HTTP/1.1 200 OK"
2025-12-11 20:54:47,486 - INFO - HTTP Request: GET http://host.docker.internal:11434/api/tags "HTTP/1.1 200 OK"
2025-12-11 20:54:56,451 - INFO - HTTP Request: POST http://host.docker.internal:11434/api/generate "HTTP/1.1 200 OK"
2025-12-11 20:54:56,453 - INFO - HTTP Request: GET http://host.docker.internal:11434/api/tags "HTTP/1.1 200 OK"
2025-12-11 20:55:15,968 - INFO - HTTP Request: POST http://host.docker.internal:11434/api/generate "HTTP/1.1 200 OK"
2025-12-11 20:55:15,970 - INFO - HTTP Request: GET http://host.docker.internal:11434/api/tags "HTTP/1.1 200 OK"
2025-12-11 20:55:27,876 - INFO - HTTP Request: POST http://host.docker.internal:11434/api/generate "HTTP/1.1 200 OK"
2025-12-11 20:55:27,878 - INFO - HTTP Request: GET http://host.docker.internal:11434/api/tags "HTTP/1.1 200 OK"
2025-12-11 20:55:49,970 - INFO - HTTP Request: POST http://host.docker.internal:11434/api/generate "HTTP/1.1 200 OK"
2025-12-11 20:55:49,972 - INFO - HTTP Request: GET http://host.docker.internal:11434/api/tags "HTTP/1.1 200 OK"
2025-12-11 20:56:02,796 - INFO - HTTP Request: POST http://host.docker.internal:11434/api/generate "HTTP/1.1 200 OK"
2025-12-11 20:56:02,798 - INFO - HTTP Request: GET http://host.docker.internal:11434/api/tags "HTTP/1.1 200 OK"
2025-12-11 20:56:20,174 - INFO - HTTP Request: POST http://host.docker.internal:11434/api/generate "HTTP/1.1 200 OK"
2025-12-11 20:56:20,176 - INFO - HTTP Request: GET http://host.docker.internal:11434/api/tags "HTTP/1.1 200 OK"
2025-12-11 20:56:44,497 - INFO - HTTP Request: POST http://host.docker.internal:11434/api/generate "HTTP/1.1 200 OK"
2025-12-11 20:56:44,499 - INFO - HTTP Request: GET http://host.docker.internal:11434/api/tags "HTTP/1.1 200 OK"
2025-12-11 20:56:59,204 - INFO - HTTP Request: POST http://host.docker.internal:11434/api/generate "HTTP/1.1 200 OK"
2025-12-11 20:56:59,206 - INFO - HTTP Request: GET http://host.docker.internal:11434/api/tags "HTTP/1.1 200 OK"
2025-12-11 20:57:14,831 - INFO - HTTP Request: POST http://host.docker.internal:11434/api/generate "HTTP/1.1 200 OK"
2025-12-11 20:57:14,833 - INFO - HTTP Request: GET http://host.docker.internal:11434/api/tags "HTTP/1.1 200 OK"
2025-12-11 20:57:27,354 - INFO - HTTP Request: POST http://host.docker.internal:11434/api/generate "HTTP/1.1 200 OK"
2025-12-11 20:57:27,356 - INFO - HTTP Request: GET http://host.docker.internal:11434/api/tags "HTTP/1.1 200 OK"
2025-12-11 20:57:31,316 - INFO - HTTP Request: POST http://host.docker.internal:11434/api/generate "HTTP/1.1 200 OK"
2025-12-11 20:57:31,317 - INFO - HTTP Request: GET http://host.docker.internal:11434/api/tags "HTTP/1.1 200 OK"
2025-12-11 20:57:46,756 - INFO - HTTP Request: POST http://host.docker.internal:11434/api/generate "HTTP/1.1 200 OK"
2025-12-11 20:57:46,758 - INFO - HTTP Request: GET http://host.docker.internal:11434/api/tags "HTTP/1.1 200 OK"
2025-12-11 20:57:59,836 - INFO - HTTP Request: POST http://host.docker.internal:11434/api/generate "HTTP/1.1 200 OK"
2025-12-11 20:57:59,838 - INFO - HTTP Request: GET http://host.docker.internal:11434/api/tags "HTTP/1.1 200 OK"
2025-12-11 20:58:15,507 - INFO - HTTP Request: POST http://host.docker.internal:11434/api/generate "HTTP/1.1 200 OK"
2025-12-11 20:58:15,508 - INFO - HTTP Request: GET http://host.docker.internal:11434/api/tags "HTTP/1.1 200 OK"
2025-12-11 20:58:29,422 - INFO - HTTP Request: POST http://host.docker.internal:11434/api/generate "HTTP/1.1 200 OK"
2025-12-11 20:58:29,424 - INFO - HTTP Request: GET http://host.docker.internal:11434/api/tags "HTTP/1.1 200 OK"
2025-12-11 20:58:45,766 - INFO - HTTP Request: POST http://host.docker.internal:11434/api/generate "HTTP/1.1 200 OK"
2025-12-11 20:58:45,768 - INFO - HTTP Request: GET http://host.docker.internal:11434/api/tags "HTTP/1.1 200 OK"
2025-12-11 20:59:08,922 - INFO - HTTP Request: POST http://host.docker.internal:11434/api/generate "HTTP/1.1 200 OK"
2025-12-11 20:59:08,924 - INFO - HTTP Request: GET http://host.docker.internal:11434/api/tags "HTTP/1.1 200 OK"
2025-12-11 20:59:24,786 - INFO - HTTP Request: POST http://host.docker.internal:11434/api/generate "HTTP/1.1 200 OK"
2025-12-11 20:59:24,788 - INFO - HTTP Request: GET http://host.docker.internal:11434/api/tags "HTTP/1.1 200 OK"
2025-12-11 20:59:37,701 - INFO - HTTP Request: POST http://host.docker.internal:11434/api/generate "HTTP/1.1 200 OK"
2025-12-11 20:59:37,703 - INFO - HTTP Request: GET http://host.docker.internal:11434/api/tags "HTTP/1.1 200 OK"
2025-12-11 20:59:58,183 - INFO - HTTP Request: POST http://host.docker.internal:11434/api/generate "HTTP/1.1 200 OK"
2025-12-11 20:59:58,185 - INFO - HTTP Request: GET http://host.docker.internal:11434/api/tags "HTTP/1.1 200 OK"
2025-12-11 21:00:13,708 - INFO - HTTP Request: POST http://host.docker.internal:11434/api/generate "HTTP/1.1 200 OK"
2025-12-11 21:00:13,710 - INFO - HTTP Request: GET http://host.docker.internal:11434/api/tags "HTTP/1.1 200 OK"
2025-12-11 21:00:37,346 - INFO - HTTP Request: POST http://host.docker.internal:11434/api/generate "HTTP/1.1 200 OK"
2025-12-11 21:00:37,348 - INFO - HTTP Request: GET http://host.docker.internal:11434/api/tags "HTTP/1.1 200 OK"
2025-12-11 21:00:55,766 - INFO - HTTP Request: POST http://host.docker.internal:11434/api/generate "HTTP/1.1 200 OK"
2025-12-11 21:00:55,768 - INFO - HTTP Request: GET http://host.docker.internal:11434/api/tags "HTTP/1.1 200 OK"
2025-12-11 21:01:09,548 - INFO - HTTP Request: POST http://host.docker.internal:11434/api/generate "HTTP/1.1 200 OK"
2025-12-11 21:01:09,550 - INFO - HTTP Request: GET http://host.docker.internal:11434/api/tags "HTTP/1.1 200 OK"
2025-12-11 21:01:25,807 - INFO - HTTP Request: POST http://host.docker.internal:11434/api/generate "HTTP/1.1 200 OK"
2025-12-11 21:01:25,810 - INFO - HTTP Request: GET http://host.docker.internal:11434/api/tags "HTTP/1.1 200 OK"
2025-12-11 21:01:47,966 - INFO - HTTP Request: POST http://host.docker.internal:11434/api/generate "HTTP/1.1 200 OK"
2025-12-11 21:01:47,968 - INFO - HTTP Request: GET http://host.docker.internal:11434/api/tags "HTTP/1.1 200 OK"
2025-12-11 21:02:05,837 - INFO - HTTP Request: POST http://host.docker.internal:11434/api/generate "HTTP/1.1 200 OK"
2025-12-11 21:02:05,839 - INFO - HTTP Request: GET http://host.docker.internal:11434/api/tags "HTTP/1.1 200 OK"
2025-12-11 21:02:24,427 - INFO - HTTP Request: POST http://host.docker.internal:11434/api/generate "HTTP/1.1 200 OK"
2025-12-11 21:02:24,429 - INFO - HTTP Request: GET http://host.docker.internal:11434/api/tags "HTTP/1.1 200 OK"
2025-12-11 21:02:56,467 - INFO - HTTP Request: POST http://host.docker.internal:11434/api/generate "HTTP/1.1 200 OK"
2025-12-11 21:02:56,469 - INFO - HTTP Request: GET http://host.docker.internal:11434/api/tags "HTTP/1.1 200 OK"
2025-12-11 21:03:10,918 - INFO - HTTP Request: POST http://host.docker.internal:11434/api/generate "HTTP/1.1 200 OK"
2025-12-11 21:03:10,920 - INFO - HTTP Request: GET http://host.docker.internal:11434/api/tags "HTTP/1.1 200 OK"
2025-12-11 21:03:28,321 - INFO - HTTP Request: POST http://host.docker.internal:11434/api/generate "HTTP/1.1 200 OK"
2025-12-11 21:03:28,323 - INFO - HTTP Request: GET http://host.docker.internal:11434/api/tags "HTTP/1.1 200 OK"
2025-12-11 21:03:52,400 - INFO - HTTP Request: POST http://host.docker.internal:11434/api/generate "HTTP/1.1 200 OK"
2025-12-11 21:03:52,402 - INFO - HTTP Request: GET http://host.docker.internal:11434/api/tags "HTTP/1.1 200 OK"
2025-12-11 21:04:09,329 - INFO - HTTP Request: POST http://host.docker.internal:11434/api/generate "HTTP/1.1 200 OK"
2025-12-11 21:04:09,331 - INFO - HTTP Request: GET http://host.docker.internal:11434/api/tags "HTTP/1.1 200 OK"
2025-12-11 21:04:29,393 - INFO - HTTP Request: POST http://host.docker.internal:11434/api/generate "HTTP/1.1 200 OK"
2025-12-11 21:04:29,396 - INFO - HTTP Request: GET http://host.docker.internal:11434/api/tags "HTTP/1.1 200 OK"
2025-12-11 21:04:56,357 - INFO - HTTP Request: POST http://host.docker.internal:11434/api/generate "HTTP/1.1 200 OK"
2025-12-11 21:04:56,359 - INFO - HTTP Request: GET http://host.docker.internal:11434/api/tags "HTTP/1.1 200 OK"
2025-12-11 21:04:59,585 - INFO - HTTP Request: POST http://host.docker.internal:11434/api/generate "HTTP/1.1 200 OK"
2025-12-11 21:04:59,587 - INFO - HTTP Request: GET http://host.docker.internal:11434/api/tags "HTTP/1.1 200 OK"
2025-12-11 21:05:05,165 - INFO - HTTP Request: POST http://host.docker.internal:11434/api/generate "HTTP/1.1 200 OK"
2025-12-11 21:05:05,166 - INFO - HTTP Request: GET http://host.docker.internal:11434/api/tags "HTTP/1.1 200 OK"
2025-12-11 21:05:21,197 - INFO - HTTP Request: POST http://host.docker.internal:11434/api/generate "HTTP/1.1 200 OK"
2025-12-11 21:05:21,199 - INFO - HTTP Request: GET http://host.docker.internal:11434/api/tags "HTTP/1.1 200 OK"
2025-12-11 21:05:33,875 - INFO - HTTP Request: POST http://host.docker.internal:11434/api/generate "HTTP/1.1 200 OK"
2025-12-11 21:05:33,877 - INFO - HTTP Request: GET http://host.docker.internal:11434/api/tags "HTTP/1.1 200 OK"
2025-12-11 21:05:49,806 - INFO - HTTP Request: POST http://host.docker.internal:11434/api/generate "HTTP/1.1 200 OK"
2025-12-11 21:05:49,808 - INFO - HTTP Request: GET http://host.docker.internal:11434/api/tags "HTTP/1.1 200 OK"
2025-12-11 21:06:06,935 - INFO - HTTP Request: POST http://host.docker.internal:11434/api/generate "HTTP/1.1 200 OK"
2025-12-11 21:06:06,937 - INFO - HTTP Request: GET http://host.docker.internal:11434/api/tags "HTTP/1.1 200 OK"
2025-12-11 21:06:25,361 - INFO - HTTP Request: POST http://host.docker.internal:11434/api/generate "HTTP/1.1 200 OK"
2025-12-11 21:06:25,363 - INFO - HTTP Request: GET http://host.docker.internal:11434/api/tags "HTTP/1.1 200 OK"
2025-12-11 21:06:40,745 - INFO - HTTP Request: POST http://host.docker.internal:11434/api/generate "HTTP/1.1 200 OK"
2025-12-11 21:06:40,746 - INFO - HTTP Request: GET http://host.docker.internal:11434/api/tags "HTTP/1.1 200 OK"
2025-12-11 21:06:56,379 - INFO - HTTP Request: POST http://host.docker.internal:11434/api/generate "HTTP/1.1 200 OK"
2025-12-11 21:06:56,381 - INFO - HTTP Request: GET http://host.docker.internal:11434/api/tags "HTTP/1.1 200 OK"
2025-12-11 21:07:10,848 - INFO - HTTP Request: POST http://host.docker.internal:11434/api/generate "HTTP/1.1 200 OK"
2025-12-11 21:07:10,850 - INFO - HTTP Request: GET http://host.docker.internal:11434/api/tags "HTTP/1.1 200 OK"
2025-12-11 21:07:26,322 - INFO - HTTP Request: POST http://host.docker.internal:11434/api/generate "HTTP/1.1 200 OK"
2025-12-11 21:07:26,324 - INFO - HTTP Request: GET http://host.docker.internal:11434/api/tags "HTTP/1.1 200 OK"
2025-12-11 21:07:51,851 - INFO - HTTP Request: POST http://host.docker.internal:11434/api/generate "HTTP/1.1 200 OK"
2025-12-11 21:07:51,853 - INFO - HTTP Request: GET http://host.docker.internal:11434/api/tags "HTTP/1.1 200 OK"
2025-12-11 21:08:13,636 - INFO - HTTP Request: POST http://host.docker.internal:11434/api/generate "HTTP/1.1 200 OK"
2025-12-11 21:08:13,638 - INFO - HTTP Request: GET http://host.docker.internal:11434/api/tags "HTTP/1.1 200 OK"
2025-12-11 21:08:23,838 - INFO - HTTP Request: POST http://host.docker.internal:11434/api/generate "HTTP/1.1 200 OK"
2025-12-11 21:08:23,841 - INFO - HTTP Request: GET http://host.docker.internal:11434/api/tags "HTTP/1.1 200 OK"
2025-12-11 21:08:37,487 - INFO - HTTP Request: POST http://host.docker.internal:11434/api/generate "HTTP/1.1 200 OK"
2025-12-11 21:08:37,489 - INFO - HTTP Request: GET http://host.docker.internal:11434/api/tags "HTTP/1.1 200 OK"
2025-12-11 21:08:50,196 - INFO - HTTP Request: POST http://host.docker.internal:11434/api/generate "HTTP/1.1 200 OK"
2025-12-11 21:08:50,198 - INFO - HTTP Request: GET http://host.docker.internal:11434/api/tags "HTTP/1.1 200 OK"
2025-12-11 21:09:02,919 - INFO - HTTP Request: POST http://host.docker.internal:11434/api/generate "HTTP/1.1 200 OK"
2025-12-11 21:09:02,922 - INFO - HTTP Request: GET http://host.docker.internal:11434/api/tags "HTTP/1.1 200 OK"
2025-12-11 21:09:25,262 - INFO - HTTP Request: POST http://host.docker.internal:11434/api/generate "HTTP/1.1 200 OK"
2025-12-11 21:09:25,264 - INFO - HTTP Request: GET http://host.docker.internal:11434/api/tags "HTTP/1.1 200 OK"
2025-12-11 21:09:52,825 - INFO - HTTP Request: POST http://host.docker.internal:11434/api/generate "HTTP/1.1 200 OK"
2025-12-11 21:09:52,827 - INFO - HTTP Request: GET http://host.docker.internal:11434/api/tags "HTTP/1.1 200 OK"
2025-12-11 21:10:10,290 - INFO - HTTP Request: POST http://host.docker.internal:11434/api/generate "HTTP/1.1 200 OK"
2025-12-11 21:10:10,292 - INFO - HTTP Request: GET http://host.docker.internal:11434/api/tags "HTTP/1.1 200 OK"
2025-12-11 21:10:28,458 - INFO - HTTP Request: POST http://host.docker.internal:11434/api/generate "HTTP/1.1 200 OK"
2025-12-11 21:10:28,460 - INFO - HTTP Request: GET http://host.docker.internal:11434/api/tags "HTTP/1.1 200 OK"
2025-12-11 21:10:41,499 - INFO - HTTP Request: POST http://host.docker.internal:11434/api/generate "HTTP/1.1 200 OK"
2025-12-11 21:10:41,501 - INFO - HTTP Request: GET http://host.docker.internal:11434/api/tags "HTTP/1.1 200 OK"
2025-12-11 21:10:55,388 - INFO - HTTP Request: POST http://host.docker.internal:11434/api/generate "HTTP/1.1 200 OK"
2025-12-11 21:10:55,390 - INFO - HTTP Request: GET http://host.docker.internal:11434/api/tags "HTTP/1.1 200 OK"
2025-12-11 21:11:11,864 - INFO - HTTP Request: POST http://host.docker.internal:11434/api/generate "HTTP/1.1 200 OK"
2025-12-11 21:11:11,866 - INFO - HTTP Request: GET http://host.docker.internal:11434/api/tags "HTTP/1.1 200 OK"
2025-12-11 21:11:28,811 - INFO - HTTP Request: POST http://host.docker.internal:11434/api/generate "HTTP/1.1 200 OK"
2025-12-11 21:11:28,814 - INFO - HTTP Request: GET http://host.docker.internal:11434/api/tags "HTTP/1.1 200 OK"
2025-12-11 21:11:54,733 - INFO - HTTP Request: POST http://host.docker.internal:11434/api/generate "HTTP/1.1 200 OK"
2025-12-11 21:11:54,735 - INFO - HTTP Request: GET http://host.docker.internal:11434/api/tags "HTTP/1.1 200 OK"
2025-12-11 21:12:20,186 - INFO - HTTP Request: POST http://host.docker.internal:11434/api/generate "HTTP/1.1 200 OK"
2025-12-11 21:12:20,188 - INFO - HTTP Request: GET http://host.docker.internal:11434/api/tags "HTTP/1.1 200 OK"
2025-12-11 21:12:33,683 - INFO - HTTP Request: POST http://host.docker.internal:11434/api/generate "HTTP/1.1 200 OK"
2025-12-11 21:12:33,685 - INFO - HTTP Request: GET http://host.docker.internal:11434/api/tags "HTTP/1.1 200 OK"
2025-12-11 21:12:54,424 - INFO - HTTP Request: POST http://host.docker.internal:11434/api/generate "HTTP/1.1 200 OK"
2025-12-11 21:12:54,426 - INFO - HTTP Request: GET http://host.docker.internal:11434/api/tags "HTTP/1.1 200 OK"
2025-12-11 21:13:05,849 - INFO - HTTP Request: POST http://host.docker.internal:11434/api/generate "HTTP/1.1 200 OK"
2025-12-11 21:13:05,851 - INFO - HTTP Request: GET http://host.docker.internal:11434/api/tags "HTTP/1.1 200 OK"
2025-12-11 21:13:23,737 - INFO - HTTP Request: POST http://host.docker.internal:11434/api/generate "HTTP/1.1 200 OK"
2025-12-11 21:13:23,739 - INFO - HTTP Request: GET http://host.docker.internal:11434/api/tags "HTTP/1.1 200 OK"
2025-12-11 21:13:43,395 - INFO - HTTP Request: POST http://host.docker.internal:11434/api/generate "HTTP/1.1 200 OK"
2025-12-11 21:13:43,397 - INFO - HTTP Request: GET http://host.docker.internal:11434/api/tags "HTTP/1.1 200 OK"
2025-12-11 21:14:10,593 - INFO - HTTP Request: POST http://host.docker.internal:11434/api/generate "HTTP/1.1 200 OK"
2025-12-11 21:14:10,595 - INFO - HTTP Request: GET http://host.docker.internal:11434/api/tags "HTTP/1.1 200 OK"
2025-12-11 21:14:28,503 - INFO - HTTP Request: POST http://host.docker.internal:11434/api/generate "HTTP/1.1 200 OK"
2025-12-11 21:14:28,505 - INFO - HTTP Request: GET http://host.docker.internal:11434/api/tags "HTTP/1.1 200 OK"
2025-12-11 21:14:46,139 - INFO - HTTP Request: POST http://host.docker.internal:11434/api/generate "HTTP/1.1 200 OK"
2025-12-11 21:14:46,142 - INFO - HTTP Request: GET http://host.docker.internal:11434/api/tags "HTTP/1.1 200 OK"
2025-12-11 21:15:05,335 - INFO - HTTP Request: POST http://host.docker.internal:11434/api/generate "HTTP/1.1 200 OK"
2025-12-11 21:15:05,337 - INFO - HTTP Request: GET http://host.docker.internal:11434/api/tags "HTTP/1.1 200 OK"
2025-12-11 21:15:28,587 - INFO - HTTP Request: POST http://host.docker.internal:11434/api/generate "HTTP/1.1 200 OK"
2025-12-11 21:15:28,589 - INFO - HTTP Request: GET http://host.docker.internal:11434/api/tags "HTTP/1.1 200 OK"
2025-12-11 21:15:39,341 - INFO - HTTP Request: POST http://host.docker.internal:11434/api/generate "HTTP/1.1 200 OK"
2025-12-11 21:15:39,343 - INFO - HTTP Request: GET http://host.docker.internal:11434/api/tags "HTTP/1.1 200 OK"
2025-12-11 21:15:54,429 - INFO - HTTP Request: POST http://host.docker.internal:11434/api/generate "HTTP/1.1 200 OK"
2025-12-11 21:15:54,431 - INFO - HTTP Request: GET http://host.docker.internal:11434/api/tags "HTTP/1.1 200 OK"
2025-12-11 21:16:13,529 - INFO - HTTP Request: POST http://host.docker.internal:11434/api/generate "HTTP/1.1 200 OK"
2025-12-11 21:16:13,531 - INFO - HTTP Request: GET http://host.docker.internal:11434/api/tags "HTTP/1.1 200 OK"
2025-12-11 21:16:35,604 - INFO - HTTP Request: POST http://host.docker.internal:11434/api/generate "HTTP/1.1 200 OK"
2025-12-11 21:16:35,606 - INFO - HTTP Request: GET http://host.docker.internal:11434/api/tags "HTTP/1.1 200 OK"
2025-12-11 21:16:51,899 - INFO - HTTP Request: POST http://host.docker.internal:11434/api/generate "HTTP/1.1 200 OK"
2025-12-11 21:16:51,901 - INFO - HTTP Request: GET http://host.docker.internal:11434/api/tags "HTTP/1.1 200 OK"
2025-12-11 21:16:56,274 - INFO - HTTP Request: POST http://host.docker.internal:11434/api/generate "HTTP/1.1 200 OK"
2025-12-11 21:16:56,275 - INFO - HTTP Request: GET http://host.docker.internal:11434/api/tags "HTTP/1.1 200 OK"
2025-12-11 21:17:01,670 - INFO - HTTP Request: POST http://host.docker.internal:11434/api/generate "HTTP/1.1 200 OK"
2025-12-11 21:17:01,673 - INFO - HTTP Request: GET http://host.docker.internal:11434/api/tags "HTTP/1.1 200 OK"
2025-12-11 21:17:18,479 - INFO - HTTP Request: POST http://host.docker.internal:11434/api/generate "HTTP/1.1 200 OK"
2025-12-11 21:17:18,481 - INFO - HTTP Request: GET http://host.docker.internal:11434/api/tags "HTTP/1.1 200 OK"
2025-12-11 21:17:38,200 - INFO - HTTP Request: POST http://host.docker.internal:11434/api/generate "HTTP/1.1 200 OK"
2025-12-11 21:17:38,202 - INFO - HTTP Request: GET http://host.docker.internal:11434/api/tags "HTTP/1.1 200 OK"
2025-12-11 21:18:04,567 - INFO - HTTP Request: POST http://host.docker.internal:11434/api/generate "HTTP/1.1 200 OK"
2025-12-11 21:18:04,569 - INFO - HTTP Request: GET http://host.docker.internal:11434/api/tags "HTTP/1.1 200 OK"
2025-12-11 21:18:20,202 - INFO - HTTP Request: POST http://host.docker.internal:11434/api/generate "HTTP/1.1 200 OK"
2025-12-11 21:18:20,204 - INFO - HTTP Request: GET http://host.docker.internal:11434/api/tags "HTTP/1.1 200 OK"
2025-12-11 21:18:32,066 - INFO - HTTP Request: POST http://host.docker.internal:11434/api/generate "HTTP/1.1 200 OK"
2025-12-11 21:18:32,068 - INFO - HTTP Request: GET http://host.docker.internal:11434/api/tags "HTTP/1.1 200 OK"
2025-12-11 21:18:42,836 - INFO - HTTP Request: POST http://host.docker.internal:11434/api/generate "HTTP/1.1 200 OK"
2025-12-11 21:18:42,838 - INFO - HTTP Request: GET http://host.docker.internal:11434/api/tags "HTTP/1.1 200 OK"
2025-12-11 21:18:51,310 - INFO - HTTP Request: POST http://host.docker.internal:11434/api/generate "HTTP/1.1 200 OK"
2025-12-11 21:18:51,312 - INFO - HTTP Request: GET http://host.docker.internal:11434/api/tags "HTTP/1.1 200 OK"
2025-12-11 21:19:11,399 - INFO - HTTP Request: POST http://host.docker.internal:11434/api/generate "HTTP/1.1 200 OK"
2025-12-11 21:19:11,401 - INFO - HTTP Request: GET http://host.docker.internal:11434/api/tags "HTTP/1.1 200 OK"
2025-12-11 21:19:24,986 - INFO - HTTP Request: POST http://host.docker.internal:11434/api/generate "HTTP/1.1 200 OK"
2025-12-11 21:19:24,988 - INFO - HTTP Request: GET http://host.docker.internal:11434/api/tags "HTTP/1.1 200 OK"
2025-12-11 21:19:51,226 - INFO - HTTP Request: POST http://host.docker.internal:11434/api/generate "HTTP/1.1 200 OK"
2025-12-11 21:19:51,228 - INFO - HTTP Request: GET http://host.docker.internal:11434/api/tags "HTTP/1.1 200 OK"
2025-12-11 21:20:14,509 - INFO - HTTP Request: POST http://host.docker.internal:11434/api/generate "HTTP/1.1 200 OK"
2025-12-11 21:20:14,511 - INFO - HTTP Request: GET http://host.docker.internal:11434/api/tags "HTTP/1.1 200 OK"
2025-12-11 21:20:31,009 - INFO - HTTP Request: POST http://host.docker.internal:11434/api/generate "HTTP/1.1 200 OK"
2025-12-11 21:20:31,011 - INFO - HTTP Request: GET http://host.docker.internal:11434/api/tags "HTTP/1.1 200 OK"
2025-12-11 21:20:46,706 - INFO - HTTP Request: POST http://host.docker.internal:11434/api/generate "HTTP/1.1 200 OK"
2025-12-11 21:20:46,708 - INFO - HTTP Request: GET http://host.docker.internal:11434/api/tags "HTTP/1.1 200 OK"
2025-12-11 21:20:58,872 - INFO - HTTP Request: POST http://host.docker.internal:11434/api/generate "HTTP/1.1 200 OK"
2025-12-11 21:20:58,874 - INFO - HTTP Request: GET http://host.docker.internal:11434/api/tags "HTTP/1.1 200 OK"
2025-12-11 21:21:17,152 - INFO - HTTP Request: POST http://host.docker.internal:11434/api/generate "HTTP/1.1 200 OK"
2025-12-11 21:21:17,154 - INFO - HTTP Request: GET http://host.docker.internal:11434/api/tags "HTTP/1.1 200 OK"
2025-12-11 21:21:31,363 - INFO - HTTP Request: POST http://host.docker.internal:11434/api/generate "HTTP/1.1 200 OK"
2025-12-11 21:21:31,365 - INFO - HTTP Request: GET http://host.docker.internal:11434/api/tags "HTTP/1.1 200 OK"
2025-12-11 21:21:47,190 - INFO - HTTP Request: POST http://host.docker.internal:11434/api/generate "HTTP/1.1 200 OK"
2025-12-11 21:21:47,192 - INFO - HTTP Request: GET http://host.docker.internal:11434/api/tags "HTTP/1.1 200 OK"
2025-12-11 21:22:04,516 - INFO - HTTP Request: POST http://host.docker.internal:11434/api/generate "HTTP/1.1 200 OK"
2025-12-11 21:22:04,518 - INFO - HTTP Request: GET http://host.docker.internal:11434/api/tags "HTTP/1.1 200 OK"
2025-12-11 21:22:34,089 - INFO - HTTP Request: POST http://host.docker.internal:11434/api/generate "HTTP/1.1 200 OK"
2025-12-11 21:22:34,091 - INFO - HTTP Request: GET http://host.docker.internal:11434/api/tags "HTTP/1.1 200 OK"
2025-12-11 21:22:46,593 - INFO - HTTP Request: POST http://host.docker.internal:11434/api/generate "HTTP/1.1 200 OK"
2025-12-11 21:22:46,595 - INFO - HTTP Request: GET http://host.docker.internal:11434/api/tags "HTTP/1.1 200 OK"
2025-12-11 21:23:12,708 - INFO - HTTP Request: POST http://host.docker.internal:11434/api/generate "HTTP/1.1 200 OK"
2025-12-11 21:23:12,710 - INFO - HTTP Request: GET http://host.docker.internal:11434/api/tags "HTTP/1.1 200 OK"
2025-12-11 21:23:30,438 - INFO - HTTP Request: POST http://host.docker.internal:11434/api/generate "HTTP/1.1 200 OK"
2025-12-11 21:23:30,439 - INFO - HTTP Request: GET http://host.docker.internal:11434/api/tags "HTTP/1.1 200 OK"
2025-12-11 21:23:44,488 - INFO - HTTP Request: POST http://host.docker.internal:11434/api/generate "HTTP/1.1 200 OK"
2025-12-11 21:23:44,490 - INFO - HTTP Request: GET http://host.docker.internal:11434/api/tags "HTTP/1.1 200 OK"
2025-12-11 21:23:58,080 - INFO - HTTP Request: POST http://host.docker.internal:11434/api/generate "HTTP/1.1 200 OK"
2025-12-11 21:23:58,082 - INFO - HTTP Request: GET http://host.docker.internal:11434/api/tags "HTTP/1.1 200 OK"
2025-12-11 21:24:18,584 - INFO - HTTP Request: POST http://host.docker.internal:11434/api/generate "HTTP/1.1 200 OK"
2025-12-11 21:24:18,586 - INFO - HTTP Request: GET http://host.docker.internal:11434/api/tags "HTTP/1.1 200 OK"
2025-12-11 21:24:33,828 - INFO - HTTP Request: POST http://host.docker.internal:11434/api/generate "HTTP/1.1 200 OK"
2025-12-11 21:24:33,830 - INFO - HTTP Request: GET http://host.docker.internal:11434/api/tags "HTTP/1.1 200 OK"
2025-12-11 21:24:47,105 - INFO - HTTP Request: POST http://host.docker.internal:11434/api/generate "HTTP/1.1 200 OK"
2025-12-11 21:24:47,107 - INFO - HTTP Request: GET http://host.docker.internal:11434/api/tags "HTTP/1.1 200 OK"
2025-12-11 21:25:07,770 - INFO - HTTP Request: POST http://host.docker.internal:11434/api/generate "HTTP/1.1 200 OK"
2025-12-11 21:25:07,772 - INFO - HTTP Request: GET http://host.docker.internal:11434/api/tags "HTTP/1.1 200 OK"
2025-12-11 21:25:16,607 - INFO - HTTP Request: POST http://host.docker.internal:11434/api/generate "HTTP/1.1 200 OK"
2025-12-11 21:25:16,609 - INFO - HTTP Request: GET http://host.docker.internal:11434/api/tags "HTTP/1.1 200 OK"
2025-12-11 21:25:42,584 - INFO - HTTP Request: POST http://host.docker.internal:11434/api/generate "HTTP/1.1 200 OK"
2025-12-11 21:25:42,586 - INFO - HTTP Request: GET http://host.docker.internal:11434/api/tags "HTTP/1.1 200 OK"
2025-12-11 21:26:09,805 - INFO - HTTP Request: POST http://host.docker.internal:11434/api/generate "HTTP/1.1 200 OK"
2025-12-11 21:26:09,807 - INFO - HTTP Request: GET http://host.docker.internal:11434/api/tags "HTTP/1.1 200 OK"
2025-12-11 21:26:23,769 - INFO - HTTP Request: POST http://host.docker.internal:11434/api/generate "HTTP/1.1 200 OK"
2025-12-11 21:26:23,771 - INFO - HTTP Request: GET http://host.docker.internal:11434/api/tags "HTTP/1.1 200 OK"
2025-12-11 21:26:46,899 - INFO - HTTP Request: POST http://host.docker.internal:11434/api/generate "HTTP/1.1 200 OK"
2025-12-11 21:26:46,901 - INFO - HTTP Request: GET http://host.docker.internal:11434/api/tags "HTTP/1.1 200 OK"
2025-12-11 21:27:03,016 - INFO - HTTP Request: POST http://host.docker.internal:11434/api/generate "HTTP/1.1 200 OK"
2025-12-11 21:27:03,018 - INFO - HTTP Request: GET http://host.docker.internal:11434/api/tags "HTTP/1.1 200 OK"
2025-12-11 21:27:22,354 - INFO - HTTP Request: POST http://host.docker.internal:11434/api/generate "HTTP/1.1 200 OK"
2025-12-11 21:27:22,356 - INFO - HTTP Request: GET http://host.docker.internal:11434/api/tags "HTTP/1.1 200 OK"
2025-12-11 21:27:33,971 - INFO - HTTP Request: POST http://host.docker.internal:11434/api/generate "HTTP/1.1 200 OK"
2025-12-11 21:27:33,973 - INFO - HTTP Request: GET http://host.docker.internal:11434/api/tags "HTTP/1.1 200 OK"
2025-12-11 21:27:55,623 - INFO - HTTP Request: POST http://host.docker.internal:11434/api/generate "HTTP/1.1 200 OK"
2025-12-11 21:27:55,625 - INFO - HTTP Request: GET http://host.docker.internal:11434/api/tags "HTTP/1.1 200 OK"
2025-12-11 21:28:24,998 - INFO - HTTP Request: POST http://host.docker.internal:11434/api/generate "HTTP/1.1 200 OK"
2025-12-11 21:28:25,000 - INFO - HTTP Request: GET http://host.docker.internal:11434/api/tags "HTTP/1.1 200 OK"
2025-12-11 21:28:41,623 - INFO - HTTP Request: POST http://host.docker.internal:11434/api/generate "HTTP/1.1 200 OK"
2025-12-11 21:28:41,625 - INFO - HTTP Request: GET http://host.docker.internal:11434/api/tags "HTTP/1.1 200 OK"
2025-12-11 21:29:02,028 - INFO - HTTP Request: POST http://host.docker.internal:11434/api/generate "HTTP/1.1 200 OK"
2025-12-11 21:29:02,030 - INFO - HTTP Request: GET http://host.docker.internal:11434/api/tags "HTTP/1.1 200 OK"
2025-12-11 21:29:13,905 - INFO - HTTP Request: POST http://host.docker.internal:11434/api/generate "HTTP/1.1 200 OK"
2025-12-11 21:29:13,907 - INFO - HTTP Request: GET http://host.docker.internal:11434/api/tags "HTTP/1.1 200 OK"
2025-12-11 21:29:30,142 - INFO - HTTP Request: POST http://host.docker.internal:11434/api/generate "HTTP/1.1 200 OK"
2025-12-11 21:29:30,145 - INFO - HTTP Request: GET http://host.docker.internal:11434/api/tags "HTTP/1.1 200 OK"
2025-12-11 21:29:47,116 - INFO - HTTP Request: POST http://host.docker.internal:11434/api/generate "HTTP/1.1 200 OK"
2025-12-11 21:29:47,117 - INFO - HTTP Request: GET http://host.docker.internal:11434/api/tags "HTTP/1.1 200 OK"
2025-12-11 21:29:57,855 - INFO - HTTP Request: POST http://host.docker.internal:11434/api/generate "HTTP/1.1 200 OK"
2025-12-11 21:29:57,857 - INFO - HTTP Request: GET http://host.docker.internal:11434/api/tags "HTTP/1.1 200 OK"
2025-12-11 21:30:14,627 - INFO - HTTP Request: POST http://host.docker.internal:11434/api/generate "HTTP/1.1 200 OK"
2025-12-11 21:30:14,629 - INFO - HTTP Request: GET http://host.docker.internal:11434/api/tags "HTTP/1.1 200 OK"
2025-12-11 21:30:43,782 - INFO - HTTP Request: POST http://host.docker.internal:11434/api/generate "HTTP/1.1 200 OK"
2025-12-11 21:30:43,784 - INFO - HTTP Request: GET http://host.docker.internal:11434/api/tags "HTTP/1.1 200 OK"
2025-12-11 21:30:56,410 - INFO - HTTP Request: POST http://host.docker.internal:11434/api/generate "HTTP/1.1 200 OK"
2025-12-11 21:30:56,412 - INFO - HTTP Request: GET http://host.docker.internal:11434/api/tags "HTTP/1.1 200 OK"
2025-12-11 21:31:20,610 - INFO - HTTP Request: POST http://host.docker.internal:11434/api/generate "HTTP/1.1 200 OK"
2025-12-11 21:31:20,612 - INFO - HTTP Request: GET http://host.docker.internal:11434/api/tags "HTTP/1.1 200 OK"
2025-12-11 21:31:38,455 - INFO - HTTP Request: POST http://host.docker.internal:11434/api/generate "HTTP/1.1 200 OK"
2025-12-11 21:31:38,458 - INFO - HTTP Request: GET http://host.docker.internal:11434/api/tags "HTTP/1.1 200 OK"
2025-12-11 21:32:05,822 - INFO - HTTP Request: POST http://host.docker.internal:11434/api/generate "HTTP/1.1 200 OK"
2025-12-11 21:32:05,824 - INFO - HTTP Request: GET http://host.docker.internal:11434/api/tags "HTTP/1.1 200 OK"
2025-12-11 21:32:23,697 - INFO - HTTP Request: POST http://host.docker.internal:11434/api/generate "HTTP/1.1 200 OK"
2025-12-11 21:32:23,699 - INFO - HTTP Request: GET http://host.docker.internal:11434/api/tags "HTTP/1.1 200 OK"
2025-12-11 21:32:42,795 - INFO - HTTP Request: POST http://host.docker.internal:11434/api/generate "HTTP/1.1 200 OK"
2025-12-11 21:32:42,797 - INFO - HTTP Request: GET http://host.docker.internal:11434/api/tags "HTTP/1.1 200 OK"
2025-12-11 21:33:02,669 - INFO - HTTP Request: POST http://host.docker.internal:11434/api/generate "HTTP/1.1 200 OK"
2025-12-11 21:33:02,671 - INFO - HTTP Request: GET http://host.docker.internal:11434/api/tags "HTTP/1.1 200 OK"
2025-12-11 21:33:19,017 - INFO - HTTP Request: POST http://host.docker.internal:11434/api/generate "HTTP/1.1 200 OK"
2025-12-11 21:33:19,019 - INFO - HTTP Request: GET http://host.docker.internal:11434/api/tags "HTTP/1.1 200 OK"
2025-12-11 21:33:35,022 - INFO - HTTP Request: POST http://host.docker.internal:11434/api/generate "HTTP/1.1 200 OK"
2025-12-11 21:33:35,024 - INFO - HTTP Request: GET http://host.docker.internal:11434/api/tags "HTTP/1.1 200 OK"
2025-12-11 21:33:54,122 - INFO - HTTP Request: POST http://host.docker.internal:11434/api/generate "HTTP/1.1 200 OK"
2025-12-11 21:33:54,124 - INFO - HTTP Request: GET http://host.docker.internal:11434/api/tags "HTTP/1.1 200 OK"
2025-12-11 21:34:08,714 - INFO - HTTP Request: POST http://host.docker.internal:11434/api/generate "HTTP/1.1 200 OK"
2025-12-11 21:34:08,716 - INFO - HTTP Request: GET http://host.docker.internal:11434/api/tags "HTTP/1.1 200 OK"
2025-12-11 21:34:25,866 - INFO - HTTP Request: POST http://host.docker.internal:11434/api/generate "HTTP/1.1 200 OK"
2025-12-11 21:34:25,868 - INFO - HTTP Request: GET http://host.docker.internal:11434/api/tags "HTTP/1.1 200 OK"
2025-12-11 21:34:43,886 - INFO - HTTP Request: POST http://host.docker.internal:11434/api/generate "HTTP/1.1 200 OK"
2025-12-11 21:34:43,888 - INFO - HTTP Request: GET http://host.docker.internal:11434/api/tags "HTTP/1.1 200 OK"
2025-12-11 21:35:02,814 - INFO - HTTP Request: POST http://host.docker.internal:11434/api/generate "HTTP/1.1 200 OK"
2025-12-11 21:35:02,816 - INFO - HTTP Request: GET http://host.docker.internal:11434/api/tags "HTTP/1.1 200 OK"
2025-12-11 21:35:14,789 - INFO - HTTP Request: POST http://host.docker.internal:11434/api/generate "HTTP/1.1 200 OK"
2025-12-11 21:35:14,790 - INFO -   累计文档: 339 条
2025-12-11 21:35:15,791 - INFO - 
处理批次 3: 20 个关键词
2025-12-11 21:36:32,978 - INFO -   原始结果: 300 条
2025-12-11 21:36:32,981 - INFO -   质量过滤后: 143 条
2025-12-11 21:36:32,988 - INFO - HTTP Request: GET http://host.docker.internal:11434/api/tags "HTTP/1.1 200 OK"
2025-12-11 21:36:49,773 - INFO - HTTP Request: POST http://host.docker.internal:11434/api/generate "HTTP/1.1 200 OK"
2025-12-11 21:36:49,775 - INFO - HTTP Request: GET http://host.docker.internal:11434/api/tags "HTTP/1.1 200 OK"
2025-12-11 21:37:00,230 - INFO - HTTP Request: POST http://host.docker.internal:11434/api/generate "HTTP/1.1 200 OK"
2025-12-11 21:37:00,232 - INFO - HTTP Request: GET http://host.docker.internal:11434/api/tags "HTTP/1.1 200 OK"
2025-12-11 21:37:13,894 - INFO - HTTP Request: POST http://host.docker.internal:11434/api/generate "HTTP/1.1 200 OK"
2025-12-11 21:37:13,896 - INFO - HTTP Request: GET http://host.docker.internal:11434/api/tags "HTTP/1.1 200 OK"
2025-12-11 21:37:32,081 - INFO - HTTP Request: POST http://host.docker.internal:11434/api/generate "HTTP/1.1 200 OK"
2025-12-11 21:37:32,083 - INFO - HTTP Request: GET http://host.docker.internal:11434/api/tags "HTTP/1.1 200 OK"
2025-12-11 21:37:45,551 - INFO - HTTP Request: POST http://host.docker.internal:11434/api/generate "HTTP/1.1 200 OK"
2025-12-11 21:37:45,553 - INFO - HTTP Request: GET http://host.docker.internal:11434/api/tags "HTTP/1.1 200 OK"
2025-12-11 21:37:57,075 - INFO - HTTP Request: POST http://host.docker.internal:11434/api/generate "HTTP/1.1 200 OK"
2025-12-11 21:37:57,077 - INFO - HTTP Request: GET http://host.docker.internal:11434/api/tags "HTTP/1.1 200 OK"
2025-12-11 21:38:23,678 - INFO - HTTP Request: POST http://host.docker.internal:11434/api/generate "HTTP/1.1 200 OK"
2025-12-11 21:38:23,680 - INFO - HTTP Request: GET http://host.docker.internal:11434/api/tags "HTTP/1.1 200 OK"
2025-12-11 21:38:37,308 - INFO - HTTP Request: POST http://host.docker.internal:11434/api/generate "HTTP/1.1 200 OK"
2025-12-11 21:38:37,310 - INFO - HTTP Request: GET http://host.docker.internal:11434/api/tags "HTTP/1.1 200 OK"
2025-12-11 21:38:52,331 - INFO - HTTP Request: POST http://host.docker.internal:11434/api/generate "HTTP/1.1 200 OK"
2025-12-11 21:38:52,333 - INFO - HTTP Request: GET http://host.docker.internal:11434/api/tags "HTTP/1.1 200 OK"
2025-12-11 21:39:04,630 - INFO - HTTP Request: POST http://host.docker.internal:11434/api/generate "HTTP/1.1 200 OK"
2025-12-11 21:39:04,632 - INFO - HTTP Request: GET http://host.docker.internal:11434/api/tags "HTTP/1.1 200 OK"
2025-12-11 21:39:15,986 - INFO - HTTP Request: POST http://host.docker.internal:11434/api/generate "HTTP/1.1 200 OK"
2025-12-11 21:39:15,988 - INFO - HTTP Request: GET http://host.docker.internal:11434/api/tags "HTTP/1.1 200 OK"
2025-12-11 21:39:34,060 - INFO - HTTP Request: POST http://host.docker.internal:11434/api/generate "HTTP/1.1 200 OK"
2025-12-11 21:39:34,062 - INFO - HTTP Request: GET http://host.docker.internal:11434/api/tags "HTTP/1.1 200 OK"
2025-12-11 21:39:50,685 - INFO - HTTP Request: POST http://host.docker.internal:11434/api/generate "HTTP/1.1 200 OK"
2025-12-11 21:39:50,687 - INFO - HTTP Request: GET http://host.docker.internal:11434/api/tags "HTTP/1.1 200 OK"
2025-12-11 21:40:02,746 - INFO - HTTP Request: POST http://host.docker.internal:11434/api/generate "HTTP/1.1 200 OK"
2025-12-11 21:40:02,748 - INFO - HTTP Request: GET http://host.docker.internal:11434/api/tags "HTTP/1.1 200 OK"
2025-12-11 21:40:31,137 - INFO - HTTP Request: POST http://host.docker.internal:11434/api/generate "HTTP/1.1 200 OK"
2025-12-11 21:40:31,139 - INFO - HTTP Request: GET http://host.docker.internal:11434/api/tags "HTTP/1.1 200 OK"
2025-12-11 21:40:43,139 - INFO - HTTP Request: POST http://host.docker.internal:11434/api/generate "HTTP/1.1 200 OK"
2025-12-11 21:40:43,141 - INFO - HTTP Request: GET http://host.docker.internal:11434/api/tags "HTTP/1.1 200 OK"
2025-12-11 21:41:05,810 - INFO - HTTP Request: POST http://host.docker.internal:11434/api/generate "HTTP/1.1 200 OK"
2025-12-11 21:41:05,812 - INFO - HTTP Request: GET http://host.docker.internal:11434/api/tags "HTTP/1.1 200 OK"
2025-12-11 21:41:21,039 - INFO - HTTP Request: POST http://host.docker.internal:11434/api/generate "HTTP/1.1 200 OK"
2025-12-11 21:41:21,041 - INFO - HTTP Request: GET http://host.docker.internal:11434/api/tags "HTTP/1.1 200 OK"
2025-12-11 21:41:33,324 - INFO - HTTP Request: POST http://host.docker.internal:11434/api/generate "HTTP/1.1 200 OK"
2025-12-11 21:41:33,326 - INFO - HTTP Request: GET http://host.docker.internal:11434/api/tags "HTTP/1.1 200 OK"
2025-12-11 21:41:42,137 - INFO - HTTP Request: POST http://host.docker.internal:11434/api/generate "HTTP/1.1 200 OK"
2025-12-11 21:41:42,139 - INFO - HTTP Request: GET http://host.docker.internal:11434/api/tags "HTTP/1.1 200 OK"
2025-12-11 21:42:00,488 - INFO - HTTP Request: POST http://host.docker.internal:11434/api/generate "HTTP/1.1 200 OK"
2025-12-11 21:42:00,490 - INFO - HTTP Request: GET http://host.docker.internal:11434/api/tags "HTTP/1.1 200 OK"
2025-12-11 21:42:13,421 - INFO - HTTP Request: POST http://host.docker.internal:11434/api/generate "HTTP/1.1 200 OK"
2025-12-11 21:42:13,423 - INFO - HTTP Request: GET http://host.docker.internal:11434/api/tags "HTTP/1.1 200 OK"
2025-12-11 21:42:37,210 - INFO - HTTP Request: POST http://host.docker.internal:11434/api/generate "HTTP/1.1 200 OK"
2025-12-11 21:42:37,212 - INFO - HTTP Request: GET http://host.docker.internal:11434/api/tags "HTTP/1.1 200 OK"
2025-12-11 21:42:44,739 - INFO - HTTP Request: POST http://host.docker.internal:11434/api/generate "HTTP/1.1 200 OK"
2025-12-11 21:42:44,741 - INFO - HTTP Request: GET http://host.docker.internal:11434/api/tags "HTTP/1.1 200 OK"
2025-12-11 21:43:09,066 - INFO - HTTP Request: POST http://host.docker.internal:11434/api/generate "HTTP/1.1 200 OK"
2025-12-11 21:43:09,068 - INFO - HTTP Request: GET http://host.docker.internal:11434/api/tags "HTTP/1.1 200 OK"
2025-12-11 21:43:25,495 - INFO - HTTP Request: POST http://host.docker.internal:11434/api/generate "HTTP/1.1 200 OK"
2025-12-11 21:43:25,497 - INFO - HTTP Request: GET http://host.docker.internal:11434/api/tags "HTTP/1.1 200 OK"
2025-12-11 21:43:42,714 - INFO - HTTP Request: POST http://host.docker.internal:11434/api/generate "HTTP/1.1 200 OK"
2025-12-11 21:43:42,716 - INFO - HTTP Request: GET http://host.docker.internal:11434/api/tags "HTTP/1.1 200 OK"
2025-12-11 21:44:01,609 - INFO - HTTP Request: POST http://host.docker.internal:11434/api/generate "HTTP/1.1 200 OK"
2025-12-11 21:44:01,611 - INFO - HTTP Request: GET http://host.docker.internal:11434/api/tags "HTTP/1.1 200 OK"
2025-12-11 21:44:17,262 - INFO - HTTP Request: POST http://host.docker.internal:11434/api/generate "HTTP/1.1 200 OK"
2025-12-11 21:44:17,264 - INFO - HTTP Request: GET http://host.docker.internal:11434/api/tags "HTTP/1.1 200 OK"
2025-12-11 21:44:35,681 - INFO - HTTP Request: POST http://host.docker.internal:11434/api/generate "HTTP/1.1 200 OK"
2025-12-11 21:44:35,683 - INFO - HTTP Request: GET http://host.docker.internal:11434/api/tags "HTTP/1.1 200 OK"
2025-12-11 21:44:48,029 - INFO - HTTP Request: POST http://host.docker.internal:11434/api/generate "HTTP/1.1 200 OK"
2025-12-11 21:44:48,031 - INFO - HTTP Request: GET http://host.docker.internal:11434/api/tags "HTTP/1.1 200 OK"
2025-12-11 21:45:05,801 - INFO - HTTP Request: POST http://host.docker.internal:11434/api/generate "HTTP/1.1 200 OK"
2025-12-11 21:45:05,803 - INFO - HTTP Request: GET http://host.docker.internal:11434/api/tags "HTTP/1.1 200 OK"
2025-12-11 21:45:12,718 - INFO - HTTP Request: POST http://host.docker.internal:11434/api/generate "HTTP/1.1 200 OK"
2025-12-11 21:45:12,720 - INFO - HTTP Request: GET http://host.docker.internal:11434/api/tags "HTTP/1.1 200 OK"
2025-12-11 21:45:29,337 - INFO - HTTP Request: POST http://host.docker.internal:11434/api/generate "HTTP/1.1 200 OK"
2025-12-11 21:45:29,339 - INFO - HTTP Request: GET http://host.docker.internal:11434/api/tags "HTTP/1.1 200 OK"
2025-12-11 21:45:47,709 - INFO - HTTP Request: POST http://host.docker.internal:11434/api/generate "HTTP/1.1 200 OK"
2025-12-11 21:45:47,711 - INFO - HTTP Request: GET http://host.docker.internal:11434/api/tags "HTTP/1.1 200 OK"
2025-12-11 21:46:14,297 - INFO - HTTP Request: POST http://host.docker.internal:11434/api/generate "HTTP/1.1 200 OK"
2025-12-11 21:46:14,299 - INFO - HTTP Request: GET http://host.docker.internal:11434/api/tags "HTTP/1.1 200 OK"
2025-12-11 21:46:31,493 - INFO - HTTP Request: POST http://host.docker.internal:11434/api/generate "HTTP/1.1 200 OK"
2025-12-11 21:46:31,495 - INFO - HTTP Request: GET http://host.docker.internal:11434/api/tags "HTTP/1.1 200 OK"
2025-12-11 21:46:49,733 - INFO - HTTP Request: POST http://host.docker.internal:11434/api/generate "HTTP/1.1 200 OK"
2025-12-11 21:46:49,735 - INFO - HTTP Request: GET http://host.docker.internal:11434/api/tags "HTTP/1.1 200 OK"
2025-12-11 21:47:10,097 - INFO - HTTP Request: POST http://host.docker.internal:11434/api/generate "HTTP/1.1 200 OK"
2025-12-11 21:47:10,099 - INFO - HTTP Request: GET http://host.docker.internal:11434/api/tags "HTTP/1.1 200 OK"
2025-12-11 21:47:24,692 - INFO - HTTP Request: POST http://host.docker.internal:11434/api/generate "HTTP/1.1 200 OK"
2025-12-11 21:47:24,694 - INFO - HTTP Request: GET http://host.docker.internal:11434/api/tags "HTTP/1.1 200 OK"
2025-12-11 21:47:54,513 - INFO - HTTP Request: POST http://host.docker.internal:11434/api/generate "HTTP/1.1 200 OK"
2025-12-11 21:47:54,515 - INFO - HTTP Request: GET http://host.docker.internal:11434/api/tags "HTTP/1.1 200 OK"
2025-12-11 21:48:15,467 - INFO - HTTP Request: POST http://host.docker.internal:11434/api/generate "HTTP/1.1 200 OK"
2025-12-11 21:48:15,469 - INFO - HTTP Request: GET http://host.docker.internal:11434/api/tags "HTTP/1.1 200 OK"
2025-12-11 21:48:34,688 - INFO - HTTP Request: POST http://host.docker.internal:11434/api/generate "HTTP/1.1 200 OK"
2025-12-11 21:48:34,690 - INFO - HTTP Request: GET http://host.docker.internal:11434/api/tags "HTTP/1.1 200 OK"
2025-12-11 21:48:56,034 - INFO - HTTP Request: POST http://host.docker.internal:11434/api/generate "HTTP/1.1 200 OK"
2025-12-11 21:48:56,036 - INFO - HTTP Request: GET http://host.docker.internal:11434/api/tags "HTTP/1.1 200 OK"
2025-12-11 21:49:16,491 - INFO - HTTP Request: POST http://host.docker.internal:11434/api/generate "HTTP/1.1 200 OK"
2025-12-11 21:49:16,493 - INFO - HTTP Request: GET http://host.docker.internal:11434/api/tags "HTTP/1.1 200 OK"
2025-12-11 21:49:26,448 - INFO - HTTP Request: POST http://host.docker.internal:11434/api/generate "HTTP/1.1 200 OK"
2025-12-11 21:49:26,450 - INFO - HTTP Request: GET http://host.docker.internal:11434/api/tags "HTTP/1.1 200 OK"
2025-12-11 21:49:39,394 - INFO - HTTP Request: POST http://host.docker.internal:11434/api/generate "HTTP/1.1 200 OK"
2025-12-11 21:49:39,396 - INFO - HTTP Request: GET http://host.docker.internal:11434/api/tags "HTTP/1.1 200 OK"
2025-12-11 21:49:52,816 - INFO - HTTP Request: POST http://host.docker.internal:11434/api/generate "HTTP/1.1 200 OK"
2025-12-11 21:49:52,817 - INFO - HTTP Request: GET http://host.docker.internal:11434/api/tags "HTTP/1.1 200 OK"
2025-12-11 21:50:05,513 - INFO - HTTP Request: POST http://host.docker.internal:11434/api/generate "HTTP/1.1 200 OK"
2025-12-11 21:50:05,515 - INFO - HTTP Request: GET http://host.docker.internal:11434/api/tags "HTTP/1.1 200 OK"
2025-12-11 21:50:19,851 - INFO - HTTP Request: POST http://host.docker.internal:11434/api/generate "HTTP/1.1 200 OK"
2025-12-11 21:50:19,853 - INFO - HTTP Request: GET http://host.docker.internal:11434/api/tags "HTTP/1.1 200 OK"
2025-12-11 21:50:32,838 - INFO - HTTP Request: POST http://host.docker.internal:11434/api/generate "HTTP/1.1 200 OK"
2025-12-11 21:50:32,840 - INFO - HTTP Request: GET http://host.docker.internal:11434/api/tags "HTTP/1.1 200 OK"
2025-12-11 21:50:45,641 - INFO - HTTP Request: POST http://host.docker.internal:11434/api/generate "HTTP/1.1 200 OK"
2025-12-11 21:50:45,643 - INFO - HTTP Request: GET http://host.docker.internal:11434/api/tags "HTTP/1.1 200 OK"
2025-12-11 21:50:58,937 - INFO - HTTP Request: POST http://host.docker.internal:11434/api/generate "HTTP/1.1 200 OK"
2025-12-11 21:50:58,939 - INFO - HTTP Request: GET http://host.docker.internal:11434/api/tags "HTTP/1.1 200 OK"
2025-12-11 21:51:10,478 - INFO - HTTP Request: POST http://host.docker.internal:11434/api/generate "HTTP/1.1 200 OK"
2025-12-11 21:51:10,480 - INFO - HTTP Request: GET http://host.docker.internal:11434/api/tags "HTTP/1.1 200 OK"
2025-12-11 21:51:25,475 - INFO - HTTP Request: POST http://host.docker.internal:11434/api/generate "HTTP/1.1 200 OK"
2025-12-11 21:51:25,476 - INFO - HTTP Request: GET http://host.docker.internal:11434/api/tags "HTTP/1.1 200 OK"
2025-12-11 21:51:37,707 - INFO - HTTP Request: POST http://host.docker.internal:11434/api/generate "HTTP/1.1 200 OK"
2025-12-11 21:51:37,708 - INFO - HTTP Request: GET http://host.docker.internal:11434/api/tags "HTTP/1.1 200 OK"
2025-12-11 21:52:04,343 - INFO - HTTP Request: POST http://host.docker.internal:11434/api/generate "HTTP/1.1 200 OK"
2025-12-11 21:52:04,345 - INFO - HTTP Request: GET http://host.docker.internal:11434/api/tags "HTTP/1.1 200 OK"
2025-12-11 21:52:26,067 - INFO - HTTP Request: POST http://host.docker.internal:11434/api/generate "HTTP/1.1 200 OK"
2025-12-11 21:52:26,069 - INFO - HTTP Request: GET http://host.docker.internal:11434/api/tags "HTTP/1.1 200 OK"
2025-12-11 21:52:41,469 - INFO - HTTP Request: POST http://host.docker.internal:11434/api/generate "HTTP/1.1 200 OK"
2025-12-11 21:52:41,471 - INFO - HTTP Request: GET http://host.docker.internal:11434/api/tags "HTTP/1.1 200 OK"
2025-12-11 21:53:03,120 - INFO - HTTP Request: POST http://host.docker.internal:11434/api/generate "HTTP/1.1 200 OK"
2025-12-11 21:53:03,122 - INFO - HTTP Request: GET http://host.docker.internal:11434/api/tags "HTTP/1.1 200 OK"
2025-12-11 21:53:22,785 - INFO - HTTP Request: POST http://host.docker.internal:11434/api/generate "HTTP/1.1 200 OK"
2025-12-11 21:53:22,787 - INFO - HTTP Request: GET http://host.docker.internal:11434/api/tags "HTTP/1.1 200 OK"
2025-12-11 21:53:33,928 - INFO - HTTP Request: POST http://host.docker.internal:11434/api/generate "HTTP/1.1 200 OK"
2025-12-11 21:53:33,930 - INFO - HTTP Request: GET http://host.docker.internal:11434/api/tags "HTTP/1.1 200 OK"
2025-12-11 21:53:55,484 - INFO - HTTP Request: POST http://host.docker.internal:11434/api/generate "HTTP/1.1 200 OK"
2025-12-11 21:53:55,486 - INFO - HTTP Request: GET http://host.docker.internal:11434/api/tags "HTTP/1.1 200 OK"
2025-12-11 21:54:10,609 - INFO - HTTP Request: POST http://host.docker.internal:11434/api/generate "HTTP/1.1 200 OK"
2025-12-11 21:54:10,611 - INFO - HTTP Request: GET http://host.docker.internal:11434/api/tags "HTTP/1.1 200 OK"
2025-12-11 21:54:33,831 - INFO - HTTP Request: POST http://host.docker.internal:11434/api/generate "HTTP/1.1 200 OK"
2025-12-11 21:54:33,833 - INFO - HTTP Request: GET http://host.docker.internal:11434/api/tags "HTTP/1.1 200 OK"
2025-12-11 21:54:52,634 - INFO - HTTP Request: POST http://host.docker.internal:11434/api/generate "HTTP/1.1 200 OK"
2025-12-11 21:54:52,636 - INFO - HTTP Request: GET http://host.docker.internal:11434/api/tags "HTTP/1.1 200 OK"
2025-12-11 21:55:05,375 - INFO - HTTP Request: POST http://host.docker.internal:11434/api/generate "HTTP/1.1 200 OK"
2025-12-11 21:55:05,377 - INFO - HTTP Request: GET http://host.docker.internal:11434/api/tags "HTTP/1.1 200 OK"
2025-12-11 21:55:20,478 - INFO - HTTP Request: POST http://host.docker.internal:11434/api/generate "HTTP/1.1 200 OK"
2025-12-11 21:55:20,480 - INFO - HTTP Request: GET http://host.docker.internal:11434/api/tags "HTTP/1.1 200 OK"
2025-12-11 21:55:49,659 - INFO - HTTP Request: POST http://host.docker.internal:11434/api/generate "HTTP/1.1 200 OK"
2025-12-11 21:55:49,661 - INFO - HTTP Request: GET http://host.docker.internal:11434/api/tags "HTTP/1.1 200 OK"
2025-12-11 21:56:04,227 - INFO - HTTP Request: POST http://host.docker.internal:11434/api/generate "HTTP/1.1 200 OK"
2025-12-11 21:56:04,229 - INFO - HTTP Request: GET http://host.docker.internal:11434/api/tags "HTTP/1.1 200 OK"
2025-12-11 21:56:24,028 - INFO - HTTP Request: POST http://host.docker.internal:11434/api/generate "HTTP/1.1 200 OK"
2025-12-11 21:56:24,030 - INFO - HTTP Request: GET http://host.docker.internal:11434/api/tags "HTTP/1.1 200 OK"
2025-12-11 21:56:41,658 - INFO - HTTP Request: POST http://host.docker.internal:11434/api/generate "HTTP/1.1 200 OK"
2025-12-11 21:56:41,660 - INFO - HTTP Request: GET http://host.docker.internal:11434/api/tags "HTTP/1.1 200 OK"
2025-12-11 21:56:54,158 - INFO - HTTP Request: POST http://host.docker.internal:11434/api/generate "HTTP/1.1 200 OK"
2025-12-11 21:56:54,160 - INFO - HTTP Request: GET http://host.docker.internal:11434/api/tags "HTTP/1.1 200 OK"
2025-12-11 21:57:14,671 - INFO - HTTP Request: POST http://host.docker.internal:11434/api/generate "HTTP/1.1 200 OK"
2025-12-11 21:57:14,673 - INFO - HTTP Request: GET http://host.docker.internal:11434/api/tags "HTTP/1.1 200 OK"
2025-12-11 21:57:37,245 - INFO - HTTP Request: POST http://host.docker.internal:11434/api/generate "HTTP/1.1 200 OK"
2025-12-11 21:57:37,247 - INFO - HTTP Request: GET http://host.docker.internal:11434/api/tags "HTTP/1.1 200 OK"
2025-12-11 21:57:52,859 - INFO - HTTP Request: POST http://host.docker.internal:11434/api/generate "HTTP/1.1 200 OK"
2025-12-11 21:57:52,861 - INFO - HTTP Request: GET http://host.docker.internal:11434/api/tags "HTTP/1.1 200 OK"
2025-12-11 21:58:10,858 - INFO - HTTP Request: POST http://host.docker.internal:11434/api/generate "HTTP/1.1 200 OK"
2025-12-11 21:58:10,860 - INFO - HTTP Request: GET http://host.docker.internal:11434/api/tags "HTTP/1.1 200 OK"
2025-12-11 21:58:28,896 - INFO - HTTP Request: POST http://host.docker.internal:11434/api/generate "HTTP/1.1 200 OK"
2025-12-11 21:58:28,898 - INFO - HTTP Request: GET http://host.docker.internal:11434/api/tags "HTTP/1.1 200 OK"
2025-12-11 21:58:43,807 - INFO - HTTP Request: POST http://host.docker.internal:11434/api/generate "HTTP/1.1 200 OK"
2025-12-11 21:58:43,809 - INFO - HTTP Request: GET http://host.docker.internal:11434/api/tags "HTTP/1.1 200 OK"
2025-12-11 21:59:04,352 - INFO - HTTP Request: POST http://host.docker.internal:11434/api/generate "HTTP/1.1 200 OK"
2025-12-11 21:59:04,355 - INFO - HTTP Request: GET http://host.docker.internal:11434/api/tags "HTTP/1.1 200 OK"
2025-12-11 21:59:18,330 - INFO - HTTP Request: POST http://host.docker.internal:11434/api/generate "HTTP/1.1 200 OK"
2025-12-11 21:59:18,332 - INFO - HTTP Request: GET http://host.docker.internal:11434/api/tags "HTTP/1.1 200 OK"
2025-12-11 21:59:31,675 - INFO - HTTP Request: POST http://host.docker.internal:11434/api/generate "HTTP/1.1 200 OK"
2025-12-11 21:59:31,677 - INFO - HTTP Request: GET http://host.docker.internal:11434/api/tags "HTTP/1.1 200 OK"
2025-12-11 21:59:44,086 - INFO - HTTP Request: POST http://host.docker.internal:11434/api/generate "HTTP/1.1 200 OK"
2025-12-11 21:59:44,089 - INFO - HTTP Request: GET http://host.docker.internal:11434/api/tags "HTTP/1.1 200 OK"
2025-12-11 21:59:59,326 - INFO - HTTP Request: POST http://host.docker.internal:11434/api/generate "HTTP/1.1 200 OK"
2025-12-11 21:59:59,328 - INFO - HTTP Request: GET http://host.docker.internal:11434/api/tags "HTTP/1.1 200 OK"
2025-12-11 22:00:12,218 - INFO - HTTP Request: POST http://host.docker.internal:11434/api/generate "HTTP/1.1 200 OK"
2025-12-11 22:00:12,220 - INFO - HTTP Request: GET http://host.docker.internal:11434/api/tags "HTTP/1.1 200 OK"
2025-12-11 22:00:23,216 - INFO - HTTP Request: POST http://host.docker.internal:11434/api/generate "HTTP/1.1 200 OK"
2025-12-11 22:00:23,219 - INFO - HTTP Request: GET http://host.docker.internal:11434/api/tags "HTTP/1.1 200 OK"
2025-12-11 22:00:41,474 - INFO - HTTP Request: POST http://host.docker.internal:11434/api/generate "HTTP/1.1 200 OK"
2025-12-11 22:00:41,476 - INFO - HTTP Request: GET http://host.docker.internal:11434/api/tags "HTTP/1.1 200 OK"
2025-12-11 22:00:51,952 - INFO - HTTP Request: POST http://host.docker.internal:11434/api/generate "HTTP/1.1 200 OK"
2025-12-11 22:00:51,954 - INFO - HTTP Request: GET http://host.docker.internal:11434/api/tags "HTTP/1.1 200 OK"
2025-12-11 22:01:11,814 - INFO - HTTP Request: POST http://host.docker.internal:11434/api/generate "HTTP/1.1 200 OK"
2025-12-11 22:01:11,816 - INFO - HTTP Request: GET http://host.docker.internal:11434/api/tags "HTTP/1.1 200 OK"
2025-12-11 22:01:27,233 - INFO - HTTP Request: POST http://host.docker.internal:11434/api/generate "HTTP/1.1 200 OK"
2025-12-11 22:01:27,235 - INFO - HTTP Request: GET http://host.docker.internal:11434/api/tags "HTTP/1.1 200 OK"
2025-12-11 22:01:54,538 - INFO - HTTP Request: POST http://host.docker.internal:11434/api/generate "HTTP/1.1 200 OK"
2025-12-11 22:01:54,540 - INFO - HTTP Request: GET http://host.docker.internal:11434/api/tags "HTTP/1.1 200 OK"
2025-12-11 22:02:06,511 - INFO - HTTP Request: POST http://host.docker.internal:11434/api/generate "HTTP/1.1 200 OK"
2025-12-11 22:02:06,513 - INFO - HTTP Request: GET http://host.docker.internal:11434/api/tags "HTTP/1.1 200 OK"
2025-12-11 22:02:22,571 - INFO - HTTP Request: POST http://host.docker.internal:11434/api/generate "HTTP/1.1 200 OK"
2025-12-11 22:02:22,573 - INFO - HTTP Request: GET http://host.docker.internal:11434/api/tags "HTTP/1.1 200 OK"
2025-12-11 22:02:39,663 - INFO - HTTP Request: POST http://host.docker.internal:11434/api/generate "HTTP/1.1 200 OK"
2025-12-11 22:02:39,665 - INFO - HTTP Request: GET http://host.docker.internal:11434/api/tags "HTTP/1.1 200 OK"
2025-12-11 22:02:56,617 - INFO - HTTP Request: POST http://host.docker.internal:11434/api/generate "HTTP/1.1 200 OK"
2025-12-11 22:02:56,619 - INFO - HTTP Request: GET http://host.docker.internal:11434/api/tags "HTTP/1.1 200 OK"
2025-12-11 22:03:16,520 - INFO - HTTP Request: POST http://host.docker.internal:11434/api/generate "HTTP/1.1 200 OK"
2025-12-11 22:03:16,522 - INFO - HTTP Request: GET http://host.docker.internal:11434/api/tags "HTTP/1.1 200 OK"
2025-12-11 22:03:25,718 - INFO - HTTP Request: POST http://host.docker.internal:11434/api/generate "HTTP/1.1 200 OK"
2025-12-11 22:03:25,720 - INFO - HTTP Request: GET http://host.docker.internal:11434/api/tags "HTTP/1.1 200 OK"
2025-12-11 22:03:45,101 - INFO - HTTP Request: POST http://host.docker.internal:11434/api/generate "HTTP/1.1 200 OK"
2025-12-11 22:03:45,103 - INFO - HTTP Request: GET http://host.docker.internal:11434/api/tags "HTTP/1.1 200 OK"
2025-12-11 22:04:04,219 - INFO - HTTP Request: POST http://host.docker.internal:11434/api/generate "HTTP/1.1 200 OK"
2025-12-11 22:04:04,221 - INFO - HTTP Request: GET http://host.docker.internal:11434/api/tags "HTTP/1.1 200 OK"
2025-12-11 22:04:21,649 - INFO - HTTP Request: POST http://host.docker.internal:11434/api/generate "HTTP/1.1 200 OK"
2025-12-11 22:04:21,651 - INFO - HTTP Request: GET http://host.docker.internal:11434/api/tags "HTTP/1.1 200 OK"
2025-12-11 22:04:40,976 - INFO - HTTP Request: POST http://host.docker.internal:11434/api/generate "HTTP/1.1 200 OK"
2025-12-11 22:04:40,978 - INFO - HTTP Request: GET http://host.docker.internal:11434/api/tags "HTTP/1.1 200 OK"
2025-12-11 22:05:03,834 - INFO - HTTP Request: POST http://host.docker.internal:11434/api/generate "HTTP/1.1 200 OK"
2025-12-11 22:05:03,836 - INFO - HTTP Request: GET http://host.docker.internal:11434/api/tags "HTTP/1.1 200 OK"
2025-12-11 22:05:18,078 - INFO - HTTP Request: POST http://host.docker.internal:11434/api/generate "HTTP/1.1 200 OK"
2025-12-11 22:05:18,080 - INFO - HTTP Request: GET http://host.docker.internal:11434/api/tags "HTTP/1.1 200 OK"
2025-12-11 22:05:33,995 - INFO - HTTP Request: POST http://host.docker.internal:11434/api/generate "HTTP/1.1 200 OK"
2025-12-11 22:05:33,997 - INFO - HTTP Request: GET http://host.docker.internal:11434/api/tags "HTTP/1.1 200 OK"
2025-12-11 22:05:55,633 - INFO - HTTP Request: POST http://host.docker.internal:11434/api/generate "HTTP/1.1 200 OK"
2025-12-11 22:05:55,635 - INFO - HTTP Request: GET http://host.docker.internal:11434/api/tags "HTTP/1.1 200 OK"
2025-12-11 22:06:25,702 - INFO - HTTP Request: POST http://host.docker.internal:11434/api/generate "HTTP/1.1 200 OK"
2025-12-11 22:06:25,704 - INFO - HTTP Request: GET http://host.docker.internal:11434/api/tags "HTTP/1.1 200 OK"
2025-12-11 22:06:35,223 - INFO - HTTP Request: POST http://host.docker.internal:11434/api/generate "HTTP/1.1 200 OK"
2025-12-11 22:06:35,225 - INFO - HTTP Request: GET http://host.docker.internal:11434/api/tags "HTTP/1.1 200 OK"
2025-12-11 22:06:57,493 - INFO - HTTP Request: POST http://host.docker.internal:11434/api/generate "HTTP/1.1 200 OK"
2025-12-11 22:06:57,495 - INFO - HTTP Request: GET http://host.docker.internal:11434/api/tags "HTTP/1.1 200 OK"
2025-12-11 22:07:07,333 - INFO - HTTP Request: POST http://host.docker.internal:11434/api/generate "HTTP/1.1 200 OK"
2025-12-11 22:07:07,335 - INFO - HTTP Request: GET http://host.docker.internal:11434/api/tags "HTTP/1.1 200 OK"
2025-12-11 22:07:19,738 - INFO - HTTP Request: POST http://host.docker.internal:11434/api/generate "HTTP/1.1 200 OK"
2025-12-11 22:07:19,740 - INFO - HTTP Request: GET http://host.docker.internal:11434/api/tags "HTTP/1.1 200 OK"
2025-12-11 22:07:30,391 - INFO - HTTP Request: POST http://host.docker.internal:11434/api/generate "HTTP/1.1 200 OK"
2025-12-11 22:07:30,393 - INFO - HTTP Request: GET http://host.docker.internal:11434/api/tags "HTTP/1.1 200 OK"
2025-12-11 22:07:43,206 - INFO - HTTP Request: POST http://host.docker.internal:11434/api/generate "HTTP/1.1 200 OK"
2025-12-11 22:07:43,208 - INFO - HTTP Request: GET http://host.docker.internal:11434/api/tags "HTTP/1.1 200 OK"
2025-12-11 22:07:57,209 - INFO - HTTP Request: POST http://host.docker.internal:11434/api/generate "HTTP/1.1 200 OK"
2025-12-11 22:07:57,211 - INFO - HTTP Request: GET http://host.docker.internal:11434/api/tags "HTTP/1.1 200 OK"
2025-12-11 22:08:08,978 - INFO - HTTP Request: POST http://host.docker.internal:11434/api/generate "HTTP/1.1 200 OK"
2025-12-11 22:08:08,980 - INFO - HTTP Request: GET http://host.docker.internal:11434/api/tags "HTTP/1.1 200 OK"
2025-12-11 22:08:19,554 - INFO - HTTP Request: POST http://host.docker.internal:11434/api/generate "HTTP/1.1 200 OK"
2025-12-11 22:08:19,556 - INFO - HTTP Request: GET http://host.docker.internal:11434/api/tags "HTTP/1.1 200 OK"
2025-12-11 22:08:35,995 - INFO - HTTP Request: POST http://host.docker.internal:11434/api/generate "HTTP/1.1 200 OK"
2025-12-11 22:08:35,997 - INFO - HTTP Request: GET http://host.docker.internal:11434/api/tags "HTTP/1.1 200 OK"
2025-12-11 22:09:00,296 - INFO - HTTP Request: POST http://host.docker.internal:11434/api/generate "HTTP/1.1 200 OK"
2025-12-11 22:09:00,298 - INFO - HTTP Request: GET http://host.docker.internal:11434/api/tags "HTTP/1.1 200 OK"
2025-12-11 22:09:16,062 - INFO - HTTP Request: POST http://host.docker.internal:11434/api/generate "HTTP/1.1 200 OK"
2025-12-11 22:09:16,064 - INFO - HTTP Request: GET http://host.docker.internal:11434/api/tags "HTTP/1.1 200 OK"
2025-12-11 22:09:30,924 - INFO - HTTP Request: POST http://host.docker.internal:11434/api/generate "HTTP/1.1 200 OK"
2025-12-11 22:09:30,927 - INFO - HTTP Request: GET http://host.docker.internal:11434/api/tags "HTTP/1.1 200 OK"
2025-12-11 22:09:44,864 - INFO - HTTP Request: POST http://host.docker.internal:11434/api/generate "HTTP/1.1 200 OK"
2025-12-11 22:09:44,866 - INFO - HTTP Request: GET http://host.docker.internal:11434/api/tags "HTTP/1.1 200 OK"
2025-12-11 22:10:03,957 - INFO - HTTP Request: POST http://host.docker.internal:11434/api/generate "HTTP/1.1 200 OK"
2025-12-11 22:10:03,959 - INFO - HTTP Request: GET http://host.docker.internal:11434/api/tags "HTTP/1.1 200 OK"
2025-12-11 22:10:20,267 - INFO - HTTP Request: POST http://host.docker.internal:11434/api/generate "HTTP/1.1 200 OK"
2025-12-11 22:10:20,269 - INFO - HTTP Request: GET http://host.docker.internal:11434/api/tags "HTTP/1.1 200 OK"
2025-12-11 22:10:32,963 - INFO - HTTP Request: POST http://host.docker.internal:11434/api/generate "HTTP/1.1 200 OK"
2025-12-11 22:10:32,965 - INFO - HTTP Request: GET http://host.docker.internal:11434/api/tags "HTTP/1.1 200 OK"
2025-12-11 22:10:46,042 - INFO - HTTP Request: POST http://host.docker.internal:11434/api/generate "HTTP/1.1 200 OK"
2025-12-11 22:10:46,044 - INFO - HTTP Request: GET http://host.docker.internal:11434/api/tags "HTTP/1.1 200 OK"
2025-12-11 22:11:02,421 - INFO - HTTP Request: POST http://host.docker.internal:11434/api/generate "HTTP/1.1 200 OK"
2025-12-11 22:11:02,423 - INFO - HTTP Request: GET http://host.docker.internal:11434/api/tags "HTTP/1.1 200 OK"
2025-12-11 22:11:23,591 - INFO - HTTP Request: POST http://host.docker.internal:11434/api/generate "HTTP/1.1 200 OK"
2025-12-11 22:11:23,593 - INFO - HTTP Request: GET http://host.docker.internal:11434/api/tags "HTTP/1.1 200 OK"
2025-12-11 22:11:39,700 - INFO - HTTP Request: POST http://host.docker.internal:11434/api/generate "HTTP/1.1 200 OK"
2025-12-11 22:11:39,702 - INFO - HTTP Request: GET http://host.docker.internal:11434/api/tags "HTTP/1.1 200 OK"
2025-12-11 22:11:59,902 - INFO - HTTP Request: POST http://host.docker.internal:11434/api/generate "HTTP/1.1 200 OK"
2025-12-11 22:11:59,904 - INFO - HTTP Request: GET http://host.docker.internal:11434/api/tags "HTTP/1.1 200 OK"
2025-12-11 22:12:08,662 - INFO - HTTP Request: POST http://host.docker.internal:11434/api/generate "HTTP/1.1 200 OK"
2025-12-11 22:12:08,664 - INFO - HTTP Request: GET http://host.docker.internal:11434/api/tags "HTTP/1.1 200 OK"
2025-12-11 22:12:17,884 - INFO - HTTP Request: POST http://host.docker.internal:11434/api/generate "HTTP/1.1 200 OK"
2025-12-11 22:12:17,886 - INFO - HTTP Request: GET http://host.docker.internal:11434/api/tags "HTTP/1.1 200 OK"
2025-12-11 22:12:34,405 - INFO - HTTP Request: POST http://host.docker.internal:11434/api/generate "HTTP/1.1 200 OK"
2025-12-11 22:12:34,407 - INFO - HTTP Request: GET http://host.docker.internal:11434/api/tags "HTTP/1.1 200 OK"
2025-12-11 22:12:48,333 - INFO - HTTP Request: POST http://host.docker.internal:11434/api/generate "HTTP/1.1 200 OK"
2025-12-11 22:12:48,335 - INFO - HTTP Request: GET http://host.docker.internal:11434/api/tags "HTTP/1.1 200 OK"
2025-12-11 22:12:56,843 - INFO - HTTP Request: POST http://host.docker.internal:11434/api/generate "HTTP/1.1 200 OK"
2025-12-11 22:12:56,845 - INFO - HTTP Request: GET http://host.docker.internal:11434/api/tags "HTTP/1.1 200 OK"
2025-12-11 22:13:11,939 - INFO - HTTP Request: POST http://host.docker.internal:11434/api/generate "HTTP/1.1 200 OK"
2025-12-11 22:13:11,941 - INFO - HTTP Request: GET http://host.docker.internal:11434/api/tags "HTTP/1.1 200 OK"
2025-12-11 22:13:39,703 - INFO - HTTP Request: POST http://host.docker.internal:11434/api/generate "HTTP/1.1 200 OK"
2025-12-11 22:13:39,705 - INFO - HTTP Request: GET http://host.docker.internal:11434/api/tags "HTTP/1.1 200 OK"
2025-12-11 22:13:57,061 - INFO - HTTP Request: POST http://host.docker.internal:11434/api/generate "HTTP/1.1 200 OK"
2025-12-11 22:13:57,063 - INFO - HTTP Request: GET http://host.docker.internal:11434/api/tags "HTTP/1.1 200 OK"
2025-12-11 22:14:14,642 - INFO - HTTP Request: POST http://host.docker.internal:11434/api/generate "HTTP/1.1 200 OK"
2025-12-11 22:14:14,644 - INFO - HTTP Request: GET http://host.docker.internal:11434/api/tags "HTTP/1.1 200 OK"
2025-12-11 22:14:32,634 - INFO - HTTP Request: POST http://host.docker.internal:11434/api/generate "HTTP/1.1 200 OK"
2025-12-11 22:14:32,637 - INFO - HTTP Request: GET http://host.docker.internal:11434/api/tags "HTTP/1.1 200 OK"
2025-12-11 22:14:50,189 - INFO - HTTP Request: POST http://host.docker.internal:11434/api/generate "HTTP/1.1 200 OK"
2025-12-11 22:14:50,191 - INFO - HTTP Request: GET http://host.docker.internal:11434/api/tags "HTTP/1.1 200 OK"
2025-12-11 22:15:08,400 - INFO - HTTP Request: POST http://host.docker.internal:11434/api/generate "HTTP/1.1 200 OK"
2025-12-11 22:15:08,402 - INFO - HTTP Request: GET http://host.docker.internal:11434/api/tags "HTTP/1.1 200 OK"
2025-12-11 22:15:30,715 - INFO - HTTP Request: POST http://host.docker.internal:11434/api/generate "HTTP/1.1 200 OK"
2025-12-11 22:15:30,718 - INFO - HTTP Request: GET http://host.docker.internal:11434/api/tags "HTTP/1.1 200 OK"
2025-12-11 22:15:49,246 - INFO - HTTP Request: POST http://host.docker.internal:11434/api/generate "HTTP/1.1 200 OK"
2025-12-11 22:15:49,248 - INFO - HTTP Request: GET http://host.docker.internal:11434/api/tags "HTTP/1.1 200 OK"
2025-12-11 22:16:08,235 - INFO - HTTP Request: POST http://host.docker.internal:11434/api/generate "HTTP/1.1 200 OK"
2025-12-11 22:16:08,236 - INFO -   累计文档: 482 条
2025-12-11 22:16:09,245 - INFO - 
处理批次 4: 20 个关键词
2025-12-11 22:17:25,643 - INFO -   原始结果: 300 条
2025-12-11 22:17:25,646 - INFO -   质量过滤后: 103 条
2025-12-11 22:17:25,654 - INFO - HTTP Request: GET http://host.docker.internal:11434/api/tags "HTTP/1.1 200 OK"
2025-12-11 22:17:35,917 - INFO - HTTP Request: POST http://host.docker.internal:11434/api/generate "HTTP/1.1 200 OK"
2025-12-11 22:17:35,919 - INFO - HTTP Request: GET http://host.docker.internal:11434/api/tags "HTTP/1.1 200 OK"
2025-12-11 22:17:56,307 - INFO - HTTP Request: POST http://host.docker.internal:11434/api/generate "HTTP/1.1 200 OK"
2025-12-11 22:17:56,309 - INFO - HTTP Request: GET http://host.docker.internal:11434/api/tags "HTTP/1.1 200 OK"
2025-12-11 22:18:12,496 - INFO - HTTP Request: POST http://host.docker.internal:11434/api/generate "HTTP/1.1 200 OK"
2025-12-11 22:18:12,498 - INFO - HTTP Request: GET http://host.docker.internal:11434/api/tags "HTTP/1.1 200 OK"
2025-12-11 22:18:33,122 - INFO - HTTP Request: POST http://host.docker.internal:11434/api/generate "HTTP/1.1 200 OK"
2025-12-11 22:18:33,124 - INFO - HTTP Request: GET http://host.docker.internal:11434/api/tags "HTTP/1.1 200 OK"
2025-12-11 22:18:56,487 - INFO - HTTP Request: POST http://host.docker.internal:11434/api/generate "HTTP/1.1 200 OK"
2025-12-11 22:18:56,489 - INFO - HTTP Request: GET http://host.docker.internal:11434/api/tags "HTTP/1.1 200 OK"
2025-12-11 22:19:12,177 - INFO - HTTP Request: POST http://host.docker.internal:11434/api/generate "HTTP/1.1 200 OK"
2025-12-11 22:19:12,179 - INFO - HTTP Request: GET http://host.docker.internal:11434/api/tags "HTTP/1.1 200 OK"
2025-12-11 22:19:27,747 - INFO - HTTP Request: POST http://host.docker.internal:11434/api/generate "HTTP/1.1 200 OK"
2025-12-11 22:19:27,749 - INFO - HTTP Request: GET http://host.docker.internal:11434/api/tags "HTTP/1.1 200 OK"
2025-12-11 22:19:37,919 - INFO - HTTP Request: POST http://host.docker.internal:11434/api/generate "HTTP/1.1 200 OK"
2025-12-11 22:19:37,921 - INFO - HTTP Request: GET http://host.docker.internal:11434/api/tags "HTTP/1.1 200 OK"
2025-12-11 22:20:01,026 - INFO - HTTP Request: POST http://host.docker.internal:11434/api/generate "HTTP/1.1 200 OK"
2025-12-11 22:20:01,028 - INFO - HTTP Request: GET http://host.docker.internal:11434/api/tags "HTTP/1.1 200 OK"
2025-12-11 22:20:15,385 - INFO - HTTP Request: POST http://host.docker.internal:11434/api/generate "HTTP/1.1 200 OK"
2025-12-11 22:20:15,387 - INFO - HTTP Request: GET http://host.docker.internal:11434/api/tags "HTTP/1.1 200 OK"
2025-12-11 22:20:32,890 - INFO - HTTP Request: POST http://host.docker.internal:11434/api/generate "HTTP/1.1 200 OK"
2025-12-11 22:20:32,892 - INFO - HTTP Request: GET http://host.docker.internal:11434/api/tags "HTTP/1.1 200 OK"
2025-12-11 22:20:49,840 - INFO - HTTP Request: POST http://host.docker.internal:11434/api/generate "HTTP/1.1 200 OK"
2025-12-11 22:20:49,842 - INFO - HTTP Request: GET http://host.docker.internal:11434/api/tags "HTTP/1.1 200 OK"
2025-12-11 22:21:10,236 - INFO - HTTP Request: POST http://host.docker.internal:11434/api/generate "HTTP/1.1 200 OK"
2025-12-11 22:21:10,239 - INFO - HTTP Request: GET http://host.docker.internal:11434/api/tags "HTTP/1.1 200 OK"
2025-12-11 22:21:20,509 - INFO - HTTP Request: POST http://host.docker.internal:11434/api/generate "HTTP/1.1 200 OK"
2025-12-11 22:21:20,511 - INFO - HTTP Request: GET http://host.docker.internal:11434/api/tags "HTTP/1.1 200 OK"
2025-12-11 22:21:32,560 - INFO - HTTP Request: POST http://host.docker.internal:11434/api/generate "HTTP/1.1 200 OK"
2025-12-11 22:21:32,562 - INFO - HTTP Request: GET http://host.docker.internal:11434/api/tags "HTTP/1.1 200 OK"
2025-12-11 22:21:44,544 - INFO - HTTP Request: POST http://host.docker.internal:11434/api/generate "HTTP/1.1 200 OK"
2025-12-11 22:21:44,546 - INFO - HTTP Request: GET http://host.docker.internal:11434/api/tags "HTTP/1.1 200 OK"
2025-12-11 22:21:58,577 - INFO - HTTP Request: POST http://host.docker.internal:11434/api/generate "HTTP/1.1 200 OK"
2025-12-11 22:21:58,579 - INFO - HTTP Request: GET http://host.docker.internal:11434/api/tags "HTTP/1.1 200 OK"
2025-12-11 22:22:10,709 - INFO - HTTP Request: POST http://host.docker.internal:11434/api/generate "HTTP/1.1 200 OK"
2025-12-11 22:22:10,710 - INFO - HTTP Request: GET http://host.docker.internal:11434/api/tags "HTTP/1.1 200 OK"
2025-12-11 22:22:29,938 - INFO - HTTP Request: POST http://host.docker.internal:11434/api/generate "HTTP/1.1 200 OK"
2025-12-11 22:22:29,940 - INFO - HTTP Request: GET http://host.docker.internal:11434/api/tags "HTTP/1.1 200 OK"
2025-12-11 22:22:45,190 - INFO - HTTP Request: POST http://host.docker.internal:11434/api/generate "HTTP/1.1 200 OK"
2025-12-11 22:22:45,192 - INFO - HTTP Request: GET http://host.docker.internal:11434/api/tags "HTTP/1.1 200 OK"
2025-12-11 22:23:03,070 - INFO - HTTP Request: POST http://host.docker.internal:11434/api/generate "HTTP/1.1 200 OK"
2025-12-11 22:23:03,072 - INFO - HTTP Request: GET http://host.docker.internal:11434/api/tags "HTTP/1.1 200 OK"
2025-12-11 22:23:15,925 - INFO - HTTP Request: POST http://host.docker.internal:11434/api/generate "HTTP/1.1 200 OK"
2025-12-11 22:23:15,927 - INFO - HTTP Request: GET http://host.docker.internal:11434/api/tags "HTTP/1.1 200 OK"
2025-12-11 22:23:39,783 - INFO - HTTP Request: POST http://host.docker.internal:11434/api/generate "HTTP/1.1 200 OK"
2025-12-11 22:23:39,785 - INFO - HTTP Request: GET http://host.docker.internal:11434/api/tags "HTTP/1.1 200 OK"
2025-12-11 22:23:53,747 - INFO - HTTP Request: POST http://host.docker.internal:11434/api/generate "HTTP/1.1 200 OK"
2025-12-11 22:23:53,750 - INFO - HTTP Request: GET http://host.docker.internal:11434/api/tags "HTTP/1.1 200 OK"
2025-12-11 22:24:13,623 - INFO - HTTP Request: POST http://host.docker.internal:11434/api/generate "HTTP/1.1 200 OK"
2025-12-11 22:24:13,625 - INFO - HTTP Request: GET http://host.docker.internal:11434/api/tags "HTTP/1.1 200 OK"
2025-12-11 22:24:32,718 - INFO - HTTP Request: POST http://host.docker.internal:11434/api/generate "HTTP/1.1 200 OK"
2025-12-11 22:24:32,720 - INFO - HTTP Request: GET http://host.docker.internal:11434/api/tags "HTTP/1.1 200 OK"
2025-12-11 22:24:43,712 - INFO - HTTP Request: POST http://host.docker.internal:11434/api/generate "HTTP/1.1 200 OK"
2025-12-11 22:24:43,714 - INFO - HTTP Request: GET http://host.docker.internal:11434/api/tags "HTTP/1.1 200 OK"
2025-12-11 22:25:03,036 - INFO - HTTP Request: POST http://host.docker.internal:11434/api/generate "HTTP/1.1 200 OK"
2025-12-11 22:25:03,038 - INFO - HTTP Request: GET http://host.docker.internal:11434/api/tags "HTTP/1.1 200 OK"
2025-12-11 22:25:11,827 - INFO - HTTP Request: POST http://host.docker.internal:11434/api/generate "HTTP/1.1 200 OK"
2025-12-11 22:25:11,829 - INFO - HTTP Request: GET http://host.docker.internal:11434/api/tags "HTTP/1.1 200 OK"
2025-12-11 22:25:23,394 - INFO - HTTP Request: POST http://host.docker.internal:11434/api/generate "HTTP/1.1 200 OK"
2025-12-11 22:25:23,396 - INFO - HTTP Request: GET http://host.docker.internal:11434/api/tags "HTTP/1.1 200 OK"
2025-12-11 22:25:35,020 - INFO - HTTP Request: POST http://host.docker.internal:11434/api/generate "HTTP/1.1 200 OK"
2025-12-11 22:25:35,022 - INFO - HTTP Request: GET http://host.docker.internal:11434/api/tags "HTTP/1.1 200 OK"
2025-12-11 22:25:48,687 - INFO - HTTP Request: POST http://host.docker.internal:11434/api/generate "HTTP/1.1 200 OK"
2025-12-11 22:25:48,689 - INFO - HTTP Request: GET http://host.docker.internal:11434/api/tags "HTTP/1.1 200 OK"
2025-12-11 22:26:06,285 - INFO - HTTP Request: POST http://host.docker.internal:11434/api/generate "HTTP/1.1 200 OK"
2025-12-11 22:26:06,287 - INFO - HTTP Request: GET http://host.docker.internal:11434/api/tags "HTTP/1.1 200 OK"
2025-12-11 22:26:25,339 - INFO - HTTP Request: POST http://host.docker.internal:11434/api/generate "HTTP/1.1 200 OK"
2025-12-11 22:26:25,341 - INFO - HTTP Request: GET http://host.docker.internal:11434/api/tags "HTTP/1.1 200 OK"
2025-12-11 22:26:35,026 - INFO - HTTP Request: POST http://host.docker.internal:11434/api/generate "HTTP/1.1 200 OK"
2025-12-11 22:26:35,027 - INFO - HTTP Request: GET http://host.docker.internal:11434/api/tags "HTTP/1.1 200 OK"
2025-12-11 22:26:48,537 - INFO - HTTP Request: POST http://host.docker.internal:11434/api/generate "HTTP/1.1 200 OK"
2025-12-11 22:26:48,539 - INFO - HTTP Request: GET http://host.docker.internal:11434/api/tags "HTTP/1.1 200 OK"
2025-12-11 22:27:09,806 - INFO - HTTP Request: POST http://host.docker.internal:11434/api/generate "HTTP/1.1 200 OK"
2025-12-11 22:27:09,809 - INFO - HTTP Request: GET http://host.docker.internal:11434/api/tags "HTTP/1.1 200 OK"
2025-12-11 22:27:26,364 - INFO - HTTP Request: POST http://host.docker.internal:11434/api/generate "HTTP/1.1 200 OK"
2025-12-11 22:27:26,366 - INFO - HTTP Request: GET http://host.docker.internal:11434/api/tags "HTTP/1.1 200 OK"
2025-12-11 22:27:46,416 - INFO - HTTP Request: POST http://host.docker.internal:11434/api/generate "HTTP/1.1 200 OK"
2025-12-11 22:27:46,418 - INFO - HTTP Request: GET http://host.docker.internal:11434/api/tags "HTTP/1.1 200 OK"
2025-12-11 22:28:10,274 - INFO - HTTP Request: POST http://host.docker.internal:11434/api/generate "HTTP/1.1 200 OK"
2025-12-11 22:28:10,276 - INFO - HTTP Request: GET http://host.docker.internal:11434/api/tags "HTTP/1.1 200 OK"
2025-12-11 22:28:28,083 - INFO - HTTP Request: POST http://host.docker.internal:11434/api/generate "HTTP/1.1 200 OK"
2025-12-11 22:28:28,085 - INFO - HTTP Request: GET http://host.docker.internal:11434/api/tags "HTTP/1.1 200 OK"
2025-12-11 22:28:41,833 - INFO - HTTP Request: POST http://host.docker.internal:11434/api/generate "HTTP/1.1 200 OK"
2025-12-11 22:28:41,835 - INFO - HTTP Request: GET http://host.docker.internal:11434/api/tags "HTTP/1.1 200 OK"
2025-12-11 22:28:55,756 - INFO - HTTP Request: POST http://host.docker.internal:11434/api/generate "HTTP/1.1 200 OK"
2025-12-11 22:28:55,758 - INFO - HTTP Request: GET http://host.docker.internal:11434/api/tags "HTTP/1.1 200 OK"
2025-12-11 22:29:15,229 - INFO - HTTP Request: POST http://host.docker.internal:11434/api/generate "HTTP/1.1 200 OK"
2025-12-11 22:29:15,231 - INFO - HTTP Request: GET http://host.docker.internal:11434/api/tags "HTTP/1.1 200 OK"
2025-12-11 22:29:31,408 - INFO - HTTP Request: POST http://host.docker.internal:11434/api/generate "HTTP/1.1 200 OK"
2025-12-11 22:29:31,410 - INFO - HTTP Request: GET http://host.docker.internal:11434/api/tags "HTTP/1.1 200 OK"
2025-12-11 22:29:46,487 - INFO - HTTP Request: POST http://host.docker.internal:11434/api/generate "HTTP/1.1 200 OK"
2025-12-11 22:29:46,490 - INFO - HTTP Request: GET http://host.docker.internal:11434/api/tags "HTTP/1.1 200 OK"
2025-12-11 22:30:01,277 - INFO - HTTP Request: POST http://host.docker.internal:11434/api/generate "HTTP/1.1 200 OK"
2025-12-11 22:30:01,279 - INFO - HTTP Request: GET http://host.docker.internal:11434/api/tags "HTTP/1.1 200 OK"
2025-12-11 22:30:11,341 - INFO - HTTP Request: POST http://host.docker.internal:11434/api/generate "HTTP/1.1 200 OK"
2025-12-11 22:30:11,343 - INFO - HTTP Request: GET http://host.docker.internal:11434/api/tags "HTTP/1.1 200 OK"
2025-12-11 22:30:38,643 - INFO - HTTP Request: POST http://host.docker.internal:11434/api/generate "HTTP/1.1 200 OK"
2025-12-11 22:30:38,646 - INFO - HTTP Request: GET http://host.docker.internal:11434/api/tags "HTTP/1.1 200 OK"
2025-12-11 22:30:51,627 - INFO - HTTP Request: POST http://host.docker.internal:11434/api/generate "HTTP/1.1 200 OK"
2025-12-11 22:30:51,629 - INFO - HTTP Request: GET http://host.docker.internal:11434/api/tags "HTTP/1.1 200 OK"
2025-12-11 22:31:07,023 - INFO - HTTP Request: POST http://host.docker.internal:11434/api/generate "HTTP/1.1 200 OK"
2025-12-11 22:31:07,025 - INFO - HTTP Request: GET http://host.docker.internal:11434/api/tags "HTTP/1.1 200 OK"
2025-12-11 22:31:26,065 - INFO - HTTP Request: POST http://host.docker.internal:11434/api/generate "HTTP/1.1 200 OK"
2025-12-11 22:31:26,067 - INFO - HTTP Request: GET http://host.docker.internal:11434/api/tags "HTTP/1.1 200 OK"
2025-12-11 22:31:38,713 - INFO - HTTP Request: POST http://host.docker.internal:11434/api/generate "HTTP/1.1 200 OK"
2025-12-11 22:31:38,715 - INFO - HTTP Request: GET http://host.docker.internal:11434/api/tags "HTTP/1.1 200 OK"
2025-12-11 22:31:47,291 - INFO - HTTP Request: POST http://host.docker.internal:11434/api/generate "HTTP/1.1 200 OK"
2025-12-11 22:31:47,293 - INFO - HTTP Request: GET http://host.docker.internal:11434/api/tags "HTTP/1.1 200 OK"
2025-12-11 22:32:12,601 - INFO - HTTP Request: POST http://host.docker.internal:11434/api/generate "HTTP/1.1 200 OK"
2025-12-11 22:32:12,603 - INFO - HTTP Request: GET http://host.docker.internal:11434/api/tags "HTTP/1.1 200 OK"
2025-12-11 22:32:28,502 - INFO - HTTP Request: POST http://host.docker.internal:11434/api/generate "HTTP/1.1 200 OK"
2025-12-11 22:32:28,504 - INFO - HTTP Request: GET http://host.docker.internal:11434/api/tags "HTTP/1.1 200 OK"
2025-12-11 22:32:51,880 - INFO - HTTP Request: POST http://host.docker.internal:11434/api/generate "HTTP/1.1 200 OK"
2025-12-11 22:32:51,882 - INFO - HTTP Request: GET http://host.docker.internal:11434/api/tags "HTTP/1.1 200 OK"
2025-12-11 22:33:05,550 - INFO - HTTP Request: POST http://host.docker.internal:11434/api/generate "HTTP/1.1 200 OK"
2025-12-11 22:33:05,551 - INFO - HTTP Request: GET http://host.docker.internal:11434/api/tags "HTTP/1.1 200 OK"
2025-12-11 22:33:21,546 - INFO - HTTP Request: POST http://host.docker.internal:11434/api/generate "HTTP/1.1 200 OK"
2025-12-11 22:33:21,548 - INFO - HTTP Request: GET http://host.docker.internal:11434/api/tags "HTTP/1.1 200 OK"
2025-12-11 22:33:32,864 - INFO - HTTP Request: POST http://host.docker.internal:11434/api/generate "HTTP/1.1 200 OK"
2025-12-11 22:33:32,866 - INFO - HTTP Request: GET http://host.docker.internal:11434/api/tags "HTTP/1.1 200 OK"
2025-12-11 22:33:52,558 - INFO - HTTP Request: POST http://host.docker.internal:11434/api/generate "HTTP/1.1 200 OK"
2025-12-11 22:33:52,560 - INFO - HTTP Request: GET http://host.docker.internal:11434/api/tags "HTTP/1.1 200 OK"
2025-12-11 22:34:02,799 - INFO - HTTP Request: POST http://host.docker.internal:11434/api/generate "HTTP/1.1 200 OK"
2025-12-11 22:34:02,801 - INFO - HTTP Request: GET http://host.docker.internal:11434/api/tags "HTTP/1.1 200 OK"
2025-12-11 22:34:17,520 - INFO - HTTP Request: POST http://host.docker.internal:11434/api/generate "HTTP/1.1 200 OK"
2025-12-11 22:34:17,522 - INFO - HTTP Request: GET http://host.docker.internal:11434/api/tags "HTTP/1.1 200 OK"
2025-12-11 22:34:31,912 - INFO - HTTP Request: POST http://host.docker.internal:11434/api/generate "HTTP/1.1 200 OK"
2025-12-11 22:34:31,914 - INFO - HTTP Request: GET http://host.docker.internal:11434/api/tags "HTTP/1.1 200 OK"
2025-12-11 22:34:50,686 - INFO - HTTP Request: POST http://host.docker.internal:11434/api/generate "HTTP/1.1 200 OK"
2025-12-11 22:34:50,688 - INFO - HTTP Request: GET http://host.docker.internal:11434/api/tags "HTTP/1.1 200 OK"
2025-12-11 22:35:06,213 - INFO - HTTP Request: POST http://host.docker.internal:11434/api/generate "HTTP/1.1 200 OK"
2025-12-11 22:35:06,215 - INFO - HTTP Request: GET http://host.docker.internal:11434/api/tags "HTTP/1.1 200 OK"
2025-12-11 22:35:33,401 - INFO - HTTP Request: POST http://host.docker.internal:11434/api/generate "HTTP/1.1 200 OK"
2025-12-11 22:35:33,403 - INFO - HTTP Request: GET http://host.docker.internal:11434/api/tags "HTTP/1.1 200 OK"
2025-12-11 22:35:47,280 - INFO - HTTP Request: POST http://host.docker.internal:11434/api/generate "HTTP/1.1 200 OK"
2025-12-11 22:35:47,282 - INFO - HTTP Request: GET http://host.docker.internal:11434/api/tags "HTTP/1.1 200 OK"
2025-12-11 22:36:07,914 - INFO - HTTP Request: POST http://host.docker.internal:11434/api/generate "HTTP/1.1 200 OK"
2025-12-11 22:36:07,916 - INFO - HTTP Request: GET http://host.docker.internal:11434/api/tags "HTTP/1.1 200 OK"
2025-12-11 22:36:23,593 - INFO - HTTP Request: POST http://host.docker.internal:11434/api/generate "HTTP/1.1 200 OK"
2025-12-11 22:36:23,595 - INFO - HTTP Request: GET http://host.docker.internal:11434/api/tags "HTTP/1.1 200 OK"
2025-12-11 22:36:34,103 - INFO - HTTP Request: POST http://host.docker.internal:11434/api/generate "HTTP/1.1 200 OK"
2025-12-11 22:36:34,106 - INFO - HTTP Request: GET http://host.docker.internal:11434/api/tags "HTTP/1.1 200 OK"
2025-12-11 22:36:40,614 - INFO - HTTP Request: POST http://host.docker.internal:11434/api/generate "HTTP/1.1 200 OK"
2025-12-11 22:36:40,616 - INFO - HTTP Request: GET http://host.docker.internal:11434/api/tags "HTTP/1.1 200 OK"
2025-12-11 22:37:05,347 - INFO - HTTP Request: POST http://host.docker.internal:11434/api/generate "HTTP/1.1 200 OK"
2025-12-11 22:37:05,349 - INFO - HTTP Request: GET http://host.docker.internal:11434/api/tags "HTTP/1.1 200 OK"
2025-12-11 22:37:20,301 - INFO - HTTP Request: POST http://host.docker.internal:11434/api/generate "HTTP/1.1 200 OK"
2025-12-11 22:37:20,303 - INFO - HTTP Request: GET http://host.docker.internal:11434/api/tags "HTTP/1.1 200 OK"
2025-12-11 22:37:33,140 - INFO - HTTP Request: POST http://host.docker.internal:11434/api/generate "HTTP/1.1 200 OK"
2025-12-11 22:37:33,142 - INFO - HTTP Request: GET http://host.docker.internal:11434/api/tags "HTTP/1.1 200 OK"
2025-12-11 22:37:47,497 - INFO - HTTP Request: POST http://host.docker.internal:11434/api/generate "HTTP/1.1 200 OK"
2025-12-11 22:37:47,499 - INFO - HTTP Request: GET http://host.docker.internal:11434/api/tags "HTTP/1.1 200 OK"
2025-12-11 22:38:04,996 - INFO - HTTP Request: POST http://host.docker.internal:11434/api/generate "HTTP/1.1 200 OK"
2025-12-11 22:38:04,998 - INFO - HTTP Request: GET http://host.docker.internal:11434/api/tags "HTTP/1.1 200 OK"
2025-12-11 22:38:19,147 - INFO - HTTP Request: POST http://host.docker.internal:11434/api/generate "HTTP/1.1 200 OK"
2025-12-11 22:38:19,149 - INFO - HTTP Request: GET http://host.docker.internal:11434/api/tags "HTTP/1.1 200 OK"
2025-12-11 22:38:32,759 - INFO - HTTP Request: POST http://host.docker.internal:11434/api/generate "HTTP/1.1 200 OK"
2025-12-11 22:38:32,761 - INFO - HTTP Request: GET http://host.docker.internal:11434/api/tags "HTTP/1.1 200 OK"
2025-12-11 22:38:52,912 - INFO - HTTP Request: POST http://host.docker.internal:11434/api/generate "HTTP/1.1 200 OK"
2025-12-11 22:38:52,914 - INFO - HTTP Request: GET http://host.docker.internal:11434/api/tags "HTTP/1.1 200 OK"
2025-12-11 22:39:07,986 - INFO - HTTP Request: POST http://host.docker.internal:11434/api/generate "HTTP/1.1 200 OK"
2025-12-11 22:39:07,988 - INFO - HTTP Request: GET http://host.docker.internal:11434/api/tags "HTTP/1.1 200 OK"
2025-12-11 22:39:25,743 - INFO - HTTP Request: POST http://host.docker.internal:11434/api/generate "HTTP/1.1 200 OK"
2025-12-11 22:39:25,745 - INFO - HTTP Request: GET http://host.docker.internal:11434/api/tags "HTTP/1.1 200 OK"
2025-12-11 22:39:39,271 - INFO - HTTP Request: POST http://host.docker.internal:11434/api/generate "HTTP/1.1 200 OK"
2025-12-11 22:39:39,274 - INFO - HTTP Request: GET http://host.docker.internal:11434/api/tags "HTTP/1.1 200 OK"
2025-12-11 22:39:57,486 - INFO - HTTP Request: POST http://host.docker.internal:11434/api/generate "HTTP/1.1 200 OK"
2025-12-11 22:39:57,489 - INFO - HTTP Request: GET http://host.docker.internal:11434/api/tags "HTTP/1.1 200 OK"
2025-12-11 22:40:09,772 - INFO - HTTP Request: POST http://host.docker.internal:11434/api/generate "HTTP/1.1 200 OK"
2025-12-11 22:40:09,774 - INFO - HTTP Request: GET http://host.docker.internal:11434/api/tags "HTTP/1.1 200 OK"
2025-12-11 22:40:37,984 - INFO - HTTP Request: POST http://host.docker.internal:11434/api/generate "HTTP/1.1 200 OK"
2025-12-11 22:40:37,987 - INFO - HTTP Request: GET http://host.docker.internal:11434/api/tags "HTTP/1.1 200 OK"
2025-12-11 22:40:52,037 - INFO - HTTP Request: POST http://host.docker.internal:11434/api/generate "HTTP/1.1 200 OK"
2025-12-11 22:40:52,039 - INFO - HTTP Request: GET http://host.docker.internal:11434/api/tags "HTTP/1.1 200 OK"
2025-12-11 22:41:11,519 - INFO - HTTP Request: POST http://host.docker.internal:11434/api/generate "HTTP/1.1 200 OK"
2025-12-11 22:41:11,521 - INFO - HTTP Request: GET http://host.docker.internal:11434/api/tags "HTTP/1.1 200 OK"
2025-12-11 22:41:31,582 - INFO - HTTP Request: POST http://host.docker.internal:11434/api/generate "HTTP/1.1 200 OK"
2025-12-11 22:41:31,584 - INFO - HTTP Request: GET http://host.docker.internal:11434/api/tags "HTTP/1.1 200 OK"
2025-12-11 22:41:45,375 - INFO - HTTP Request: POST http://host.docker.internal:11434/api/generate "HTTP/1.1 200 OK"
2025-12-11 22:41:45,377 - INFO - HTTP Request: GET http://host.docker.internal:11434/api/tags "HTTP/1.1 200 OK"
2025-12-11 22:42:00,007 - INFO - HTTP Request: POST http://host.docker.internal:11434/api/generate "HTTP/1.1 200 OK"
2025-12-11 22:42:00,009 - INFO - HTTP Request: GET http://host.docker.internal:11434/api/tags "HTTP/1.1 200 OK"
2025-12-11 22:42:08,619 - INFO - HTTP Request: POST http://host.docker.internal:11434/api/generate "HTTP/1.1 200 OK"
2025-12-11 22:42:08,621 - INFO - HTTP Request: GET http://host.docker.internal:11434/api/tags "HTTP/1.1 200 OK"
2025-12-11 22:42:18,563 - INFO - HTTP Request: POST http://host.docker.internal:11434/api/generate "HTTP/1.1 200 OK"
2025-12-11 22:42:18,565 - INFO - HTTP Request: GET http://host.docker.internal:11434/api/tags "HTTP/1.1 200 OK"
2025-12-11 22:42:36,624 - INFO - HTTP Request: POST http://host.docker.internal:11434/api/generate "HTTP/1.1 200 OK"
2025-12-11 22:42:36,626 - INFO - HTTP Request: GET http://host.docker.internal:11434/api/tags "HTTP/1.1 200 OK"
2025-12-11 22:42:49,937 - INFO - HTTP Request: POST http://host.docker.internal:11434/api/generate "HTTP/1.1 200 OK"
2025-12-11 22:42:49,939 - INFO - HTTP Request: GET http://host.docker.internal:11434/api/tags "HTTP/1.1 200 OK"
2025-12-11 22:43:02,318 - INFO - HTTP Request: POST http://host.docker.internal:11434/api/generate "HTTP/1.1 200 OK"
2025-12-11 22:43:02,320 - INFO - HTTP Request: GET http://host.docker.internal:11434/api/tags "HTTP/1.1 200 OK"
2025-12-11 22:43:33,819 - INFO - HTTP Request: POST http://host.docker.internal:11434/api/generate "HTTP/1.1 200 OK"
2025-12-11 22:43:33,822 - INFO - HTTP Request: GET http://host.docker.internal:11434/api/tags "HTTP/1.1 200 OK"
2025-12-11 22:43:48,171 - INFO - HTTP Request: POST http://host.docker.internal:11434/api/generate "HTTP/1.1 200 OK"
2025-12-11 22:43:48,173 - INFO - HTTP Request: GET http://host.docker.internal:11434/api/tags "HTTP/1.1 200 OK"
2025-12-11 22:44:09,209 - INFO - HTTP Request: POST http://host.docker.internal:11434/api/generate "HTTP/1.1 200 OK"
2025-12-11 22:44:09,211 - INFO - HTTP Request: GET http://host.docker.internal:11434/api/tags "HTTP/1.1 200 OK"
2025-12-11 22:44:24,845 - INFO - HTTP Request: POST http://host.docker.internal:11434/api/generate "HTTP/1.1 200 OK"
2025-12-11 22:44:24,847 - INFO - HTTP Request: GET http://host.docker.internal:11434/api/tags "HTTP/1.1 200 OK"
2025-12-11 22:44:40,196 - INFO - HTTP Request: POST http://host.docker.internal:11434/api/generate "HTTP/1.1 200 OK"
2025-12-11 22:44:40,198 - INFO - HTTP Request: GET http://host.docker.internal:11434/api/tags "HTTP/1.1 200 OK"
2025-12-11 22:44:55,006 - INFO - HTTP Request: POST http://host.docker.internal:11434/api/generate "HTTP/1.1 200 OK"
2025-12-11 22:44:55,008 - INFO - HTTP Request: GET http://host.docker.internal:11434/api/tags "HTTP/1.1 200 OK"
2025-12-11 22:45:06,128 - INFO - HTTP Request: POST http://host.docker.internal:11434/api/generate "HTTP/1.1 200 OK"
2025-12-11 22:45:06,128 - INFO -   累计文档: 585 条
2025-12-11 22:45:07,134 - INFO - 
处理批次 5: 20 个关键词
2025-12-11 22:46:20,700 - INFO -   原始结果: 300 条
2025-12-11 22:46:20,703 - INFO -   质量过滤后: 97 条
2025-12-11 22:46:20,711 - INFO - HTTP Request: GET http://host.docker.internal:11434/api/tags "HTTP/1.1 200 OK"
2025-12-11 22:46:40,103 - INFO - HTTP Request: POST http://host.docker.internal:11434/api/generate "HTTP/1.1 200 OK"
2025-12-11 22:46:40,105 - INFO - HTTP Request: GET http://host.docker.internal:11434/api/tags "HTTP/1.1 200 OK"
2025-12-11 22:46:58,634 - INFO - HTTP Request: POST http://host.docker.internal:11434/api/generate "HTTP/1.1 200 OK"
2025-12-11 22:46:58,636 - INFO - HTTP Request: GET http://host.docker.internal:11434/api/tags "HTTP/1.1 200 OK"
2025-12-11 22:47:18,415 - INFO - HTTP Request: POST http://host.docker.internal:11434/api/generate "HTTP/1.1 200 OK"
2025-12-11 22:47:18,417 - INFO - HTTP Request: GET http://host.docker.internal:11434/api/tags "HTTP/1.1 200 OK"
2025-12-11 22:47:43,230 - INFO - HTTP Request: POST http://host.docker.internal:11434/api/generate "HTTP/1.1 200 OK"
2025-12-11 22:47:43,232 - INFO - HTTP Request: GET http://host.docker.internal:11434/api/tags "HTTP/1.1 200 OK"
2025-12-11 22:47:58,727 - INFO - HTTP Request: POST http://host.docker.internal:11434/api/generate "HTTP/1.1 200 OK"
2025-12-11 22:47:58,729 - INFO - HTTP Request: GET http://host.docker.internal:11434/api/tags "HTTP/1.1 200 OK"
2025-12-11 22:48:23,442 - INFO - HTTP Request: POST http://host.docker.internal:11434/api/generate "HTTP/1.1 200 OK"
2025-12-11 22:48:23,444 - INFO - HTTP Request: GET http://host.docker.internal:11434/api/tags "HTTP/1.1 200 OK"
2025-12-11 22:48:41,603 - INFO - HTTP Request: POST http://host.docker.internal:11434/api/generate "HTTP/1.1 200 OK"
2025-12-11 22:48:41,605 - INFO - HTTP Request: GET http://host.docker.internal:11434/api/tags "HTTP/1.1 200 OK"
2025-12-11 22:49:05,760 - INFO - HTTP Request: POST http://host.docker.internal:11434/api/generate "HTTP/1.1 200 OK"
2025-12-11 22:49:05,762 - INFO - HTTP Request: GET http://host.docker.internal:11434/api/tags "HTTP/1.1 200 OK"
2025-12-11 22:49:17,922 - INFO - HTTP Request: POST http://host.docker.internal:11434/api/generate "HTTP/1.1 200 OK"
2025-12-11 22:49:17,924 - INFO - HTTP Request: GET http://host.docker.internal:11434/api/tags "HTTP/1.1 200 OK"
2025-12-11 22:49:37,439 - INFO - HTTP Request: POST http://host.docker.internal:11434/api/generate "HTTP/1.1 200 OK"
2025-12-11 22:49:37,441 - INFO - HTTP Request: GET http://host.docker.internal:11434/api/tags "HTTP/1.1 200 OK"
2025-12-11 22:49:51,751 - INFO - HTTP Request: POST http://host.docker.internal:11434/api/generate "HTTP/1.1 200 OK"
2025-12-11 22:49:51,753 - INFO - HTTP Request: GET http://host.docker.internal:11434/api/tags "HTTP/1.1 200 OK"
2025-12-11 22:50:05,340 - INFO - HTTP Request: POST http://host.docker.internal:11434/api/generate "HTTP/1.1 200 OK"
2025-12-11 22:50:05,342 - INFO - HTTP Request: GET http://host.docker.internal:11434/api/tags "HTTP/1.1 200 OK"
2025-12-11 22:50:26,176 - INFO - HTTP Request: POST http://host.docker.internal:11434/api/generate "HTTP/1.1 200 OK"
2025-12-11 22:50:26,178 - INFO - HTTP Request: GET http://host.docker.internal:11434/api/tags "HTTP/1.1 200 OK"
2025-12-11 22:50:40,862 - INFO - HTTP Request: POST http://host.docker.internal:11434/api/generate "HTTP/1.1 200 OK"
2025-12-11 22:50:40,864 - INFO - HTTP Request: GET http://host.docker.internal:11434/api/tags "HTTP/1.1 200 OK"
2025-12-11 22:51:06,027 - INFO - HTTP Request: POST http://host.docker.internal:11434/api/generate "HTTP/1.1 200 OK"
2025-12-11 22:51:06,029 - INFO - HTTP Request: GET http://host.docker.internal:11434/api/tags "HTTP/1.1 200 OK"
2025-12-11 22:51:28,834 - INFO - HTTP Request: POST http://host.docker.internal:11434/api/generate "HTTP/1.1 200 OK"
2025-12-11 22:51:28,836 - INFO - HTTP Request: GET http://host.docker.internal:11434/api/tags "HTTP/1.1 200 OK"
2025-12-11 22:51:41,806 - INFO - HTTP Request: POST http://host.docker.internal:11434/api/generate "HTTP/1.1 200 OK"
2025-12-11 22:51:41,808 - INFO - HTTP Request: GET http://host.docker.internal:11434/api/tags "HTTP/1.1 200 OK"
2025-12-11 22:51:55,633 - INFO - HTTP Request: POST http://host.docker.internal:11434/api/generate "HTTP/1.1 200 OK"
2025-12-11 22:51:55,635 - INFO - HTTP Request: GET http://host.docker.internal:11434/api/tags "HTTP/1.1 200 OK"
2025-12-11 22:52:18,555 - INFO - HTTP Request: POST http://host.docker.internal:11434/api/generate "HTTP/1.1 200 OK"
2025-12-11 22:52:18,557 - INFO - HTTP Request: GET http://host.docker.internal:11434/api/tags "HTTP/1.1 200 OK"
2025-12-11 22:52:34,177 - INFO - HTTP Request: POST http://host.docker.internal:11434/api/generate "HTTP/1.1 200 OK"
2025-12-11 22:52:34,179 - INFO - HTTP Request: GET http://host.docker.internal:11434/api/tags "HTTP/1.1 200 OK"
2025-12-11 22:52:56,033 - INFO - HTTP Request: POST http://host.docker.internal:11434/api/generate "HTTP/1.1 200 OK"
2025-12-11 22:52:56,035 - INFO - HTTP Request: GET http://host.docker.internal:11434/api/tags "HTTP/1.1 200 OK"
2025-12-11 22:53:12,135 - INFO - HTTP Request: POST http://host.docker.internal:11434/api/generate "HTTP/1.1 200 OK"
2025-12-11 22:53:12,137 - INFO - HTTP Request: GET http://host.docker.internal:11434/api/tags "HTTP/1.1 200 OK"
2025-12-11 22:53:28,725 - INFO - HTTP Request: POST http://host.docker.internal:11434/api/generate "HTTP/1.1 200 OK"
2025-12-11 22:53:28,727 - INFO - HTTP Request: GET http://host.docker.internal:11434/api/tags "HTTP/1.1 200 OK"
2025-12-11 22:53:41,780 - INFO - HTTP Request: POST http://host.docker.internal:11434/api/generate "HTTP/1.1 200 OK"
2025-12-11 22:53:41,782 - INFO - HTTP Request: GET http://host.docker.internal:11434/api/tags "HTTP/1.1 200 OK"
2025-12-11 22:54:01,142 - INFO - HTTP Request: POST http://host.docker.internal:11434/api/generate "HTTP/1.1 200 OK"
2025-12-11 22:54:01,144 - INFO - HTTP Request: GET http://host.docker.internal:11434/api/tags "HTTP/1.1 200 OK"
2025-12-11 22:54:19,040 - INFO - HTTP Request: POST http://host.docker.internal:11434/api/generate "HTTP/1.1 200 OK"
2025-12-11 22:54:19,041 - INFO - HTTP Request: GET http://host.docker.internal:11434/api/tags "HTTP/1.1 200 OK"
2025-12-11 22:54:33,017 - INFO - HTTP Request: POST http://host.docker.internal:11434/api/generate "HTTP/1.1 200 OK"
2025-12-11 22:54:33,019 - INFO - HTTP Request: GET http://host.docker.internal:11434/api/tags "HTTP/1.1 200 OK"
2025-12-11 22:54:53,321 - INFO - HTTP Request: POST http://host.docker.internal:11434/api/generate "HTTP/1.1 200 OK"
2025-12-11 22:54:53,323 - INFO - HTTP Request: GET http://host.docker.internal:11434/api/tags "HTTP/1.1 200 OK"
2025-12-11 22:55:06,236 - INFO - HTTP Request: POST http://host.docker.internal:11434/api/generate "HTTP/1.1 200 OK"
2025-12-11 22:55:06,238 - INFO - HTTP Request: GET http://host.docker.internal:11434/api/tags "HTTP/1.1 200 OK"
2025-12-11 22:55:20,434 - INFO - HTTP Request: POST http://host.docker.internal:11434/api/generate "HTTP/1.1 200 OK"
2025-12-11 22:55:20,436 - INFO - HTTP Request: GET http://host.docker.internal:11434/api/tags "HTTP/1.1 200 OK"
2025-12-11 22:55:43,317 - INFO - HTTP Request: POST http://host.docker.internal:11434/api/generate "HTTP/1.1 200 OK"
2025-12-11 22:55:43,319 - INFO - HTTP Request: GET http://host.docker.internal:11434/api/tags "HTTP/1.1 200 OK"
2025-12-11 22:55:58,743 - INFO - HTTP Request: POST http://host.docker.internal:11434/api/generate "HTTP/1.1 200 OK"
2025-12-11 22:55:58,746 - INFO - HTTP Request: GET http://host.docker.internal:11434/api/tags "HTTP/1.1 200 OK"
2025-12-11 22:56:19,405 - INFO - HTTP Request: POST http://host.docker.internal:11434/api/generate "HTTP/1.1 200 OK"
2025-12-11 22:56:19,407 - INFO - HTTP Request: GET http://host.docker.internal:11434/api/tags "HTTP/1.1 200 OK"
2025-12-11 22:56:37,735 - INFO - HTTP Request: POST http://host.docker.internal:11434/api/generate "HTTP/1.1 200 OK"
2025-12-11 22:56:37,737 - INFO - HTTP Request: GET http://host.docker.internal:11434/api/tags "HTTP/1.1 200 OK"
2025-12-11 22:56:53,803 - INFO - HTTP Request: POST http://host.docker.internal:11434/api/generate "HTTP/1.1 200 OK"
2025-12-11 22:56:53,805 - INFO - HTTP Request: GET http://host.docker.internal:11434/api/tags "HTTP/1.1 200 OK"
2025-12-11 22:57:11,964 - INFO - HTTP Request: POST http://host.docker.internal:11434/api/generate "HTTP/1.1 200 OK"
2025-12-11 22:57:11,966 - INFO - HTTP Request: GET http://host.docker.internal:11434/api/tags "HTTP/1.1 200 OK"
2025-12-11 22:57:26,927 - INFO - HTTP Request: POST http://host.docker.internal:11434/api/generate "HTTP/1.1 200 OK"
2025-12-11 22:57:26,929 - INFO - HTTP Request: GET http://host.docker.internal:11434/api/tags "HTTP/1.1 200 OK"
2025-12-11 22:57:56,981 - INFO - HTTP Request: POST http://host.docker.internal:11434/api/generate "HTTP/1.1 200 OK"
2025-12-11 22:57:56,983 - INFO - HTTP Request: GET http://host.docker.internal:11434/api/tags "HTTP/1.1 200 OK"
2025-12-11 22:58:13,144 - INFO - HTTP Request: POST http://host.docker.internal:11434/api/generate "HTTP/1.1 200 OK"
2025-12-11 22:58:13,146 - INFO - HTTP Request: GET http://host.docker.internal:11434/api/tags "HTTP/1.1 200 OK"
2025-12-11 22:58:38,584 - INFO - HTTP Request: POST http://host.docker.internal:11434/api/generate "HTTP/1.1 200 OK"
2025-12-11 22:58:38,586 - INFO - HTTP Request: GET http://host.docker.internal:11434/api/tags "HTTP/1.1 200 OK"
2025-12-11 22:58:51,027 - INFO - HTTP Request: POST http://host.docker.internal:11434/api/generate "HTTP/1.1 200 OK"
2025-12-11 22:58:51,029 - INFO - HTTP Request: GET http://host.docker.internal:11434/api/tags "HTTP/1.1 200 OK"
2025-12-11 22:59:06,004 - INFO - HTTP Request: POST http://host.docker.internal:11434/api/generate "HTTP/1.1 200 OK"
2025-12-11 22:59:06,006 - INFO - HTTP Request: GET http://host.docker.internal:11434/api/tags "HTTP/1.1 200 OK"
2025-12-11 22:59:23,950 - INFO - HTTP Request: POST http://host.docker.internal:11434/api/generate "HTTP/1.1 200 OK"
2025-12-11 22:59:23,952 - INFO - HTTP Request: GET http://host.docker.internal:11434/api/tags "HTTP/1.1 200 OK"
2025-12-11 22:59:43,402 - INFO - HTTP Request: POST http://host.docker.internal:11434/api/generate "HTTP/1.1 200 OK"
2025-12-11 22:59:43,404 - INFO - HTTP Request: GET http://host.docker.internal:11434/api/tags "HTTP/1.1 200 OK"
2025-12-11 23:00:07,435 - INFO - HTTP Request: POST http://host.docker.internal:11434/api/generate "HTTP/1.1 200 OK"
2025-12-11 23:00:07,437 - INFO - HTTP Request: GET http://host.docker.internal:11434/api/tags "HTTP/1.1 200 OK"
2025-12-11 23:00:18,304 - INFO - HTTP Request: POST http://host.docker.internal:11434/api/generate "HTTP/1.1 200 OK"
2025-12-11 23:00:18,306 - INFO - HTTP Request: GET http://host.docker.internal:11434/api/tags "HTTP/1.1 200 OK"
2025-12-11 23:00:34,208 - INFO - HTTP Request: POST http://host.docker.internal:11434/api/generate "HTTP/1.1 200 OK"
2025-12-11 23:00:34,210 - INFO - HTTP Request: GET http://host.docker.internal:11434/api/tags "HTTP/1.1 200 OK"
2025-12-11 23:00:52,026 - INFO - HTTP Request: POST http://host.docker.internal:11434/api/generate "HTTP/1.1 200 OK"
2025-12-11 23:00:52,029 - INFO - HTTP Request: GET http://host.docker.internal:11434/api/tags "HTTP/1.1 200 OK"
2025-12-11 23:01:05,562 - INFO - HTTP Request: POST http://host.docker.internal:11434/api/generate "HTTP/1.1 200 OK"
2025-12-11 23:01:05,564 - INFO - HTTP Request: GET http://host.docker.internal:11434/api/tags "HTTP/1.1 200 OK"
2025-12-11 23:01:30,456 - INFO - HTTP Request: POST http://host.docker.internal:11434/api/generate "HTTP/1.1 200 OK"
2025-12-11 23:01:30,458 - INFO - HTTP Request: GET http://host.docker.internal:11434/api/tags "HTTP/1.1 200 OK"
2025-12-11 23:01:49,949 - INFO - HTTP Request: POST http://host.docker.internal:11434/api/generate "HTTP/1.1 200 OK"
2025-12-11 23:01:49,951 - INFO - HTTP Request: GET http://host.docker.internal:11434/api/tags "HTTP/1.1 200 OK"
2025-12-11 23:02:03,823 - INFO - HTTP Request: POST http://host.docker.internal:11434/api/generate "HTTP/1.1 200 OK"
2025-12-11 23:02:03,825 - INFO - HTTP Request: GET http://host.docker.internal:11434/api/tags "HTTP/1.1 200 OK"
2025-12-11 23:02:23,677 - INFO - HTTP Request: POST http://host.docker.internal:11434/api/generate "HTTP/1.1 200 OK"
2025-12-11 23:02:23,680 - INFO - HTTP Request: GET http://host.docker.internal:11434/api/tags "HTTP/1.1 200 OK"
2025-12-11 23:02:37,602 - INFO - HTTP Request: POST http://host.docker.internal:11434/api/generate "HTTP/1.1 200 OK"
2025-12-11 23:02:37,604 - INFO - HTTP Request: GET http://host.docker.internal:11434/api/tags "HTTP/1.1 200 OK"
2025-12-11 23:02:50,741 - INFO - HTTP Request: POST http://host.docker.internal:11434/api/generate "HTTP/1.1 200 OK"
2025-12-11 23:02:50,743 - INFO - HTTP Request: GET http://host.docker.internal:11434/api/tags "HTTP/1.1 200 OK"
2025-12-11 23:03:04,345 - INFO - HTTP Request: POST http://host.docker.internal:11434/api/generate "HTTP/1.1 200 OK"
2025-12-11 23:03:04,347 - INFO - HTTP Request: GET http://host.docker.internal:11434/api/tags "HTTP/1.1 200 OK"
2025-12-11 23:03:17,840 - INFO - HTTP Request: POST http://host.docker.internal:11434/api/generate "HTTP/1.1 200 OK"
2025-12-11 23:03:17,842 - INFO - HTTP Request: GET http://host.docker.internal:11434/api/tags "HTTP/1.1 200 OK"
2025-12-11 23:03:36,689 - INFO - HTTP Request: POST http://host.docker.internal:11434/api/generate "HTTP/1.1 200 OK"
2025-12-11 23:03:36,692 - INFO - HTTP Request: GET http://host.docker.internal:11434/api/tags "HTTP/1.1 200 OK"
2025-12-11 23:03:54,308 - INFO - HTTP Request: POST http://host.docker.internal:11434/api/generate "HTTP/1.1 200 OK"
2025-12-11 23:03:54,310 - INFO - HTTP Request: GET http://host.docker.internal:11434/api/tags "HTTP/1.1 200 OK"
2025-12-11 23:04:15,151 - INFO - HTTP Request: POST http://host.docker.internal:11434/api/generate "HTTP/1.1 200 OK"
2025-12-11 23:04:15,153 - INFO - HTTP Request: GET http://host.docker.internal:11434/api/tags "HTTP/1.1 200 OK"
2025-12-11 23:04:30,004 - INFO - HTTP Request: POST http://host.docker.internal:11434/api/generate "HTTP/1.1 200 OK"
2025-12-11 23:04:30,007 - INFO - HTTP Request: GET http://host.docker.internal:11434/api/tags "HTTP/1.1 200 OK"
2025-12-11 23:04:55,730 - INFO - HTTP Request: POST http://host.docker.internal:11434/api/generate "HTTP/1.1 200 OK"
2025-12-11 23:04:55,732 - INFO - HTTP Request: GET http://host.docker.internal:11434/api/tags "HTTP/1.1 200 OK"
2025-12-11 23:05:19,199 - INFO - HTTP Request: POST http://host.docker.internal:11434/api/generate "HTTP/1.1 200 OK"
2025-12-11 23:05:19,201 - INFO - HTTP Request: GET http://host.docker.internal:11434/api/tags "HTTP/1.1 200 OK"
2025-12-11 23:05:33,418 - INFO - HTTP Request: POST http://host.docker.internal:11434/api/generate "HTTP/1.1 200 OK"
2025-12-11 23:05:33,419 - INFO - HTTP Request: GET http://host.docker.internal:11434/api/tags "HTTP/1.1 200 OK"
2025-12-11 23:05:52,491 - INFO - HTTP Request: POST http://host.docker.internal:11434/api/generate "HTTP/1.1 200 OK"
2025-12-11 23:05:52,494 - INFO - HTTP Request: GET http://host.docker.internal:11434/api/tags "HTTP/1.1 200 OK"
2025-12-11 23:06:13,741 - INFO - HTTP Request: POST http://host.docker.internal:11434/api/generate "HTTP/1.1 200 OK"
2025-12-11 23:06:13,743 - INFO - HTTP Request: GET http://host.docker.internal:11434/api/tags "HTTP/1.1 200 OK"
2025-12-11 23:06:29,666 - INFO - HTTP Request: POST http://host.docker.internal:11434/api/generate "HTTP/1.1 200 OK"
2025-12-11 23:06:29,668 - INFO - HTTP Request: GET http://host.docker.internal:11434/api/tags "HTTP/1.1 200 OK"
2025-12-11 23:06:45,846 - INFO - HTTP Request: POST http://host.docker.internal:11434/api/generate "HTTP/1.1 200 OK"
2025-12-11 23:06:45,848 - INFO - HTTP Request: GET http://host.docker.internal:11434/api/tags "HTTP/1.1 200 OK"
2025-12-11 23:07:05,914 - INFO - HTTP Request: POST http://host.docker.internal:11434/api/generate "HTTP/1.1 200 OK"
2025-12-11 23:07:05,916 - INFO - HTTP Request: GET http://host.docker.internal:11434/api/tags "HTTP/1.1 200 OK"
2025-12-11 23:07:24,082 - INFO - HTTP Request: POST http://host.docker.internal:11434/api/generate "HTTP/1.1 200 OK"
2025-12-11 23:07:24,084 - INFO - HTTP Request: GET http://host.docker.internal:11434/api/tags "HTTP/1.1 200 OK"
2025-12-11 23:07:35,803 - INFO - HTTP Request: POST http://host.docker.internal:11434/api/generate "HTTP/1.1 200 OK"
2025-12-11 23:07:35,805 - INFO - HTTP Request: GET http://host.docker.internal:11434/api/tags "HTTP/1.1 200 OK"
2025-12-11 23:07:54,519 - INFO - HTTP Request: POST http://host.docker.internal:11434/api/generate "HTTP/1.1 200 OK"
2025-12-11 23:07:54,521 - INFO - HTTP Request: GET http://host.docker.internal:11434/api/tags "HTTP/1.1 200 OK"
2025-12-11 23:08:09,003 - INFO - HTTP Request: POST http://host.docker.internal:11434/api/generate "HTTP/1.1 200 OK"
2025-12-11 23:08:09,005 - INFO - HTTP Request: GET http://host.docker.internal:11434/api/tags "HTTP/1.1 200 OK"
2025-12-11 23:08:23,433 - INFO - HTTP Request: POST http://host.docker.internal:11434/api/generate "HTTP/1.1 200 OK"
2025-12-11 23:08:23,435 - INFO - HTTP Request: GET http://host.docker.internal:11434/api/tags "HTTP/1.1 200 OK"
2025-12-11 23:08:50,872 - INFO - HTTP Request: POST http://host.docker.internal:11434/api/generate "HTTP/1.1 200 OK"
2025-12-11 23:08:50,874 - INFO - HTTP Request: GET http://host.docker.internal:11434/api/tags "HTTP/1.1 200 OK"
2025-12-11 23:09:14,418 - INFO - HTTP Request: POST http://host.docker.internal:11434/api/generate "HTTP/1.1 200 OK"
2025-12-11 23:09:14,420 - INFO - HTTP Request: GET http://host.docker.internal:11434/api/tags "HTTP/1.1 200 OK"
2025-12-11 23:09:33,411 - INFO - HTTP Request: POST http://host.docker.internal:11434/api/generate "HTTP/1.1 200 OK"
2025-12-11 23:09:33,413 - INFO - HTTP Request: GET http://host.docker.internal:11434/api/tags "HTTP/1.1 200 OK"
2025-12-11 23:09:57,827 - INFO - HTTP Request: POST http://host.docker.internal:11434/api/generate "HTTP/1.1 200 OK"
2025-12-11 23:09:57,829 - INFO - HTTP Request: GET http://host.docker.internal:11434/api/tags "HTTP/1.1 200 OK"
2025-12-11 23:10:07,594 - INFO - HTTP Request: POST http://host.docker.internal:11434/api/generate "HTTP/1.1 200 OK"
2025-12-11 23:10:07,596 - INFO - HTTP Request: GET http://host.docker.internal:11434/api/tags "HTTP/1.1 200 OK"
2025-12-11 23:10:30,183 - INFO - HTTP Request: POST http://host.docker.internal:11434/api/generate "HTTP/1.1 200 OK"
2025-12-11 23:10:30,185 - INFO - HTTP Request: GET http://host.docker.internal:11434/api/tags "HTTP/1.1 200 OK"
2025-12-11 23:10:42,592 - INFO - HTTP Request: POST http://host.docker.internal:11434/api/generate "HTTP/1.1 200 OK"
2025-12-11 23:10:42,594 - INFO - HTTP Request: GET http://host.docker.internal:11434/api/tags "HTTP/1.1 200 OK"
2025-12-11 23:10:59,376 - INFO - HTTP Request: POST http://host.docker.internal:11434/api/generate "HTTP/1.1 200 OK"
2025-12-11 23:10:59,378 - INFO - HTTP Request: GET http://host.docker.internal:11434/api/tags "HTTP/1.1 200 OK"
2025-12-11 23:11:16,180 - INFO - HTTP Request: POST http://host.docker.internal:11434/api/generate "HTTP/1.1 200 OK"
2025-12-11 23:11:16,182 - INFO - HTTP Request: GET http://host.docker.internal:11434/api/tags "HTTP/1.1 200 OK"
2025-12-11 23:11:30,735 - INFO - HTTP Request: POST http://host.docker.internal:11434/api/generate "HTTP/1.1 200 OK"
2025-12-11 23:11:30,737 - INFO - HTTP Request: GET http://host.docker.internal:11434/api/tags "HTTP/1.1 200 OK"
2025-12-11 23:11:53,973 - INFO - HTTP Request: POST http://host.docker.internal:11434/api/generate "HTTP/1.1 200 OK"
2025-12-11 23:11:53,975 - INFO - HTTP Request: GET http://host.docker.internal:11434/api/tags "HTTP/1.1 200 OK"
2025-12-11 23:12:17,395 - INFO - HTTP Request: POST http://host.docker.internal:11434/api/generate "HTTP/1.1 200 OK"
2025-12-11 23:12:17,397 - INFO - HTTP Request: GET http://host.docker.internal:11434/api/tags "HTTP/1.1 200 OK"
2025-12-11 23:12:31,678 - INFO - HTTP Request: POST http://host.docker.internal:11434/api/generate "HTTP/1.1 200 OK"
2025-12-11 23:12:31,680 - INFO - HTTP Request: GET http://host.docker.internal:11434/api/tags "HTTP/1.1 200 OK"
2025-12-11 23:13:06,848 - INFO - HTTP Request: POST http://host.docker.internal:11434/api/generate "HTTP/1.1 200 OK"
2025-12-11 23:13:06,851 - INFO - HTTP Request: GET http://host.docker.internal:11434/api/tags "HTTP/1.1 200 OK"
2025-12-11 23:13:30,708 - INFO - HTTP Request: POST http://host.docker.internal:11434/api/generate "HTTP/1.1 200 OK"
2025-12-11 23:13:30,710 - INFO - HTTP Request: GET http://host.docker.internal:11434/api/tags "HTTP/1.1 200 OK"
2025-12-11 23:13:58,313 - INFO - HTTP Request: POST http://host.docker.internal:11434/api/generate "HTTP/1.1 200 OK"
2025-12-11 23:13:58,315 - INFO - HTTP Request: GET http://host.docker.internal:11434/api/tags "HTTP/1.1 200 OK"
2025-12-11 23:14:10,723 - INFO - HTTP Request: POST http://host.docker.internal:11434/api/generate "HTTP/1.1 200 OK"
2025-12-11 23:14:10,725 - INFO - HTTP Request: GET http://host.docker.internal:11434/api/tags "HTTP/1.1 200 OK"
2025-12-11 23:14:27,669 - INFO - HTTP Request: POST http://host.docker.internal:11434/api/generate "HTTP/1.1 200 OK"
2025-12-11 23:14:27,671 - INFO - HTTP Request: GET http://host.docker.internal:11434/api/tags "HTTP/1.1 200 OK"
2025-12-11 23:14:31,958 - INFO - HTTP Request: POST http://host.docker.internal:11434/api/generate "HTTP/1.1 200 OK"
2025-12-11 23:14:31,961 - INFO - HTTP Request: GET http://host.docker.internal:11434/api/tags "HTTP/1.1 200 OK"
2025-12-11 23:14:43,616 - INFO - HTTP Request: POST http://host.docker.internal:11434/api/generate "HTTP/1.1 200 OK"
2025-12-11 23:14:43,618 - INFO - HTTP Request: GET http://host.docker.internal:11434/api/tags "HTTP/1.1 200 OK"
2025-12-11 23:15:05,065 - INFO - HTTP Request: POST http://host.docker.internal:11434/api/generate "HTTP/1.1 200 OK"
2025-12-11 23:15:05,067 - INFO - HTTP Request: GET http://host.docker.internal:11434/api/tags "HTTP/1.1 200 OK"
2025-12-11 23:15:25,278 - INFO - HTTP Request: POST http://host.docker.internal:11434/api/generate "HTTP/1.1 200 OK"
2025-12-11 23:15:25,280 - INFO - HTTP Request: GET http://host.docker.internal:11434/api/tags "HTTP/1.1 200 OK"
2025-12-11 23:15:35,901 - INFO - HTTP Request: POST http://host.docker.internal:11434/api/generate "HTTP/1.1 200 OK"
2025-12-11 23:15:35,902 - INFO -   累计文档: 682 条
2025-12-11 23:15:35,145 - INFO - 
处理批次 6: 20 个关键词
2025-12-11 23:16:50,172 - INFO -   原始结果: 300 条
2025-12-11 23:16:50,174 - INFO -   质量过滤后: 153 条
2025-12-11 23:16:50,178 - INFO - HTTP Request: GET http://host.docker.internal:11434/api/tags "HTTP/1.1 200 OK"
2025-12-11 23:17:00,675 - INFO - HTTP Request: POST http://host.docker.internal:11434/api/generate "HTTP/1.1 200 OK"
2025-12-11 23:17:00,677 - INFO - HTTP Request: GET http://host.docker.internal:11434/api/tags "HTTP/1.1 200 OK"
2025-12-11 23:17:17,982 - INFO - HTTP Request: POST http://host.docker.internal:11434/api/generate "HTTP/1.1 200 OK"
2025-12-11 23:17:17,984 - INFO - HTTP Request: GET http://host.docker.internal:11434/api/tags "HTTP/1.1 200 OK"
2025-12-11 23:17:28,492 - INFO - HTTP Request: POST http://host.docker.internal:11434/api/generate "HTTP/1.1 200 OK"
2025-12-11 23:17:28,494 - INFO - HTTP Request: GET http://host.docker.internal:11434/api/tags "HTTP/1.1 200 OK"
2025-12-11 23:17:47,932 - INFO - HTTP Request: POST http://host.docker.internal:11434/api/generate "HTTP/1.1 200 OK"
2025-12-11 23:17:47,934 - INFO - HTTP Request: GET http://host.docker.internal:11434/api/tags "HTTP/1.1 200 OK"
2025-12-11 23:18:08,997 - INFO - HTTP Request: POST http://host.docker.internal:11434/api/generate "HTTP/1.1 200 OK"
2025-12-11 23:18:08,999 - INFO - HTTP Request: GET http://host.docker.internal:11434/api/tags "HTTP/1.1 200 OK"
2025-12-11 23:18:26,634 - INFO - HTTP Request: POST http://host.docker.internal:11434/api/generate "HTTP/1.1 200 OK"
2025-12-11 23:18:26,636 - INFO - HTTP Request: GET http://host.docker.internal:11434/api/tags "HTTP/1.1 200 OK"
2025-12-11 23:18:36,127 - INFO - HTTP Request: POST http://host.docker.internal:11434/api/generate "HTTP/1.1 200 OK"
2025-12-11 23:18:36,130 - INFO - HTTP Request: GET http://host.docker.internal:11434/api/tags "HTTP/1.1 200 OK"
2025-12-11 23:18:49,828 - INFO - HTTP Request: POST http://host.docker.internal:11434/api/generate "HTTP/1.1 200 OK"
2025-12-11 23:18:49,830 - INFO - HTTP Request: GET http://host.docker.internal:11434/api/tags "HTTP/1.1 200 OK"
2025-12-11 23:19:06,586 - INFO - HTTP Request: POST http://host.docker.internal:11434/api/generate "HTTP/1.1 200 OK"
2025-12-11 23:19:06,588 - INFO - HTTP Request: GET http://host.docker.internal:11434/api/tags "HTTP/1.1 200 OK"
2025-12-11 23:19:26,111 - INFO - HTTP Request: POST http://host.docker.internal:11434/api/generate "HTTP/1.1 200 OK"
2025-12-11 23:19:26,113 - INFO - HTTP Request: GET http://host.docker.internal:11434/api/tags "HTTP/1.1 200 OK"
2025-12-11 23:19:51,312 - INFO - HTTP Request: POST http://host.docker.internal:11434/api/generate "HTTP/1.1 200 OK"
2025-12-11 23:19:51,315 - INFO - HTTP Request: GET http://host.docker.internal:11434/api/tags "HTTP/1.1 200 OK"
2025-12-11 23:20:03,857 - INFO - HTTP Request: POST http://host.docker.internal:11434/api/generate "HTTP/1.1 200 OK"
2025-12-11 23:20:03,859 - INFO - HTTP Request: GET http://host.docker.internal:11434/api/tags "HTTP/1.1 200 OK"
2025-12-11 23:20:07,950 - INFO - HTTP Request: POST http://host.docker.internal:11434/api/generate "HTTP/1.1 200 OK"
2025-12-11 23:20:07,952 - INFO - HTTP Request: GET http://host.docker.internal:11434/api/tags "HTTP/1.1 200 OK"
2025-12-11 23:20:18,363 - INFO - HTTP Request: POST http://host.docker.internal:11434/api/generate "HTTP/1.1 200 OK"
2025-12-11 23:20:18,364 - INFO - HTTP Request: GET http://host.docker.internal:11434/api/tags "HTTP/1.1 200 OK"
2025-12-11 23:20:24,352 - INFO - HTTP Request: POST http://host.docker.internal:11434/api/generate "HTTP/1.1 200 OK"
2025-12-11 23:20:24,354 - INFO - HTTP Request: GET http://host.docker.internal:11434/api/tags "HTTP/1.1 200 OK"
2025-12-11 23:20:42,907 - INFO - HTTP Request: POST http://host.docker.internal:11434/api/generate "HTTP/1.1 200 OK"
2025-12-11 23:20:42,909 - INFO - HTTP Request: GET http://host.docker.internal:11434/api/tags "HTTP/1.1 200 OK"
2025-12-11 23:20:55,708 - INFO - HTTP Request: POST http://host.docker.internal:11434/api/generate "HTTP/1.1 200 OK"
2025-12-11 23:20:55,710 - INFO - HTTP Request: GET http://host.docker.internal:11434/api/tags "HTTP/1.1 200 OK"
2025-12-11 23:21:06,967 - INFO - HTTP Request: POST http://host.docker.internal:11434/api/generate "HTTP/1.1 200 OK"
2025-12-11 23:21:06,968 - INFO - HTTP Request: GET http://host.docker.internal:11434/api/tags "HTTP/1.1 200 OK"
2025-12-11 23:21:27,625 - INFO - HTTP Request: POST http://host.docker.internal:11434/api/generate "HTTP/1.1 200 OK"
2025-12-11 23:21:27,627 - INFO - HTTP Request: GET http://host.docker.internal:11434/api/tags "HTTP/1.1 200 OK"
2025-12-11 23:21:46,885 - INFO - HTTP Request: POST http://host.docker.internal:11434/api/generate "HTTP/1.1 200 OK"
2025-12-11 23:21:46,887 - INFO - HTTP Request: GET http://host.docker.internal:11434/api/tags "HTTP/1.1 200 OK"
2025-12-11 23:21:58,697 - INFO - HTTP Request: POST http://host.docker.internal:11434/api/generate "HTTP/1.1 200 OK"
2025-12-11 23:21:58,699 - INFO - HTTP Request: GET http://host.docker.internal:11434/api/tags "HTTP/1.1 200 OK"
2025-12-11 23:22:20,755 - INFO - HTTP Request: POST http://host.docker.internal:11434/api/generate "HTTP/1.1 200 OK"
2025-12-11 23:22:20,757 - INFO - HTTP Request: GET http://host.docker.internal:11434/api/tags "HTTP/1.1 200 OK"
2025-12-11 23:22:38,519 - INFO - HTTP Request: POST http://host.docker.internal:11434/api/generate "HTTP/1.1 200 OK"
2025-12-11 23:22:38,522 - INFO - HTTP Request: GET http://host.docker.internal:11434/api/tags "HTTP/1.1 200 OK"
2025-12-11 23:22:57,713 - INFO - HTTP Request: POST http://host.docker.internal:11434/api/generate "HTTP/1.1 200 OK"
2025-12-11 23:22:57,715 - INFO - HTTP Request: GET http://host.docker.internal:11434/api/tags "HTTP/1.1 200 OK"
2025-12-11 23:23:09,860 - INFO - HTTP Request: POST http://host.docker.internal:11434/api/generate "HTTP/1.1 200 OK"
2025-12-11 23:23:09,862 - INFO - HTTP Request: GET http://host.docker.internal:11434/api/tags "HTTP/1.1 200 OK"
2025-12-11 23:23:21,127 - INFO - HTTP Request: POST http://host.docker.internal:11434/api/generate "HTTP/1.1 200 OK"
2025-12-11 23:23:21,129 - INFO - HTTP Request: GET http://host.docker.internal:11434/api/tags "HTTP/1.1 200 OK"
2025-12-11 23:23:39,726 - INFO - HTTP Request: POST http://host.docker.internal:11434/api/generate "HTTP/1.1 200 OK"
2025-12-11 23:23:39,728 - INFO - HTTP Request: GET http://host.docker.internal:11434/api/tags "HTTP/1.1 200 OK"
2025-12-11 23:23:52,961 - INFO - HTTP Request: POST http://host.docker.internal:11434/api/generate "HTTP/1.1 200 OK"
2025-12-11 23:23:52,963 - INFO - HTTP Request: GET http://host.docker.internal:11434/api/tags "HTTP/1.1 200 OK"
2025-12-11 23:24:13,828 - INFO - HTTP Request: POST http://host.docker.internal:11434/api/generate "HTTP/1.1 200 OK"
2025-12-11 23:24:13,830 - INFO - HTTP Request: GET http://host.docker.internal:11434/api/tags "HTTP/1.1 200 OK"
2025-12-11 23:24:28,108 - INFO - HTTP Request: POST http://host.docker.internal:11434/api/generate "HTTP/1.1 200 OK"
2025-12-11 23:24:28,110 - INFO - HTTP Request: GET http://host.docker.internal:11434/api/tags "HTTP/1.1 200 OK"
2025-12-11 23:24:50,160 - INFO - HTTP Request: POST http://host.docker.internal:11434/api/generate "HTTP/1.1 200 OK"
2025-12-11 23:24:50,162 - INFO - HTTP Request: GET http://host.docker.internal:11434/api/tags "HTTP/1.1 200 OK"
2025-12-11 23:24:59,717 - INFO - HTTP Request: POST http://host.docker.internal:11434/api/generate "HTTP/1.1 200 OK"
2025-12-11 23:24:59,720 - INFO - HTTP Request: GET http://host.docker.internal:11434/api/tags "HTTP/1.1 200 OK"
2025-12-11 23:25:12,618 - INFO - HTTP Request: POST http://host.docker.internal:11434/api/generate "HTTP/1.1 200 OK"
2025-12-11 23:25:12,620 - INFO - HTTP Request: GET http://host.docker.internal:11434/api/tags "HTTP/1.1 200 OK"
2025-12-11 23:25:27,857 - INFO - HTTP Request: POST http://host.docker.internal:11434/api/generate "HTTP/1.1 200 OK"
2025-12-11 23:25:27,859 - INFO - HTTP Request: GET http://host.docker.internal:11434/api/tags "HTTP/1.1 200 OK"
2025-12-11 23:25:57,697 - INFO - HTTP Request: POST http://host.docker.internal:11434/api/generate "HTTP/1.1 200 OK"
2025-12-11 23:25:57,699 - INFO - HTTP Request: GET http://host.docker.internal:11434/api/tags "HTTP/1.1 200 OK"
2025-12-11 23:26:12,308 - INFO - HTTP Request: POST http://host.docker.internal:11434/api/generate "HTTP/1.1 200 OK"
2025-12-11 23:26:12,310 - INFO - HTTP Request: GET http://host.docker.internal:11434/api/tags "HTTP/1.1 200 OK"
2025-12-11 23:26:26,175 - INFO - HTTP Request: POST http://host.docker.internal:11434/api/generate "HTTP/1.1 200 OK"
2025-12-11 23:26:26,177 - INFO - HTTP Request: GET http://host.docker.internal:11434/api/tags "HTTP/1.1 200 OK"
2025-12-11 23:26:36,798 - INFO - HTTP Request: POST http://host.docker.internal:11434/api/generate "HTTP/1.1 200 OK"
2025-12-11 23:26:36,800 - INFO - HTTP Request: GET http://host.docker.internal:11434/api/tags "HTTP/1.1 200 OK"
2025-12-11 23:26:57,556 - INFO - HTTP Request: POST http://host.docker.internal:11434/api/generate "HTTP/1.1 200 OK"
2025-12-11 23:26:57,558 - INFO - HTTP Request: GET http://host.docker.internal:11434/api/tags "HTTP/1.1 200 OK"
2025-12-11 23:27:17,624 - INFO - HTTP Request: POST http://host.docker.internal:11434/api/generate "HTTP/1.1 200 OK"
2025-12-11 23:27:17,669 - INFO - HTTP Request: GET http://host.docker.internal:11434/api/tags "HTTP/1.1 200 OK"
2025-12-11 23:27:32,531 - INFO - HTTP Request: POST http://host.docker.internal:11434/api/generate "HTTP/1.1 200 OK"
2025-12-11 23:27:32,533 - INFO - HTTP Request: GET http://host.docker.internal:11434/api/tags "HTTP/1.1 200 OK"
2025-12-11 23:27:53,408 - INFO - HTTP Request: POST http://host.docker.internal:11434/api/generate "HTTP/1.1 200 OK"
2025-12-11 23:27:53,410 - INFO - HTTP Request: GET http://host.docker.internal:11434/api/tags "HTTP/1.1 200 OK"
2025-12-11 23:28:05,529 - INFO - HTTP Request: POST http://host.docker.internal:11434/api/generate "HTTP/1.1 200 OK"
2025-12-11 23:28:05,531 - INFO - HTTP Request: GET http://host.docker.internal:11434/api/tags "HTTP/1.1 200 OK"
2025-12-11 23:28:24,182 - INFO - HTTP Request: POST http://host.docker.internal:11434/api/generate "HTTP/1.1 200 OK"
2025-12-11 23:28:24,184 - INFO - HTTP Request: GET http://host.docker.internal:11434/api/tags "HTTP/1.1 200 OK"
2025-12-11 23:28:40,443 - INFO - HTTP Request: POST http://host.docker.internal:11434/api/generate "HTTP/1.1 200 OK"
2025-12-11 23:28:40,445 - INFO - HTTP Request: GET http://host.docker.internal:11434/api/tags "HTTP/1.1 200 OK"
2025-12-11 23:29:00,706 - INFO - HTTP Request: POST http://host.docker.internal:11434/api/generate "HTTP/1.1 200 OK"
2025-12-11 23:29:00,708 - INFO - HTTP Request: GET http://host.docker.internal:11434/api/tags "HTTP/1.1 200 OK"
2025-12-11 23:29:17,439 - INFO - HTTP Request: POST http://host.docker.internal:11434/api/generate "HTTP/1.1 200 OK"
2025-12-11 23:29:17,441 - INFO - HTTP Request: GET http://host.docker.internal:11434/api/tags "HTTP/1.1 200 OK"
2025-12-11 23:29:21,161 - INFO - HTTP Request: POST http://host.docker.internal:11434/api/generate "HTTP/1.1 200 OK"
2025-12-11 23:29:21,162 - INFO - HTTP Request: GET http://host.docker.internal:11434/api/tags "HTTP/1.1 200 OK"
2025-12-11 23:29:38,696 - INFO - HTTP Request: POST http://host.docker.internal:11434/api/generate "HTTP/1.1 200 OK"
2025-12-11 23:29:38,699 - INFO - HTTP Request: GET http://host.docker.internal:11434/api/tags "HTTP/1.1 200 OK"
2025-12-11 23:30:00,662 - INFO - HTTP Request: POST http://host.docker.internal:11434/api/generate "HTTP/1.1 200 OK"
2025-12-11 23:30:00,664 - INFO - HTTP Request: GET http://host.docker.internal:11434/api/tags "HTTP/1.1 200 OK"
2025-12-11 23:30:17,568 - INFO - HTTP Request: POST http://host.docker.internal:11434/api/generate "HTTP/1.1 200 OK"
2025-12-11 23:30:17,571 - INFO - HTTP Request: GET http://host.docker.internal:11434/api/tags "HTTP/1.1 200 OK"
2025-12-11 23:30:32,011 - INFO - HTTP Request: POST http://host.docker.internal:11434/api/generate "HTTP/1.1 200 OK"
2025-12-11 23:30:32,013 - INFO - HTTP Request: GET http://host.docker.internal:11434/api/tags "HTTP/1.1 200 OK"
2025-12-11 23:30:54,418 - INFO - HTTP Request: POST http://host.docker.internal:11434/api/generate "HTTP/1.1 200 OK"
2025-12-11 23:30:54,420 - INFO - HTTP Request: GET http://host.docker.internal:11434/api/tags "HTTP/1.1 200 OK"
2025-12-11 23:31:06,826 - INFO - HTTP Request: POST http://host.docker.internal:11434/api/generate "HTTP/1.1 200 OK"
2025-12-11 23:31:06,828 - INFO - HTTP Request: GET http://host.docker.internal:11434/api/tags "HTTP/1.1 200 OK"
2025-12-11 23:31:14,052 - INFO - HTTP Request: POST http://host.docker.internal:11434/api/generate "HTTP/1.1 200 OK"
2025-12-11 23:31:14,054 - INFO - HTTP Request: GET http://host.docker.internal:11434/api/tags "HTTP/1.1 200 OK"
2025-12-11 23:31:26,199 - INFO - HTTP Request: POST http://host.docker.internal:11434/api/generate "HTTP/1.1 200 OK"
2025-12-11 23:31:26,201 - INFO - HTTP Request: GET http://host.docker.internal:11434/api/tags "HTTP/1.1 200 OK"
2025-12-11 23:31:52,065 - INFO - HTTP Request: POST http://host.docker.internal:11434/api/generate "HTTP/1.1 200 OK"
2025-12-11 23:31:52,067 - INFO - HTTP Request: GET http://host.docker.internal:11434/api/tags "HTTP/1.1 200 OK"
2025-12-11 23:32:05,877 - INFO - HTTP Request: POST http://host.docker.internal:11434/api/generate "HTTP/1.1 200 OK"
2025-12-11 23:32:05,879 - INFO - HTTP Request: GET http://host.docker.internal:11434/api/tags "HTTP/1.1 200 OK"
2025-12-11 23:32:25,956 - INFO - HTTP Request: POST http://host.docker.internal:11434/api/generate "HTTP/1.1 200 OK"
2025-12-11 23:32:25,958 - INFO - HTTP Request: GET http://host.docker.internal:11434/api/tags "HTTP/1.1 200 OK"
2025-12-11 23:32:38,447 - INFO - HTTP Request: POST http://host.docker.internal:11434/api/generate "HTTP/1.1 200 OK"
2025-12-11 23:32:38,449 - INFO - HTTP Request: GET http://host.docker.internal:11434/api/tags "HTTP/1.1 200 OK"
2025-12-11 23:32:57,489 - INFO - HTTP Request: POST http://host.docker.internal:11434/api/generate "HTTP/1.1 200 OK"
2025-12-11 23:32:57,491 - INFO - HTTP Request: GET http://host.docker.internal:11434/api/tags "HTTP/1.1 200 OK"
2025-12-11 23:33:20,176 - INFO - HTTP Request: POST http://host.docker.internal:11434/api/generate "HTTP/1.1 200 OK"
2025-12-11 23:33:20,178 - INFO - HTTP Request: GET http://host.docker.internal:11434/api/tags "HTTP/1.1 200 OK"
2025-12-11 23:33:31,446 - INFO - HTTP Request: POST http://host.docker.internal:11434/api/generate "HTTP/1.1 200 OK"
2025-12-11 23:33:31,448 - INFO - HTTP Request: GET http://host.docker.internal:11434/api/tags "HTTP/1.1 200 OK"
2025-12-11 23:33:42,654 - INFO - HTTP Request: POST http://host.docker.internal:11434/api/generate "HTTP/1.1 200 OK"
2025-12-11 23:33:42,656 - INFO - HTTP Request: GET http://host.docker.internal:11434/api/tags "HTTP/1.1 200 OK"
2025-12-11 23:34:02,437 - INFO - HTTP Request: POST http://host.docker.internal:11434/api/generate "HTTP/1.1 200 OK"
2025-12-11 23:34:02,439 - INFO - HTTP Request: GET http://host.docker.internal:11434/api/tags "HTTP/1.1 200 OK"
2025-12-11 23:34:17,652 - INFO - HTTP Request: POST http://host.docker.internal:11434/api/generate "HTTP/1.1 200 OK"
2025-12-11 23:34:17,654 - INFO - HTTP Request: GET http://host.docker.internal:11434/api/tags "HTTP/1.1 200 OK"
2025-12-11 23:34:38,792 - INFO - HTTP Request: POST http://host.docker.internal:11434/api/generate "HTTP/1.1 200 OK"
2025-12-11 23:34:38,794 - INFO - HTTP Request: GET http://host.docker.internal:11434/api/tags "HTTP/1.1 200 OK"
2025-12-11 23:34:46,891 - INFO - HTTP Request: POST http://host.docker.internal:11434/api/generate "HTTP/1.1 200 OK"
2025-12-11 23:34:46,893 - INFO - HTTP Request: GET http://host.docker.internal:11434/api/tags "HTTP/1.1 200 OK"
2025-12-11 23:35:10,609 - INFO - HTTP Request: POST http://host.docker.internal:11434/api/generate "HTTP/1.1 200 OK"
2025-12-11 23:35:10,611 - INFO - HTTP Request: GET http://host.docker.internal:11434/api/tags "HTTP/1.1 200 OK"
2025-12-11 23:35:21,874 - INFO - HTTP Request: POST http://host.docker.internal:11434/api/generate "HTTP/1.1 200 OK"
2025-12-11 23:35:21,876 - INFO - HTTP Request: GET http://host.docker.internal:11434/api/tags "HTTP/1.1 200 OK"
2025-12-11 23:35:40,321 - INFO - HTTP Request: POST http://host.docker.internal:11434/api/generate "HTTP/1.1 200 OK"
2025-12-11 23:35:40,323 - INFO - HTTP Request: GET http://host.docker.internal:11434/api/tags "HTTP/1.1 200 OK"
2025-12-11 23:35:55,491 - INFO - HTTP Request: POST http://host.docker.internal:11434/api/generate "HTTP/1.1 200 OK"
2025-12-11 23:35:55,493 - INFO - HTTP Request: GET http://host.docker.internal:11434/api/tags "HTTP/1.1 200 OK"
2025-12-11 23:36:10,940 - INFO - HTTP Request: POST http://host.docker.internal:11434/api/generate "HTTP/1.1 200 OK"
2025-12-11 23:36:10,942 - INFO - HTTP Request: GET http://host.docker.internal:11434/api/tags "HTTP/1.1 200 OK"
2025-12-11 23:36:36,225 - INFO - HTTP Request: POST http://host.docker.internal:11434/api/generate "HTTP/1.1 200 OK"
2025-12-11 23:36:36,227 - INFO - HTTP Request: GET http://host.docker.internal:11434/api/tags "HTTP/1.1 200 OK"
2025-12-11 23:36:46,348 - INFO - HTTP Request: POST http://host.docker.internal:11434/api/generate "HTTP/1.1 200 OK"
2025-12-11 23:36:46,350 - INFO - HTTP Request: GET http://host.docker.internal:11434/api/tags "HTTP/1.1 200 OK"
2025-12-11 23:37:03,629 - INFO - HTTP Request: POST http://host.docker.internal:11434/api/generate "HTTP/1.1 200 OK"
2025-12-11 23:37:03,631 - INFO - HTTP Request: GET http://host.docker.internal:11434/api/tags "HTTP/1.1 200 OK"
2025-12-11 23:37:30,903 - INFO - HTTP Request: POST http://host.docker.internal:11434/api/generate "HTTP/1.1 200 OK"
2025-12-11 23:37:30,905 - INFO - HTTP Request: GET http://host.docker.internal:11434/api/tags "HTTP/1.1 200 OK"
2025-12-11 23:37:55,281 - INFO - HTTP Request: POST http://host.docker.internal:11434/api/generate "HTTP/1.1 200 OK"
2025-12-11 23:37:55,283 - INFO - HTTP Request: GET http://host.docker.internal:11434/api/tags "HTTP/1.1 200 OK"
2025-12-11 23:38:15,831 - INFO - HTTP Request: POST http://host.docker.internal:11434/api/generate "HTTP/1.1 200 OK"
2025-12-11 23:38:15,833 - INFO - HTTP Request: GET http://host.docker.internal:11434/api/tags "HTTP/1.1 200 OK"
2025-12-11 23:38:33,439 - INFO - HTTP Request: POST http://host.docker.internal:11434/api/generate "HTTP/1.1 200 OK"
2025-12-11 23:38:33,441 - INFO - HTTP Request: GET http://host.docker.internal:11434/api/tags "HTTP/1.1 200 OK"
2025-12-11 23:38:53,333 - INFO - HTTP Request: POST http://host.docker.internal:11434/api/generate "HTTP/1.1 200 OK"
2025-12-11 23:38:53,335 - INFO - HTTP Request: GET http://host.docker.internal:11434/api/tags "HTTP/1.1 200 OK"
2025-12-11 23:39:10,714 - INFO - HTTP Request: POST http://host.docker.internal:11434/api/generate "HTTP/1.1 200 OK"
2025-12-11 23:39:10,716 - INFO - HTTP Request: GET http://host.docker.internal:11434/api/tags "HTTP/1.1 200 OK"
2025-12-11 23:39:21,567 - INFO - HTTP Request: POST http://host.docker.internal:11434/api/generate "HTTP/1.1 200 OK"
2025-12-11 23:39:21,569 - INFO - HTTP Request: GET http://host.docker.internal:11434/api/tags "HTTP/1.1 200 OK"
2025-12-11 23:39:39,345 - INFO - HTTP Request: POST http://host.docker.internal:11434/api/generate "HTTP/1.1 200 OK"
2025-12-11 23:39:39,347 - INFO - HTTP Request: GET http://host.docker.internal:11434/api/tags "HTTP/1.1 200 OK"
2025-12-11 23:39:54,831 - INFO - HTTP Request: POST http://host.docker.internal:11434/api/generate "HTTP/1.1 200 OK"
2025-12-11 23:39:54,833 - INFO - HTTP Request: GET http://host.docker.internal:11434/api/tags "HTTP/1.1 200 OK"
2025-12-11 23:40:11,597 - INFO - HTTP Request: POST http://host.docker.internal:11434/api/generate "HTTP/1.1 200 OK"
2025-12-11 23:40:11,599 - INFO - HTTP Request: GET http://host.docker.internal:11434/api/tags "HTTP/1.1 200 OK"
2025-12-11 23:40:39,267 - INFO - HTTP Request: POST http://host.docker.internal:11434/api/generate "HTTP/1.1 200 OK"
2025-12-11 23:40:39,269 - INFO - HTTP Request: GET http://host.docker.internal:11434/api/tags "HTTP/1.1 200 OK"
2025-12-11 23:40:54,944 - INFO - HTTP Request: POST http://host.docker.internal:11434/api/generate "HTTP/1.1 200 OK"
2025-12-11 23:40:54,946 - INFO - HTTP Request: GET http://host.docker.internal:11434/api/tags "HTTP/1.1 200 OK"
2025-12-11 23:41:06,147 - INFO - HTTP Request: POST http://host.docker.internal:11434/api/generate "HTTP/1.1 200 OK"
2025-12-11 23:41:06,149 - INFO - HTTP Request: GET http://host.docker.internal:11434/api/tags "HTTP/1.1 200 OK"
2025-12-11 23:41:16,816 - INFO - HTTP Request: POST http://host.docker.internal:11434/api/generate "HTTP/1.1 200 OK"
2025-12-11 23:41:16,818 - INFO - HTTP Request: GET http://host.docker.internal:11434/api/tags "HTTP/1.1 200 OK"
2025-12-11 23:41:33,790 - INFO - HTTP Request: POST http://host.docker.internal:11434/api/generate "HTTP/1.1 200 OK"
2025-12-11 23:41:33,792 - INFO - HTTP Request: GET http://host.docker.internal:11434/api/tags "HTTP/1.1 200 OK"
2025-12-11 23:41:54,479 - INFO - HTTP Request: POST http://host.docker.internal:11434/api/generate "HTTP/1.1 200 OK"
2025-12-11 23:41:54,481 - INFO - HTTP Request: GET http://host.docker.internal:11434/api/tags "HTTP/1.1 200 OK"
2025-12-11 23:42:11,294 - INFO - HTTP Request: POST http://host.docker.internal:11434/api/generate "HTTP/1.1 200 OK"
2025-12-11 23:42:11,296 - INFO - HTTP Request: GET http://host.docker.internal:11434/api/tags "HTTP/1.1 200 OK"
2025-12-11 23:42:21,931 - INFO - HTTP Request: POST http://host.docker.internal:11434/api/generate "HTTP/1.1 200 OK"
2025-12-11 23:42:21,933 - INFO - HTTP Request: GET http://host.docker.internal:11434/api/tags "HTTP/1.1 200 OK"
2025-12-11 23:42:39,385 - INFO - HTTP Request: POST http://host.docker.internal:11434/api/generate "HTTP/1.1 200 OK"
2025-12-11 23:42:39,387 - INFO - HTTP Request: GET http://host.docker.internal:11434/api/tags "HTTP/1.1 200 OK"
2025-12-11 23:42:49,627 - INFO - HTTP Request: POST http://host.docker.internal:11434/api/generate "HTTP/1.1 200 OK"
2025-12-11 23:42:49,629 - INFO - HTTP Request: GET http://host.docker.internal:11434/api/tags "HTTP/1.1 200 OK"
2025-12-11 23:43:17,677 - INFO - HTTP Request: POST http://host.docker.internal:11434/api/generate "HTTP/1.1 200 OK"
2025-12-11 23:43:17,679 - INFO - HTTP Request: GET http://host.docker.internal:11434/api/tags "HTTP/1.1 200 OK"
2025-12-11 23:43:46,657 - INFO - HTTP Request: POST http://host.docker.internal:11434/api/generate "HTTP/1.1 200 OK"
2025-12-11 23:43:46,659 - INFO - HTTP Request: GET http://host.docker.internal:11434/api/tags "HTTP/1.1 200 OK"
2025-12-11 23:44:14,140 - INFO - HTTP Request: POST http://host.docker.internal:11434/api/generate "HTTP/1.1 200 OK"
2025-12-11 23:44:14,142 - INFO - HTTP Request: GET http://host.docker.internal:11434/api/tags "HTTP/1.1 200 OK"
2025-12-11 23:44:27,221 - INFO - HTTP Request: POST http://host.docker.internal:11434/api/generate "HTTP/1.1 200 OK"
2025-12-11 23:44:27,223 - INFO - HTTP Request: GET http://host.docker.internal:11434/api/tags "HTTP/1.1 200 OK"
2025-12-11 23:44:43,905 - INFO - HTTP Request: POST http://host.docker.internal:11434/api/generate "HTTP/1.1 200 OK"
2025-12-11 23:44:43,907 - INFO - HTTP Request: GET http://host.docker.internal:11434/api/tags "HTTP/1.1 200 OK"
2025-12-11 23:45:06,778 - INFO - HTTP Request: POST http://host.docker.internal:11434/api/generate "HTTP/1.1 200 OK"
2025-12-11 23:45:06,780 - INFO - HTTP Request: GET http://host.docker.internal:11434/api/tags "HTTP/1.1 200 OK"
2025-12-11 23:45:27,021 - INFO - HTTP Request: POST http://host.docker.internal:11434/api/generate "HTTP/1.1 200 OK"
2025-12-11 23:45:27,023 - INFO - HTTP Request: GET http://host.docker.internal:11434/api/tags "HTTP/1.1 200 OK"
2025-12-11 23:45:50,307 - INFO - HTTP Request: POST http://host.docker.internal:11434/api/generate "HTTP/1.1 200 OK"
2025-12-11 23:45:50,309 - INFO - HTTP Request: GET http://host.docker.internal:11434/api/tags "HTTP/1.1 200 OK"
2025-12-11 23:45:56,967 - INFO - HTTP Request: POST http://host.docker.internal:11434/api/generate "HTTP/1.1 200 OK"
2025-12-11 23:45:56,969 - INFO - HTTP Request: GET http://host.docker.internal:11434/api/tags "HTTP/1.1 200 OK"
2025-12-11 23:46:09,626 - INFO - HTTP Request: POST http://host.docker.internal:11434/api/generate "HTTP/1.1 200 OK"
2025-12-11 23:46:09,628 - INFO - HTTP Request: GET http://host.docker.internal:11434/api/tags "HTTP/1.1 200 OK"
2025-12-11 23:46:21,060 - INFO - HTTP Request: POST http://host.docker.internal:11434/api/generate "HTTP/1.1 200 OK"
2025-12-11 23:46:21,061 - INFO - HTTP Request: GET http://host.docker.internal:11434/api/tags "HTTP/1.1 200 OK"
2025-12-11 23:46:37,368 - INFO - HTTP Request: POST http://host.docker.internal:11434/api/generate "HTTP/1.1 200 OK"
2025-12-11 23:46:37,370 - INFO - HTTP Request: GET http://host.docker.internal:11434/api/tags "HTTP/1.1 200 OK"
2025-12-11 23:46:54,439 - INFO - HTTP Request: POST http://host.docker.internal:11434/api/generate "HTTP/1.1 200 OK"
2025-12-11 23:46:54,441 - INFO - HTTP Request: GET http://host.docker.internal:11434/api/tags "HTTP/1.1 200 OK"
2025-12-11 23:47:08,869 - INFO - HTTP Request: POST http://host.docker.internal:11434/api/generate "HTTP/1.1 200 OK"
2025-12-11 23:47:08,872 - INFO - HTTP Request: GET http://host.docker.internal:11434/api/tags "HTTP/1.1 200 OK"
2025-12-11 23:47:21,727 - INFO - HTTP Request: POST http://host.docker.internal:11434/api/generate "HTTP/1.1 200 OK"
2025-12-11 23:47:21,729 - INFO - HTTP Request: GET http://host.docker.internal:11434/api/tags "HTTP/1.1 200 OK"
2025-12-11 23:47:33,724 - INFO - HTTP Request: POST http://host.docker.internal:11434/api/generate "HTTP/1.1 200 OK"
2025-12-11 23:47:33,726 - INFO - HTTP Request: GET http://host.docker.internal:11434/api/tags "HTTP/1.1 200 OK"
2025-12-11 23:47:55,608 - INFO - HTTP Request: POST http://host.docker.internal:11434/api/generate "HTTP/1.1 200 OK"
2025-12-11 23:47:55,610 - INFO - HTTP Request: GET http://host.docker.internal:11434/api/tags "HTTP/1.1 200 OK"
2025-12-11 23:48:17,078 - INFO - HTTP Request: POST http://host.docker.internal:11434/api/generate "HTTP/1.1 200 OK"
2025-12-11 23:48:17,080 - INFO - HTTP Request: GET http://host.docker.internal:11434/api/tags "HTTP/1.1 200 OK"
2025-12-11 23:48:35,908 - INFO - HTTP Request: POST http://host.docker.internal:11434/api/generate "HTTP/1.1 200 OK"
2025-12-11 23:48:35,910 - INFO - HTTP Request: GET http://host.docker.internal:11434/api/tags "HTTP/1.1 200 OK"
2025-12-11 23:48:53,056 - INFO - HTTP Request: POST http://host.docker.internal:11434/api/generate "HTTP/1.1 200 OK"
2025-12-11 23:48:53,058 - INFO - HTTP Request: GET http://host.docker.internal:11434/api/tags "HTTP/1.1 200 OK"
2025-12-11 23:49:07,258 - INFO - HTTP Request: POST http://host.docker.internal:11434/api/generate "HTTP/1.1 200 OK"
2025-12-11 23:49:07,260 - INFO - HTTP Request: GET http://host.docker.internal:11434/api/tags "HTTP/1.1 200 OK"
2025-12-11 23:49:23,296 - INFO - HTTP Request: POST http://host.docker.internal:11434/api/generate "HTTP/1.1 200 OK"
2025-12-11 23:49:23,298 - INFO - HTTP Request: GET http://host.docker.internal:11434/api/tags "HTTP/1.1 200 OK"
2025-12-11 23:49:44,736 - INFO - HTTP Request: POST http://host.docker.internal:11434/api/generate "HTTP/1.1 200 OK"
2025-12-11 23:49:44,738 - INFO - HTTP Request: GET http://host.docker.internal:11434/api/tags "HTTP/1.1 200 OK"
2025-12-11 23:50:02,314 - INFO - HTTP Request: POST http://host.docker.internal:11434/api/generate "HTTP/1.1 200 OK"
2025-12-11 23:50:02,316 - INFO - HTTP Request: GET http://host.docker.internal:11434/api/tags "HTTP/1.1 200 OK"
2025-12-11 23:50:23,650 - INFO - HTTP Request: POST http://host.docker.internal:11434/api/generate "HTTP/1.1 200 OK"
2025-12-11 23:50:23,652 - INFO - HTTP Request: GET http://host.docker.internal:11434/api/tags "HTTP/1.1 200 OK"
2025-12-11 23:50:39,896 - INFO - HTTP Request: POST http://host.docker.internal:11434/api/generate "HTTP/1.1 200 OK"
2025-12-11 23:50:39,898 - INFO - HTTP Request: GET http://host.docker.internal:11434/api/tags "HTTP/1.1 200 OK"
2025-12-11 23:50:54,358 - INFO - HTTP Request: POST http://host.docker.internal:11434/api/generate "HTTP/1.1 200 OK"
2025-12-11 23:50:54,360 - INFO - HTTP Request: GET http://host.docker.internal:11434/api/tags "HTTP/1.1 200 OK"
2025-12-11 23:51:37,166 - INFO - HTTP Request: POST http://host.docker.internal:11434/api/generate "HTTP/1.1 200 OK"
2025-12-11 23:51:37,168 - INFO - HTTP Request: GET http://host.docker.internal:11434/api/tags "HTTP/1.1 200 OK"
2025-12-11 23:52:06,025 - INFO - HTTP Request: POST http://host.docker.internal:11434/api/generate "HTTP/1.1 200 OK"
2025-12-11 23:52:06,027 - INFO - HTTP Request: GET http://host.docker.internal:11434/api/tags "HTTP/1.1 200 OK"
2025-12-11 23:52:25,572 - INFO - HTTP Request: POST http://host.docker.internal:11434/api/generate "HTTP/1.1 200 OK"
2025-12-11 23:52:25,574 - INFO - HTTP Request: GET http://host.docker.internal:11434/api/tags "HTTP/1.1 200 OK"
2025-12-11 23:52:41,681 - INFO - HTTP Request: POST http://host.docker.internal:11434/api/generate "HTTP/1.1 200 OK"
2025-12-11 23:52:41,683 - INFO - HTTP Request: GET http://host.docker.internal:11434/api/tags "HTTP/1.1 200 OK"
2025-12-11 23:53:04,595 - INFO - HTTP Request: POST http://host.docker.internal:11434/api/generate "HTTP/1.1 200 OK"
2025-12-11 23:53:04,597 - INFO - HTTP Request: GET http://host.docker.internal:11434/api/tags "HTTP/1.1 200 OK"
2025-12-11 23:53:25,782 - INFO - HTTP Request: POST http://host.docker.internal:11434/api/generate "HTTP/1.1 200 OK"
2025-12-11 23:53:25,784 - INFO - HTTP Request: GET http://host.docker.internal:11434/api/tags "HTTP/1.1 200 OK"
2025-12-11 23:53:49,275 - INFO - HTTP Request: POST http://host.docker.internal:11434/api/generate "HTTP/1.1 200 OK"
2025-12-11 23:53:49,277 - INFO - HTTP Request: GET http://host.docker.internal:11434/api/tags "HTTP/1.1 200 OK"
2025-12-11 23:54:08,842 - INFO - HTTP Request: POST http://host.docker.internal:11434/api/generate "HTTP/1.1 200 OK"
2025-12-11 23:54:08,844 - INFO - HTTP Request: GET http://host.docker.internal:11434/api/tags "HTTP/1.1 200 OK"
2025-12-11 23:54:27,546 - INFO - HTTP Request: POST http://host.docker.internal:11434/api/generate "HTTP/1.1 200 OK"
2025-12-11 23:54:27,548 - INFO - HTTP Request: GET http://host.docker.internal:11434/api/tags "HTTP/1.1 200 OK"
2025-12-11 23:54:37,996 - INFO - HTTP Request: POST http://host.docker.internal:11434/api/generate "HTTP/1.1 200 OK"
2025-12-11 23:54:37,998 - INFO - HTTP Request: GET http://host.docker.internal:11434/api/tags "HTTP/1.1 200 OK"
2025-12-11 23:55:02,667 - INFO - HTTP Request: POST http://host.docker.internal:11434/api/generate "HTTP/1.1 200 OK"
2025-12-11 23:55:02,669 - INFO - HTTP Request: GET http://host.docker.internal:11434/api/tags "HTTP/1.1 200 OK"
2025-12-11 23:55:25,617 - INFO - HTTP Request: POST http://host.docker.internal:11434/api/generate "HTTP/1.1 200 OK"
2025-12-11 23:55:25,619 - INFO - HTTP Request: GET http://host.docker.internal:11434/api/tags "HTTP/1.1 200 OK"
2025-12-11 23:55:45,684 - INFO - HTTP Request: POST http://host.docker.internal:11434/api/generate "HTTP/1.1 200 OK"
2025-12-11 23:55:45,686 - INFO - HTTP Request: GET http://host.docker.internal:11434/api/tags "HTTP/1.1 200 OK"
2025-12-11 23:56:09,490 - INFO - HTTP Request: POST http://host.docker.internal:11434/api/generate "HTTP/1.1 200 OK"
2025-12-11 23:56:09,492 - INFO - HTTP Request: GET http://host.docker.internal:11434/api/tags "HTTP/1.1 200 OK"
2025-12-11 23:56:38,144 - INFO - HTTP Request: POST http://host.docker.internal:11434/api/generate "HTTP/1.1 200 OK"
2025-12-11 23:56:38,146 - INFO - HTTP Request: GET http://host.docker.internal:11434/api/tags "HTTP/1.1 200 OK"
2025-12-11 23:56:57,249 - INFO - HTTP Request: POST http://host.docker.internal:11434/api/generate "HTTP/1.1 200 OK"
2025-12-11 23:56:57,251 - INFO - HTTP Request: GET http://host.docker.internal:11434/api/tags "HTTP/1.1 200 OK"
2025-12-11 23:57:22,587 - INFO - HTTP Request: POST http://host.docker.internal:11434/api/generate "HTTP/1.1 200 OK"
2025-12-11 23:57:22,589 - INFO - HTTP Request: GET http://host.docker.internal:11434/api/tags "HTTP/1.1 200 OK"
2025-12-11 23:57:35,872 - INFO - HTTP Request: POST http://host.docker.internal:11434/api/generate "HTTP/1.1 200 OK"
2025-12-11 23:57:35,874 - INFO - HTTP Request: GET http://host.docker.internal:11434/api/tags "HTTP/1.1 200 OK"
2025-12-11 23:57:52,642 - INFO - HTTP Request: POST http://host.docker.internal:11434/api/generate "HTTP/1.1 200 OK"
2025-12-11 23:57:52,644 - INFO - HTTP Request: GET http://host.docker.internal:11434/api/tags "HTTP/1.1 200 OK"
2025-12-11 23:58:09,727 - INFO - HTTP Request: POST http://host.docker.internal:11434/api/generate "HTTP/1.1 200 OK"
2025-12-11 23:58:09,730 - INFO - HTTP Request: GET http://host.docker.internal:11434/api/tags "HTTP/1.1 200 OK"
2025-12-11 23:58:33,637 - INFO - HTTP Request: POST http://host.docker.internal:11434/api/generate "HTTP/1.1 200 OK"
2025-12-11 23:58:33,639 - INFO - HTTP Request: GET http://host.docker.internal:11434/api/tags "HTTP/1.1 200 OK"
2025-12-11 23:58:53,004 - INFO - HTTP Request: POST http://host.docker.internal:11434/api/generate "HTTP/1.1 200 OK"
2025-12-11 23:58:53,006 - INFO - HTTP Request: GET http://host.docker.internal:11434/api/tags "HTTP/1.1 200 OK"
2025-12-11 23:59:13,552 - INFO - HTTP Request: POST http://host.docker.internal:11434/api/generate "HTTP/1.1 200 OK"
2025-12-11 23:59:13,554 - INFO - HTTP Request: GET http://host.docker.internal:11434/api/tags "HTTP/1.1 200 OK"
2025-12-11 23:59:31,849 - INFO - HTTP Request: POST http://host.docker.internal:11434/api/generate "HTTP/1.1 200 OK"
2025-12-11 23:59:31,851 - INFO - HTTP Request: GET http://host.docker.internal:11434/api/tags "HTTP/1.1 200 OK"
2025-12-11 23:59:49,092 - INFO - HTTP Request: POST http://host.docker.internal:11434/api/generate "HTTP/1.1 200 OK"
2025-12-11 23:59:49,094 - INFO - HTTP Request: GET http://host.docker.internal:11434/api/tags "HTTP/1.1 200 OK"
2025-12-12 00:00:12,598 - INFO - HTTP Request: POST http://host.docker.internal:11434/api/generate "HTTP/1.1 200 OK"
2025-12-12 00:00:12,600 - INFO - HTTP Request: GET http://host.docker.internal:11434/api/tags "HTTP/1.1 200 OK"
2025-12-12 00:00:30,956 - INFO - HTTP Request: POST http://host.docker.internal:11434/api/generate "HTTP/1.1 200 OK"
2025-12-12 00:00:30,958 - INFO - HTTP Request: GET http://host.docker.internal:11434/api/tags "HTTP/1.1 200 OK"
2025-12-12 00:00:48,514 - INFO - HTTP Request: POST http://host.docker.internal:11434/api/generate "HTTP/1.1 200 OK"
2025-12-12 00:00:48,516 - INFO - HTTP Request: GET http://host.docker.internal:11434/api/tags "HTTP/1.1 200 OK"
2025-12-12 00:01:12,880 - INFO - HTTP Request: POST http://host.docker.internal:11434/api/generate "HTTP/1.1 200 OK"
2025-12-12 00:01:12,883 - INFO - HTTP Request: GET http://host.docker.internal:11434/api/tags "HTTP/1.1 200 OK"
2025-12-12 00:01:32,150 - INFO - HTTP Request: POST http://host.docker.internal:11434/api/generate "HTTP/1.1 200 OK"
2025-12-12 00:01:32,151 - INFO -   累计文档: 835 条
2025-12-12 00:01:33,188 - INFO - 
处理批次 7: 20 个关键词
2025-12-12 00:02:58,089 - INFO -   原始结果: 300 条
2025-12-12 00:02:58,091 - INFO -   质量过滤后: 127 条
2025-12-12 00:02:58,096 - INFO - HTTP Request: GET http://host.docker.internal:11434/api/tags "HTTP/1.1 200 OK"
2025-12-12 00:03:15,560 - INFO - HTTP Request: POST http://host.docker.internal:11434/api/generate "HTTP/1.1 200 OK"
2025-12-12 00:03:15,562 - INFO - HTTP Request: GET http://host.docker.internal:11434/api/tags "HTTP/1.1 200 OK"
2025-12-12 00:03:33,270 - INFO - HTTP Request: POST http://host.docker.internal:11434/api/generate "HTTP/1.1 200 OK"
2025-12-12 00:03:33,272 - INFO - HTTP Request: GET http://host.docker.internal:11434/api/tags "HTTP/1.1 200 OK"
2025-12-12 00:03:50,626 - INFO - HTTP Request: POST http://host.docker.internal:11434/api/generate "HTTP/1.1 200 OK"
2025-12-12 00:03:50,628 - INFO - HTTP Request: GET http://host.docker.internal:11434/api/tags "HTTP/1.1 200 OK"
2025-12-12 00:04:09,604 - INFO - HTTP Request: POST http://host.docker.internal:11434/api/generate "HTTP/1.1 200 OK"
2025-12-12 00:04:09,606 - INFO - HTTP Request: GET http://host.docker.internal:11434/api/tags "HTTP/1.1 200 OK"
2025-12-12 00:04:31,091 - INFO - HTTP Request: POST http://host.docker.internal:11434/api/generate "HTTP/1.1 200 OK"
2025-12-12 00:04:31,093 - INFO - HTTP Request: GET http://host.docker.internal:11434/api/tags "HTTP/1.1 200 OK"
2025-12-12 00:04:47,863 - INFO - HTTP Request: POST http://host.docker.internal:11434/api/generate "HTTP/1.1 200 OK"
2025-12-12 00:04:47,865 - INFO - HTTP Request: GET http://host.docker.internal:11434/api/tags "HTTP/1.1 200 OK"
2025-12-12 00:05:09,555 - INFO - HTTP Request: POST http://host.docker.internal:11434/api/generate "HTTP/1.1 200 OK"
2025-12-12 00:05:09,557 - INFO - HTTP Request: GET http://host.docker.internal:11434/api/tags "HTTP/1.1 200 OK"
2025-12-12 00:05:34,501 - INFO - HTTP Request: POST http://host.docker.internal:11434/api/generate "HTTP/1.1 200 OK"
2025-12-12 00:05:34,503 - INFO - HTTP Request: GET http://host.docker.internal:11434/api/tags "HTTP/1.1 200 OK"
2025-12-12 00:05:48,568 - INFO - HTTP Request: POST http://host.docker.internal:11434/api/generate "HTTP/1.1 200 OK"
2025-12-12 00:05:48,570 - INFO - HTTP Request: GET http://host.docker.internal:11434/api/tags "HTTP/1.1 200 OK"
2025-12-12 00:06:00,414 - INFO - HTTP Request: POST http://host.docker.internal:11434/api/generate "HTTP/1.1 200 OK"
2025-12-12 00:06:00,416 - INFO - HTTP Request: GET http://host.docker.internal:11434/api/tags "HTTP/1.1 200 OK"
2025-12-12 00:06:11,506 - INFO - HTTP Request: POST http://host.docker.internal:11434/api/generate "HTTP/1.1 200 OK"
2025-12-12 00:06:11,508 - INFO - HTTP Request: GET http://host.docker.internal:11434/api/tags "HTTP/1.1 200 OK"
2025-12-12 00:06:28,752 - INFO - HTTP Request: POST http://host.docker.internal:11434/api/generate "HTTP/1.1 200 OK"
2025-12-12 00:06:28,754 - INFO - HTTP Request: GET http://host.docker.internal:11434/api/tags "HTTP/1.1 200 OK"
2025-12-12 00:06:47,051 - INFO - HTTP Request: POST http://host.docker.internal:11434/api/generate "HTTP/1.1 200 OK"
2025-12-12 00:06:47,054 - INFO - HTTP Request: GET http://host.docker.internal:11434/api/tags "HTTP/1.1 200 OK"
2025-12-12 00:07:07,158 - INFO - HTTP Request: POST http://host.docker.internal:11434/api/generate "HTTP/1.1 200 OK"
2025-12-12 00:07:07,160 - INFO - HTTP Request: GET http://host.docker.internal:11434/api/tags "HTTP/1.1 200 OK"
2025-12-12 00:07:34,916 - INFO - HTTP Request: POST http://host.docker.internal:11434/api/generate "HTTP/1.1 200 OK"
2025-12-12 00:07:34,918 - INFO - HTTP Request: GET http://host.docker.internal:11434/api/tags "HTTP/1.1 200 OK"
2025-12-12 00:07:48,794 - INFO - HTTP Request: POST http://host.docker.internal:11434/api/generate "HTTP/1.1 200 OK"
2025-12-12 00:07:48,796 - INFO - HTTP Request: GET http://host.docker.internal:11434/api/tags "HTTP/1.1 200 OK"
2025-12-12 00:08:08,708 - INFO - HTTP Request: POST http://host.docker.internal:11434/api/generate "HTTP/1.1 200 OK"
2025-12-12 00:08:08,709 - INFO - HTTP Request: GET http://host.docker.internal:11434/api/tags "HTTP/1.1 200 OK"
2025-12-12 00:08:38,579 - INFO - HTTP Request: POST http://host.docker.internal:11434/api/generate "HTTP/1.1 200 OK"
2025-12-12 00:08:38,581 - INFO - HTTP Request: GET http://host.docker.internal:11434/api/tags "HTTP/1.1 200 OK"
2025-12-12 00:08:53,905 - INFO - HTTP Request: POST http://host.docker.internal:11434/api/generate "HTTP/1.1 200 OK"
2025-12-12 00:08:53,907 - INFO - HTTP Request: GET http://host.docker.internal:11434/api/tags "HTTP/1.1 200 OK"
2025-12-12 00:09:10,756 - INFO - HTTP Request: POST http://host.docker.internal:11434/api/generate "HTTP/1.1 200 OK"
2025-12-12 00:09:10,758 - INFO - HTTP Request: GET http://host.docker.internal:11434/api/tags "HTTP/1.1 200 OK"
2025-12-12 00:09:31,172 - INFO - HTTP Request: POST http://host.docker.internal:11434/api/generate "HTTP/1.1 200 OK"
2025-12-12 00:09:31,174 - INFO - HTTP Request: GET http://host.docker.internal:11434/api/tags "HTTP/1.1 200 OK"
2025-12-12 00:09:58,143 - INFO - HTTP Request: POST http://host.docker.internal:11434/api/generate "HTTP/1.1 200 OK"
2025-12-12 00:09:58,146 - INFO - HTTP Request: GET http://host.docker.internal:11434/api/tags "HTTP/1.1 200 OK"
2025-12-12 00:10:06,933 - INFO - HTTP Request: POST http://host.docker.internal:11434/api/generate "HTTP/1.1 200 OK"
2025-12-12 00:10:06,935 - INFO - HTTP Request: GET http://host.docker.internal:11434/api/tags "HTTP/1.1 200 OK"
2025-12-12 00:10:23,991 - INFO - HTTP Request: POST http://host.docker.internal:11434/api/generate "HTTP/1.1 200 OK"
2025-12-12 00:10:23,993 - INFO - HTTP Request: GET http://host.docker.internal:11434/api/tags "HTTP/1.1 200 OK"
2025-12-12 00:10:41,006 - INFO - HTTP Request: POST http://host.docker.internal:11434/api/generate "HTTP/1.1 200 OK"
2025-12-12 00:10:41,008 - INFO - HTTP Request: GET http://host.docker.internal:11434/api/tags "HTTP/1.1 200 OK"
2025-12-12 00:11:02,044 - INFO - HTTP Request: POST http://host.docker.internal:11434/api/generate "HTTP/1.1 200 OK"
2025-12-12 00:11:02,046 - INFO - HTTP Request: GET http://host.docker.internal:11434/api/tags "HTTP/1.1 200 OK"
2025-12-12 00:11:23,744 - INFO - HTTP Request: POST http://host.docker.internal:11434/api/generate "HTTP/1.1 200 OK"
2025-12-12 00:11:23,746 - INFO - HTTP Request: GET http://host.docker.internal:11434/api/tags "HTTP/1.1 200 OK"
2025-12-12 00:11:44,459 - INFO - HTTP Request: POST http://host.docker.internal:11434/api/generate "HTTP/1.1 200 OK"
2025-12-12 00:11:44,462 - INFO - HTTP Request: GET http://host.docker.internal:11434/api/tags "HTTP/1.1 200 OK"
2025-12-12 00:11:58,259 - INFO - HTTP Request: POST http://host.docker.internal:11434/api/generate "HTTP/1.1 200 OK"
2025-12-12 00:11:58,261 - INFO - HTTP Request: GET http://host.docker.internal:11434/api/tags "HTTP/1.1 200 OK"
2025-12-12 00:12:14,941 - INFO - HTTP Request: POST http://host.docker.internal:11434/api/generate "HTTP/1.1 200 OK"
2025-12-12 00:12:14,943 - INFO - HTTP Request: GET http://host.docker.internal:11434/api/tags "HTTP/1.1 200 OK"
2025-12-12 00:12:29,812 - INFO - HTTP Request: POST http://host.docker.internal:11434/api/generate "HTTP/1.1 200 OK"
2025-12-12 00:12:29,814 - INFO - HTTP Request: GET http://host.docker.internal:11434/api/tags "HTTP/1.1 200 OK"
2025-12-12 00:12:51,578 - INFO - HTTP Request: POST http://host.docker.internal:11434/api/generate "HTTP/1.1 200 OK"
2025-12-12 00:12:51,580 - INFO - HTTP Request: GET http://host.docker.internal:11434/api/tags "HTTP/1.1 200 OK"
2025-12-12 00:13:04,467 - INFO - HTTP Request: POST http://host.docker.internal:11434/api/generate "HTTP/1.1 200 OK"
2025-12-12 00:13:04,469 - INFO - HTTP Request: GET http://host.docker.internal:11434/api/tags "HTTP/1.1 200 OK"
2025-12-12 00:13:19,959 - INFO - HTTP Request: POST http://host.docker.internal:11434/api/generate "HTTP/1.1 200 OK"
2025-12-12 00:13:19,961 - INFO - HTTP Request: GET http://host.docker.internal:11434/api/tags "HTTP/1.1 200 OK"
2025-12-12 00:13:41,368 - INFO - HTTP Request: POST http://host.docker.internal:11434/api/generate "HTTP/1.1 200 OK"
2025-12-12 00:13:41,370 - INFO - HTTP Request: GET http://host.docker.internal:11434/api/tags "HTTP/1.1 200 OK"
2025-12-12 00:13:58,442 - INFO - HTTP Request: POST http://host.docker.internal:11434/api/generate "HTTP/1.1 200 OK"
2025-12-12 00:13:58,444 - INFO - HTTP Request: GET http://host.docker.internal:11434/api/tags "HTTP/1.1 200 OK"
2025-12-12 00:14:13,769 - INFO - HTTP Request: POST http://host.docker.internal:11434/api/generate "HTTP/1.1 200 OK"
2025-12-12 00:14:13,771 - INFO - HTTP Request: GET http://host.docker.internal:11434/api/tags "HTTP/1.1 200 OK"
2025-12-12 00:14:35,208 - INFO - HTTP Request: POST http://host.docker.internal:11434/api/generate "HTTP/1.1 200 OK"
2025-12-12 00:14:35,210 - INFO - HTTP Request: GET http://host.docker.internal:11434/api/tags "HTTP/1.1 200 OK"
2025-12-12 00:14:52,006 - INFO - HTTP Request: POST http://host.docker.internal:11434/api/generate "HTTP/1.1 200 OK"
2025-12-12 00:14:52,008 - INFO - HTTP Request: GET http://host.docker.internal:11434/api/tags "HTTP/1.1 200 OK"
2025-12-12 00:15:05,008 - INFO - HTTP Request: POST http://host.docker.internal:11434/api/generate "HTTP/1.1 200 OK"
2025-12-12 00:15:05,010 - INFO - HTTP Request: GET http://host.docker.internal:11434/api/tags "HTTP/1.1 200 OK"
2025-12-12 00:15:23,212 - INFO - HTTP Request: POST http://host.docker.internal:11434/api/generate "HTTP/1.1 200 OK"
2025-12-12 00:15:23,215 - INFO - HTTP Request: GET http://host.docker.internal:11434/api/tags "HTTP/1.1 200 OK"
2025-12-12 00:15:42,687 - INFO - HTTP Request: POST http://host.docker.internal:11434/api/generate "HTTP/1.1 200 OK"
2025-12-12 00:15:42,689 - INFO - HTTP Request: GET http://host.docker.internal:11434/api/tags "HTTP/1.1 200 OK"
2025-12-12 00:16:05,153 - INFO - HTTP Request: POST http://host.docker.internal:11434/api/generate "HTTP/1.1 200 OK"
2025-12-12 00:16:05,155 - INFO - HTTP Request: GET http://host.docker.internal:11434/api/tags "HTTP/1.1 200 OK"
2025-12-12 00:16:24,050 - INFO - HTTP Request: POST http://host.docker.internal:11434/api/generate "HTTP/1.1 200 OK"
2025-12-12 00:16:24,052 - INFO - HTTP Request: GET http://host.docker.internal:11434/api/tags "HTTP/1.1 200 OK"
2025-12-12 00:16:49,327 - INFO - HTTP Request: POST http://host.docker.internal:11434/api/generate "HTTP/1.1 200 OK"
2025-12-12 00:16:49,329 - INFO - HTTP Request: GET http://host.docker.internal:11434/api/tags "HTTP/1.1 200 OK"
2025-12-12 00:17:21,586 - INFO - HTTP Request: POST http://host.docker.internal:11434/api/generate "HTTP/1.1 200 OK"
2025-12-12 00:17:21,589 - INFO - HTTP Request: GET http://host.docker.internal:11434/api/tags "HTTP/1.1 200 OK"
2025-12-12 00:17:51,749 - INFO - HTTP Request: POST http://host.docker.internal:11434/api/generate "HTTP/1.1 200 OK"
2025-12-12 00:17:51,751 - INFO - HTTP Request: GET http://host.docker.internal:11434/api/tags "HTTP/1.1 200 OK"
2025-12-12 00:18:09,634 - INFO - HTTP Request: POST http://host.docker.internal:11434/api/generate "HTTP/1.1 200 OK"
2025-12-12 00:18:09,636 - INFO - HTTP Request: GET http://host.docker.internal:11434/api/tags "HTTP/1.1 200 OK"
2025-12-12 00:18:35,420 - INFO - HTTP Request: POST http://host.docker.internal:11434/api/generate "HTTP/1.1 200 OK"
2025-12-12 00:18:35,422 - INFO - HTTP Request: GET http://host.docker.internal:11434/api/tags "HTTP/1.1 200 OK"
2025-12-12 00:19:04,313 - INFO - HTTP Request: POST http://host.docker.internal:11434/api/generate "HTTP/1.1 200 OK"
2025-12-12 00:19:04,314 - INFO - HTTP Request: GET http://host.docker.internal:11434/api/tags "HTTP/1.1 200 OK"
2025-12-12 00:19:22,794 - INFO - HTTP Request: POST http://host.docker.internal:11434/api/generate "HTTP/1.1 200 OK"
2025-12-12 00:19:22,796 - INFO - HTTP Request: GET http://host.docker.internal:11434/api/tags "HTTP/1.1 200 OK"
2025-12-12 00:19:43,470 - INFO - HTTP Request: POST http://host.docker.internal:11434/api/generate "HTTP/1.1 200 OK"
2025-12-12 00:19:43,472 - INFO - HTTP Request: GET http://host.docker.internal:11434/api/tags "HTTP/1.1 200 OK"
2025-12-12 00:20:10,462 - INFO - HTTP Request: POST http://host.docker.internal:11434/api/generate "HTTP/1.1 200 OK"
2025-12-12 00:20:10,464 - INFO - HTTP Request: GET http://host.docker.internal:11434/api/tags "HTTP/1.1 200 OK"
2025-12-12 00:20:26,149 - INFO - HTTP Request: POST http://host.docker.internal:11434/api/generate "HTTP/1.1 200 OK"
2025-12-12 00:20:26,151 - INFO - HTTP Request: GET http://host.docker.internal:11434/api/tags "HTTP/1.1 200 OK"
2025-12-12 00:20:45,778 - INFO - HTTP Request: POST http://host.docker.internal:11434/api/generate "HTTP/1.1 200 OK"
2025-12-12 00:20:45,780 - INFO - HTTP Request: GET http://host.docker.internal:11434/api/tags "HTTP/1.1 200 OK"
2025-12-12 00:20:58,664 - INFO - HTTP Request: POST http://host.docker.internal:11434/api/generate "HTTP/1.1 200 OK"
2025-12-12 00:20:58,666 - INFO - HTTP Request: GET http://host.docker.internal:11434/api/tags "HTTP/1.1 200 OK"
2025-12-12 00:21:13,988 - INFO - HTTP Request: POST http://host.docker.internal:11434/api/generate "HTTP/1.1 200 OK"
2025-12-12 00:21:13,990 - INFO - HTTP Request: GET http://host.docker.internal:11434/api/tags "HTTP/1.1 200 OK"
2025-12-12 00:21:24,886 - INFO - HTTP Request: POST http://host.docker.internal:11434/api/generate "HTTP/1.1 200 OK"
2025-12-12 00:21:24,889 - INFO - HTTP Request: GET http://host.docker.internal:11434/api/tags "HTTP/1.1 200 OK"
2025-12-12 00:21:48,562 - INFO - HTTP Request: POST http://host.docker.internal:11434/api/generate "HTTP/1.1 200 OK"
2025-12-12 00:21:48,564 - INFO - HTTP Request: GET http://host.docker.internal:11434/api/tags "HTTP/1.1 200 OK"
2025-12-12 00:22:10,814 - INFO - HTTP Request: POST http://host.docker.internal:11434/api/generate "HTTP/1.1 200 OK"
2025-12-12 00:22:10,816 - INFO - HTTP Request: GET http://host.docker.internal:11434/api/tags "HTTP/1.1 200 OK"
2025-12-12 00:22:31,241 - INFO - HTTP Request: POST http://host.docker.internal:11434/api/generate "HTTP/1.1 200 OK"
2025-12-12 00:22:31,243 - INFO - HTTP Request: GET http://host.docker.internal:11434/api/tags "HTTP/1.1 200 OK"
2025-12-12 00:22:50,563 - INFO - HTTP Request: POST http://host.docker.internal:11434/api/generate "HTTP/1.1 200 OK"
2025-12-12 00:22:50,565 - INFO - HTTP Request: GET http://host.docker.internal:11434/api/tags "HTTP/1.1 200 OK"
2025-12-12 00:23:10,891 - INFO - HTTP Request: POST http://host.docker.internal:11434/api/generate "HTTP/1.1 200 OK"
2025-12-12 00:23:10,893 - INFO - HTTP Request: GET http://host.docker.internal:11434/api/tags "HTTP/1.1 200 OK"
2025-12-12 00:23:26,486 - INFO - HTTP Request: POST http://host.docker.internal:11434/api/generate "HTTP/1.1 200 OK"
2025-12-12 00:23:26,488 - INFO - HTTP Request: GET http://host.docker.internal:11434/api/tags "HTTP/1.1 200 OK"
2025-12-12 00:23:47,170 - INFO - HTTP Request: POST http://host.docker.internal:11434/api/generate "HTTP/1.1 200 OK"
2025-12-12 00:23:47,172 - INFO - HTTP Request: GET http://host.docker.internal:11434/api/tags "HTTP/1.1 200 OK"
2025-12-12 00:24:02,944 - INFO - HTTP Request: POST http://host.docker.internal:11434/api/generate "HTTP/1.1 200 OK"
2025-12-12 00:24:02,946 - INFO - HTTP Request: GET http://host.docker.internal:11434/api/tags "HTTP/1.1 200 OK"
2025-12-12 00:24:32,732 - INFO - HTTP Request: POST http://host.docker.internal:11434/api/generate "HTTP/1.1 200 OK"
2025-12-12 00:24:32,734 - INFO - HTTP Request: GET http://host.docker.internal:11434/api/tags "HTTP/1.1 200 OK"
2025-12-12 00:24:50,559 - INFO - HTTP Request: POST http://host.docker.internal:11434/api/generate "HTTP/1.1 200 OK"
2025-12-12 00:24:50,561 - INFO - HTTP Request: GET http://host.docker.internal:11434/api/tags "HTTP/1.1 200 OK"
2025-12-12 00:25:15,928 - INFO - HTTP Request: POST http://host.docker.internal:11434/api/generate "HTTP/1.1 200 OK"
2025-12-12 00:25:15,931 - INFO - HTTP Request: GET http://host.docker.internal:11434/api/tags "HTTP/1.1 200 OK"
2025-12-12 00:25:40,017 - INFO - HTTP Request: POST http://host.docker.internal:11434/api/generate "HTTP/1.1 200 OK"
2025-12-12 00:25:40,019 - INFO - HTTP Request: GET http://host.docker.internal:11434/api/tags "HTTP/1.1 200 OK"
2025-12-12 00:26:12,121 - INFO - HTTP Request: POST http://host.docker.internal:11434/api/generate "HTTP/1.1 200 OK"
2025-12-12 00:26:12,123 - INFO - HTTP Request: GET http://host.docker.internal:11434/api/tags "HTTP/1.1 200 OK"
2025-12-12 00:26:36,518 - INFO - HTTP Request: POST http://host.docker.internal:11434/api/generate "HTTP/1.1 200 OK"
2025-12-12 00:26:36,520 - INFO - HTTP Request: GET http://host.docker.internal:11434/api/tags "HTTP/1.1 200 OK"
2025-12-12 00:27:00,960 - INFO - HTTP Request: POST http://host.docker.internal:11434/api/generate "HTTP/1.1 200 OK"
2025-12-12 00:27:00,962 - INFO - HTTP Request: GET http://host.docker.internal:11434/api/tags "HTTP/1.1 200 OK"
2025-12-12 00:27:14,844 - INFO - HTTP Request: POST http://host.docker.internal:11434/api/generate "HTTP/1.1 200 OK"
2025-12-12 00:27:14,846 - INFO - HTTP Request: GET http://host.docker.internal:11434/api/tags "HTTP/1.1 200 OK"
2025-12-12 00:27:36,286 - INFO - HTTP Request: POST http://host.docker.internal:11434/api/generate "HTTP/1.1 200 OK"
2025-12-12 00:27:36,289 - INFO - HTTP Request: GET http://host.docker.internal:11434/api/tags "HTTP/1.1 200 OK"
2025-12-12 00:27:54,874 - INFO - HTTP Request: POST http://host.docker.internal:11434/api/generate "HTTP/1.1 200 OK"
2025-12-12 00:27:54,876 - INFO - HTTP Request: GET http://host.docker.internal:11434/api/tags "HTTP/1.1 200 OK"
2025-12-12 00:28:11,732 - INFO - HTTP Request: POST http://host.docker.internal:11434/api/generate "HTTP/1.1 200 OK"
2025-12-12 00:28:11,734 - INFO - HTTP Request: GET http://host.docker.internal:11434/api/tags "HTTP/1.1 200 OK"
2025-12-12 00:28:32,699 - INFO - HTTP Request: POST http://host.docker.internal:11434/api/generate "HTTP/1.1 200 OK"
2025-12-12 00:28:32,701 - INFO - HTTP Request: GET http://host.docker.internal:11434/api/tags "HTTP/1.1 200 OK"
2025-12-12 00:28:52,555 - INFO - HTTP Request: POST http://host.docker.internal:11434/api/generate "HTTP/1.1 200 OK"
2025-12-12 00:28:52,557 - INFO - HTTP Request: GET http://host.docker.internal:11434/api/tags "HTTP/1.1 200 OK"
2025-12-12 00:29:09,973 - INFO - HTTP Request: POST http://host.docker.internal:11434/api/generate "HTTP/1.1 200 OK"
2025-12-12 00:29:09,975 - INFO - HTTP Request: GET http://host.docker.internal:11434/api/tags "HTTP/1.1 200 OK"
2025-12-12 00:29:27,152 - INFO - HTTP Request: POST http://host.docker.internal:11434/api/generate "HTTP/1.1 200 OK"
2025-12-12 00:29:27,154 - INFO - HTTP Request: GET http://host.docker.internal:11434/api/tags "HTTP/1.1 200 OK"
2025-12-12 00:29:39,497 - INFO - HTTP Request: POST http://host.docker.internal:11434/api/generate "HTTP/1.1 200 OK"
2025-12-12 00:29:39,499 - INFO - HTTP Request: GET http://host.docker.internal:11434/api/tags "HTTP/1.1 200 OK"
2025-12-12 00:29:55,837 - INFO - HTTP Request: POST http://host.docker.internal:11434/api/generate "HTTP/1.1 200 OK"
2025-12-12 00:29:55,839 - INFO - HTTP Request: GET http://host.docker.internal:11434/api/tags "HTTP/1.1 200 OK"
2025-12-12 00:30:12,110 - INFO - HTTP Request: POST http://host.docker.internal:11434/api/generate "HTTP/1.1 200 OK"
2025-12-12 00:30:12,111 - INFO - HTTP Request: GET http://host.docker.internal:11434/api/tags "HTTP/1.1 200 OK"
2025-12-12 00:30:29,691 - INFO - HTTP Request: POST http://host.docker.internal:11434/api/generate "HTTP/1.1 200 OK"
2025-12-12 00:30:29,693 - INFO - HTTP Request: GET http://host.docker.internal:11434/api/tags "HTTP/1.1 200 OK"
2025-12-12 00:30:48,440 - INFO - HTTP Request: POST http://host.docker.internal:11434/api/generate "HTTP/1.1 200 OK"
2025-12-12 00:30:48,442 - INFO - HTTP Request: GET http://host.docker.internal:11434/api/tags "HTTP/1.1 200 OK"
2025-12-12 00:30:59,596 - INFO - HTTP Request: POST http://host.docker.internal:11434/api/generate "HTTP/1.1 200 OK"
2025-12-12 00:30:59,598 - INFO - HTTP Request: GET http://host.docker.internal:11434/api/tags "HTTP/1.1 200 OK"
2025-12-12 00:31:15,989 - INFO - HTTP Request: POST http://host.docker.internal:11434/api/generate "HTTP/1.1 200 OK"
2025-12-12 00:31:15,991 - INFO - HTTP Request: GET http://host.docker.internal:11434/api/tags "HTTP/1.1 200 OK"
2025-12-12 00:31:39,454 - INFO - HTTP Request: POST http://host.docker.internal:11434/api/generate "HTTP/1.1 200 OK"
2025-12-12 00:31:39,456 - INFO - HTTP Request: GET http://host.docker.internal:11434/api/tags "HTTP/1.1 200 OK"
2025-12-12 00:32:04,794 - INFO - HTTP Request: POST http://host.docker.internal:11434/api/generate "HTTP/1.1 200 OK"
2025-12-12 00:32:04,796 - INFO - HTTP Request: GET http://host.docker.internal:11434/api/tags "HTTP/1.1 200 OK"
2025-12-12 00:32:26,699 - INFO - HTTP Request: POST http://host.docker.internal:11434/api/generate "HTTP/1.1 200 OK"
2025-12-12 00:32:26,701 - INFO - HTTP Request: GET http://host.docker.internal:11434/api/tags "HTTP/1.1 200 OK"
2025-12-12 00:32:43,005 - INFO - HTTP Request: POST http://host.docker.internal:11434/api/generate "HTTP/1.1 200 OK"
2025-12-12 00:32:43,007 - INFO - HTTP Request: GET http://host.docker.internal:11434/api/tags "HTTP/1.1 200 OK"
2025-12-12 00:32:56,221 - INFO - HTTP Request: POST http://host.docker.internal:11434/api/generate "HTTP/1.1 200 OK"
2025-12-12 00:32:56,223 - INFO - HTTP Request: GET http://host.docker.internal:11434/api/tags "HTTP/1.1 200 OK"
2025-12-12 00:33:14,511 - INFO - HTTP Request: POST http://host.docker.internal:11434/api/generate "HTTP/1.1 200 OK"
2025-12-12 00:33:14,513 - INFO - HTTP Request: GET http://host.docker.internal:11434/api/tags "HTTP/1.1 200 OK"
2025-12-12 00:33:41,133 - INFO - HTTP Request: POST http://host.docker.internal:11434/api/generate "HTTP/1.1 200 OK"
2025-12-12 00:33:41,135 - INFO - HTTP Request: GET http://host.docker.internal:11434/api/tags "HTTP/1.1 200 OK"
2025-12-12 00:34:02,191 - INFO - HTTP Request: POST http://host.docker.internal:11434/api/generate "HTTP/1.1 200 OK"
2025-12-12 00:34:02,194 - INFO - HTTP Request: GET http://host.docker.internal:11434/api/tags "HTTP/1.1 200 OK"
2025-12-12 00:34:19,627 - INFO - HTTP Request: POST http://host.docker.internal:11434/api/generate "HTTP/1.1 200 OK"
2025-12-12 00:34:19,629 - INFO - HTTP Request: GET http://host.docker.internal:11434/api/tags "HTTP/1.1 200 OK"
2025-12-12 00:34:44,567 - INFO - HTTP Request: POST http://host.docker.internal:11434/api/generate "HTTP/1.1 200 OK"
2025-12-12 00:34:44,569 - INFO - HTTP Request: GET http://host.docker.internal:11434/api/tags "HTTP/1.1 200 OK"
2025-12-12 00:34:59,694 - INFO - HTTP Request: POST http://host.docker.internal:11434/api/generate "HTTP/1.1 200 OK"
2025-12-12 00:34:59,696 - INFO - HTTP Request: GET http://host.docker.internal:11434/api/tags "HTTP/1.1 200 OK"
2025-12-12 00:35:27,633 - INFO - HTTP Request: POST http://host.docker.internal:11434/api/generate "HTTP/1.1 200 OK"
2025-12-12 00:35:27,636 - INFO - HTTP Request: GET http://host.docker.internal:11434/api/tags "HTTP/1.1 200 OK"
2025-12-12 00:35:45,123 - INFO - HTTP Request: POST http://host.docker.internal:11434/api/generate "HTTP/1.1 200 OK"
2025-12-12 00:35:45,126 - INFO - HTTP Request: GET http://host.docker.internal:11434/api/tags "HTTP/1.1 200 OK"
2025-12-12 00:36:10,396 - INFO - HTTP Request: POST http://host.docker.internal:11434/api/generate "HTTP/1.1 200 OK"
2025-12-12 00:36:10,398 - INFO - HTTP Request: GET http://host.docker.internal:11434/api/tags "HTTP/1.1 200 OK"
2025-12-12 00:36:25,685 - INFO - HTTP Request: POST http://host.docker.internal:11434/api/generate "HTTP/1.1 200 OK"
2025-12-12 00:36:25,687 - INFO - HTTP Request: GET http://host.docker.internal:11434/api/tags "HTTP/1.1 200 OK"
2025-12-12 00:36:45,207 - INFO - HTTP Request: POST http://host.docker.internal:11434/api/generate "HTTP/1.1 200 OK"
2025-12-12 00:36:45,209 - INFO - HTTP Request: GET http://host.docker.internal:11434/api/tags "HTTP/1.1 200 OK"
2025-12-12 00:37:02,499 - INFO - HTTP Request: POST http://host.docker.internal:11434/api/generate "HTTP/1.1 200 OK"
2025-12-12 00:37:02,501 - INFO - HTTP Request: GET http://host.docker.internal:11434/api/tags "HTTP/1.1 200 OK"
2025-12-12 00:37:20,349 - INFO - HTTP Request: POST http://host.docker.internal:11434/api/generate "HTTP/1.1 200 OK"
2025-12-12 00:37:20,351 - INFO - HTTP Request: GET http://host.docker.internal:11434/api/tags "HTTP/1.1 200 OK"
2025-12-12 00:37:37,149 - INFO - HTTP Request: POST http://host.docker.internal:11434/api/generate "HTTP/1.1 200 OK"
2025-12-12 00:37:37,151 - INFO - HTTP Request: GET http://host.docker.internal:11434/api/tags "HTTP/1.1 200 OK"
2025-12-12 00:37:47,378 - INFO - HTTP Request: POST http://host.docker.internal:11434/api/generate "HTTP/1.1 200 OK"
2025-12-12 00:37:47,379 - INFO - HTTP Request: GET http://host.docker.internal:11434/api/tags "HTTP/1.1 200 OK"
2025-12-12 00:37:59,115 - INFO - HTTP Request: POST http://host.docker.internal:11434/api/generate "HTTP/1.1 200 OK"
2025-12-12 00:37:59,117 - INFO - HTTP Request: GET http://host.docker.internal:11434/api/tags "HTTP/1.1 200 OK"
2025-12-12 00:38:16,238 - INFO - HTTP Request: POST http://host.docker.internal:11434/api/generate "HTTP/1.1 200 OK"
2025-12-12 00:38:16,240 - INFO - HTTP Request: GET http://host.docker.internal:11434/api/tags "HTTP/1.1 200 OK"
2025-12-12 00:38:36,695 - INFO - HTTP Request: POST http://host.docker.internal:11434/api/generate "HTTP/1.1 200 OK"
2025-12-12 00:38:36,697 - INFO - HTTP Request: GET http://host.docker.internal:11434/api/tags "HTTP/1.1 200 OK"
2025-12-12 00:38:58,236 - INFO - HTTP Request: POST http://host.docker.internal:11434/api/generate "HTTP/1.1 200 OK"
2025-12-12 00:38:58,238 - INFO - HTTP Request: GET http://host.docker.internal:11434/api/tags "HTTP/1.1 200 OK"
2025-12-12 00:39:24,450 - INFO - HTTP Request: POST http://host.docker.internal:11434/api/generate "HTTP/1.1 200 OK"
2025-12-12 00:39:24,453 - INFO - HTTP Request: GET http://host.docker.internal:11434/api/tags "HTTP/1.1 200 OK"
2025-12-12 00:39:42,361 - INFO - HTTP Request: POST http://host.docker.internal:11434/api/generate "HTTP/1.1 200 OK"
2025-12-12 00:39:42,363 - INFO - HTTP Request: GET http://host.docker.internal:11434/api/tags "HTTP/1.1 200 OK"
2025-12-12 00:40:05,267 - INFO - HTTP Request: POST http://host.docker.internal:11434/api/generate "HTTP/1.1 200 OK"
2025-12-12 00:40:05,269 - INFO - HTTP Request: GET http://host.docker.internal:11434/api/tags "HTTP/1.1 200 OK"
2025-12-12 00:40:20,407 - INFO - HTTP Request: POST http://host.docker.internal:11434/api/generate "HTTP/1.1 200 OK"
2025-12-12 00:40:20,409 - INFO - HTTP Request: GET http://host.docker.internal:11434/api/tags "HTTP/1.1 200 OK"
2025-12-12 00:40:38,767 - INFO - HTTP Request: POST http://host.docker.internal:11434/api/generate "HTTP/1.1 200 OK"
2025-12-12 00:40:38,769 - INFO - HTTP Request: GET http://host.docker.internal:11434/api/tags "HTTP/1.1 200 OK"
2025-12-12 00:40:48,267 - INFO - HTTP Request: POST http://host.docker.internal:11434/api/generate "HTTP/1.1 200 OK"
2025-12-12 00:40:48,268 - INFO - HTTP Request: GET http://host.docker.internal:11434/api/tags "HTTP/1.1 200 OK"
2025-12-12 00:41:03,144 - INFO - HTTP Request: POST http://host.docker.internal:11434/api/generate "HTTP/1.1 200 OK"
2025-12-12 00:41:03,146 - INFO - HTTP Request: GET http://host.docker.internal:11434/api/tags "HTTP/1.1 200 OK"
2025-12-12 00:41:22,997 - INFO - HTTP Request: POST http://host.docker.internal:11434/api/generate "HTTP/1.1 200 OK"
2025-12-12 00:41:22,999 - INFO - HTTP Request: GET http://host.docker.internal:11434/api/tags "HTTP/1.1 200 OK"
2025-12-12 00:41:38,514 - INFO - HTTP Request: POST http://host.docker.internal:11434/api/generate "HTTP/1.1 200 OK"
2025-12-12 00:41:38,518 - INFO - HTTP Request: GET http://host.docker.internal:11434/api/tags "HTTP/1.1 200 OK"
2025-12-12 00:41:58,788 - INFO - HTTP Request: POST http://host.docker.internal:11434/api/generate "HTTP/1.1 200 OK"
2025-12-12 00:41:58,790 - INFO - HTTP Request: GET http://host.docker.internal:11434/api/tags "HTTP/1.1 200 OK"
2025-12-12 00:42:10,670 - INFO - HTTP Request: POST http://host.docker.internal:11434/api/generate "HTTP/1.1 200 OK"
2025-12-12 00:42:10,672 - INFO - HTTP Request: GET http://host.docker.internal:11434/api/tags "HTTP/1.1 200 OK"
2025-12-12 00:42:42,818 - INFO - HTTP Request: POST http://host.docker.internal:11434/api/generate "HTTP/1.1 200 OK"
2025-12-12 00:42:42,820 - INFO - HTTP Request: GET http://host.docker.internal:11434/api/tags "HTTP/1.1 200 OK"
2025-12-12 00:43:10,209 - INFO - HTTP Request: POST http://host.docker.internal:11434/api/generate "HTTP/1.1 200 OK"
2025-12-12 00:43:10,211 - INFO - HTTP Request: GET http://host.docker.internal:11434/api/tags "HTTP/1.1 200 OK"
2025-12-12 00:43:34,744 - INFO - HTTP Request: POST http://host.docker.internal:11434/api/generate "HTTP/1.1 200 OK"
2025-12-12 00:43:34,746 - INFO - HTTP Request: GET http://host.docker.internal:11434/api/tags "HTTP/1.1 200 OK"
2025-12-12 00:43:49,991 - INFO - HTTP Request: POST http://host.docker.internal:11434/api/generate "HTTP/1.1 200 OK"
2025-12-12 00:43:49,992 - INFO -   累计文档: 962 条
2025-12-12 00:43:51,031 - INFO - 
处理批次 8: 20 个关键词
2025-12-12 00:44:51,626 - ERROR - 批次 8 处理失败: Tavily API 请求失败 (状态码 432): {"detail":{"error":"This request exceeds your plan's set usage limit. Please upgrade your plan or contact support@tavily.com"}}
2025-12-12 00:44:51,628 - INFO - 检查点已保存: 140个关键词
2025-12-12 00:44:51,629 - INFO - 
处理批次 9: 20 个关键词
2025-12-12 00:44:52,472 - ERROR - 批次 9 处理失败: Tavily API 请求失败 (状态码 432): {"detail":{"error":"This request exceeds your plan's set usage limit. Please upgrade your plan or contact support@tavily.com"}}
2025-12-12 00:44:52,474 - INFO - 检查点已保存: 140个关键词
2025-12-12 00:44:52,475 - INFO - 
处理批次 10: 5 个关键词
2025-12-12 00:44:53,283 - ERROR - 批次 10 处理失败: Tavily API 请求失败 (状态码 432): {"detail":{"error":"This request exceeds your plan's set usage limit. Please upgrade your plan or contact support@tavily.com"}}
2025-12-12 00:44:53,285 - INFO - 检查点已保存: 140个关键词
2025-12-12 00:44:53,288 - INFO - 检查点已保存: 140个关键词
2025-12-12 00:44:53,438 - INFO - 最终结果已保存: academic_data/large_scale/large_scale_results_20251212_004453.json
2025-12-12 00:44:53,438 - INFO - 分析文件已保存: academic_data/large_scale/structured/large_scale_analysis_20251212_004453.jsonl
2025-12-12 00:44:53,438 - INFO - 
爬取完成！
2025-12-12 00:44:53,438 - INFO - 总耗时: 292.0 分钟
2025-12-12 00:44:53,438 - INFO - 总文档数: 962
2025-12-30 16:17:12,899 - INFO - 已加载检查点: 140个关键词已处理
2025-12-30 16:17:12,989 - INFO - ============================================================
2025-12-30 16:17:12,989 - INFO - 大规模绿电消费学术研究数据爬取
2025-12-30 16:17:12,989 - INFO - 目标文档数: 2600
2025-12-30 16:17:12,989 - INFO - 总关键词数: 185
2025-12-30 16:17:12,990 - INFO - ============================================================
2025-12-30 16:17:12,990 - INFO - 剩余待处理关键词: 45
2025-12-30 16:17:12,990 - INFO - 
处理批次 1: 15 个关键词
2025-12-30 16:17:13,839 - ERROR - 批次 1 处理失败: Tavily API 请求失败 (状态码 432): {"detail":{"error":"This request exceeds your plan's set usage limit. Please upgrade your plan or contact support@tavily.com"}}
2025-12-30 16:17:13,841 - INFO - 检查点已保存: 140个关键词
2025-12-30 16:17:13,842 - INFO - 
处理批次 2: 15 个关键词
2025-12-30 16:17:14,608 - ERROR - 批次 2 处理失败: Tavily API 请求失败 (状态码 432): {"detail":{"error":"This request exceeds your plan's set usage limit. Please upgrade your plan or contact support@tavily.com"}}
2025-12-30 16:17:14,610 - INFO - 检查点已保存: 140个关键词
2025-12-30 16:17:14,611 - INFO - 
处理批次 3: 15 个关键词
2025-12-30 16:17:15,396 - ERROR - 批次 3 处理失败: Tavily API 请求失败 (状态码 432): {"detail":{"error":"This request exceeds your plan's set usage limit. Please upgrade your plan or contact support@tavily.com"}}
2025-12-30 16:17:15,398 - INFO - 检查点已保存: 140个关键词
2025-12-30 16:17:15,400 - INFO - 检查点已保存: 140个关键词
2025-12-30 16:17:15,400 - INFO - 最终结果已保存: academic_data/large_scale/large_scale_results_20251230_161715.json
2025-12-30 16:17:15,400 - INFO - 分析文件已保存: academic_data/large_scale/structured/large_scale_analysis_20251230_161715.jsonl
2025-12-30 16:17:15,401 - INFO - 
爬取完成！
2025-12-30 16:17:15,401 - INFO - 总耗时: 0.0 分钟
2025-12-30 16:17:15,401 - INFO - 总文档数: 0
2025-12-30 16:19:21,700 - INFO - 已加载检查点: 140个关键词已处理
2025-12-30 16:19:21,724 - INFO - 已恢复既有结构化结果: 962 条（来自 large_scale_analysis_20251212_004453.jsonl）
2025-12-30 16:19:21,805 - INFO - ============================================================
2025-12-30 16:19:21,805 - INFO - 大规模绿电消费学术研究数据爬取
2025-12-30 16:19:21,805 - INFO - 目标文档数: 2600
2025-12-30 16:19:21,806 - INFO - 总关键词数: 185
2025-12-30 16:19:21,806 - INFO - ============================================================
2025-12-30 16:19:21,806 - INFO - 剩余待处理关键词: 45
2025-12-30 16:19:21,806 - INFO - 
处理批次 1: 15 个关键词
2025-12-30 16:19:22,587 - ERROR - 批次 1 处理失败: Tavily API 请求失败 (状态码 432): {"detail":{"error":"This request exceeds your plan's set usage limit. Please upgrade your plan or contact support@tavily.com"}}
2025-12-30 16:19:22,589 - INFO - 检查点已保存: 140个关键词
2025-12-30 16:19:22,589 - ERROR - 检测到 Tavily 配额已用尽，停止本次续跑（等待配额恢复/更换KEY/升级套餐）。
2025-12-30 16:19:22,591 - INFO - 检查点已保存: 140个关键词
2025-12-30 16:19:22,724 - INFO - 最终结果已保存: academic_data/large_scale/large_scale_results_20251230_161922.json
2025-12-30 16:19:22,724 - INFO - 分析文件已保存: academic_data/large_scale/structured/large_scale_analysis_20251230_161922.jsonl
2025-12-30 16:19:22,724 - INFO - 
爬取完成！
2025-12-30 16:19:22,725 - INFO - 总耗时: 0.0 分钟
2025-12-30 16:19:22,725 - INFO - 总文档数: 962
2025-12-30 16:29:00,512 - INFO - 已加载检查点: 140个关键词已处理
2025-12-30 16:29:00,551 - INFO - 已恢复既有结构化结果: 962 条（来自 large_scale_analysis_20251230_161922.jsonl）
2025-12-30 16:29:00,634 - INFO - ============================================================
2025-12-30 16:29:00,634 - INFO - 大规模绿电消费学术研究数据爬取
2025-12-30 16:29:00,634 - INFO - 目标文档数: 2600
2025-12-30 16:29:00,634 - INFO - 总关键词数: 185
2025-12-30 16:29:00,634 - INFO - ============================================================
2025-12-30 16:29:00,634 - INFO - 剩余待处理关键词: 45
2025-12-30 16:29:00,634 - INFO - 
处理批次 1: 15 个关键词
2025-12-30 16:30:00,481 - INFO -   原始结果: 225 条
2025-12-30 16:30:00,483 - INFO -   质量过滤后: 100 条
2025-12-30 16:30:00,486 - INFO - HTTP Request: GET http://172.21.48.1:11434/api/tags "HTTP/1.1 200 OK"
2025-12-30 16:30:03,601 - INFO - HTTP Request: POST http://172.21.48.1:11434/api/generate "HTTP/1.1 200 OK"
2025-12-30 16:30:14,305 - INFO - HTTP Request: GET http://172.21.48.1:11434/api/tags "HTTP/1.1 200 OK"
2025-12-30 16:30:14,545 - INFO - HTTP Request: POST http://172.21.48.1:11434/api/generate "HTTP/1.1 200 OK"
2025-12-30 16:30:25,326 - INFO - HTTP Request: GET http://172.21.48.1:11434/api/tags "HTTP/1.1 200 OK"
2025-12-30 16:30:25,561 - INFO - HTTP Request: POST http://172.21.48.1:11434/api/generate "HTTP/1.1 200 OK"
2025-12-30 16:30:36,234 - INFO - HTTP Request: GET http://172.21.48.1:11434/api/tags "HTTP/1.1 200 OK"
2025-12-30 16:30:36,500 - INFO - HTTP Request: POST http://172.21.48.1:11434/api/generate "HTTP/1.1 200 OK"
2025-12-30 16:30:47,158 - INFO - HTTP Request: GET http://172.21.48.1:11434/api/tags "HTTP/1.1 200 OK"
2025-12-30 16:30:47,423 - INFO - HTTP Request: POST http://172.21.48.1:11434/api/generate "HTTP/1.1 200 OK"
2025-12-30 16:30:58,155 - INFO - HTTP Request: GET http://172.21.48.1:11434/api/tags "HTTP/1.1 200 OK"
2025-12-30 16:30:58,440 - INFO - HTTP Request: POST http://172.21.48.1:11434/api/generate "HTTP/1.1 200 OK"
2025-12-30 16:31:09,140 - INFO - HTTP Request: GET http://172.21.48.1:11434/api/tags "HTTP/1.1 200 OK"
2025-12-30 16:31:09,366 - INFO - HTTP Request: POST http://172.21.48.1:11434/api/generate "HTTP/1.1 200 OK"
2025-12-30 16:31:20,085 - INFO - HTTP Request: GET http://172.21.48.1:11434/api/tags "HTTP/1.1 200 OK"
2025-12-30 16:31:20,372 - INFO - HTTP Request: POST http://172.21.48.1:11434/api/generate "HTTP/1.1 200 OK"
2025-12-30 16:31:31,192 - INFO - HTTP Request: GET http://172.21.48.1:11434/api/tags "HTTP/1.1 200 OK"
2025-12-30 16:31:31,438 - INFO - HTTP Request: POST http://172.21.48.1:11434/api/generate "HTTP/1.1 200 OK"
2025-12-30 16:31:42,200 - INFO - HTTP Request: GET http://172.21.48.1:11434/api/tags "HTTP/1.1 200 OK"
2025-12-30 16:31:42,438 - INFO - HTTP Request: POST http://172.21.48.1:11434/api/generate "HTTP/1.1 200 OK"
2025-12-30 16:31:53,303 - INFO - HTTP Request: GET http://172.21.48.1:11434/api/tags "HTTP/1.1 200 OK"
2025-12-30 16:31:53,582 - INFO - HTTP Request: POST http://172.21.48.1:11434/api/generate "HTTP/1.1 200 OK"
2025-12-30 16:32:04,364 - INFO - HTTP Request: GET http://172.21.48.1:11434/api/tags "HTTP/1.1 200 OK"
2025-12-30 16:32:04,605 - INFO - HTTP Request: POST http://172.21.48.1:11434/api/generate "HTTP/1.1 200 OK"
2025-12-30 16:32:15,123 - INFO - HTTP Request: GET http://172.21.48.1:11434/api/tags "HTTP/1.1 200 OK"
2025-12-30 16:32:16,595 - INFO - HTTP Request: POST http://172.21.48.1:11434/api/generate "HTTP/1.1 200 OK"
2025-12-30 16:32:27,075 - INFO - HTTP Request: GET http://172.21.48.1:11434/api/tags "HTTP/1.1 200 OK"
2025-12-30 16:32:27,314 - INFO - HTTP Request: POST http://172.21.48.1:11434/api/generate "HTTP/1.1 200 OK"
2025-12-30 16:33:08,759 - INFO - 已加载检查点: 140个关键词已处理
2025-12-30 16:33:08,797 - INFO - 已恢复既有结构化结果: 962 条（来自 large_scale_analysis_20251230_161922.jsonl）
2025-12-30 16:33:08,877 - INFO - ============================================================
2025-12-30 16:33:08,877 - INFO - 大规模绿电消费学术研究数据爬取
2025-12-30 16:33:08,877 - INFO - 目标文档数: 2600
2025-12-30 16:33:08,877 - INFO - 总关键词数: 185
2025-12-30 16:33:08,877 - INFO - ============================================================
2025-12-30 16:33:08,877 - INFO - 剩余待处理关键词: 45
2025-12-30 16:33:08,877 - INFO - 
处理批次 1: 15 个关键词
2025-12-30 16:33:13,952 - INFO -   原始结果: 225 条
2025-12-30 16:33:13,954 - INFO -   质量过滤后: 100 条
2025-12-30 16:33:13,956 - INFO - HTTP Request: GET http://172.21.48.1:11434/api/tags "HTTP/1.1 200 OK"
2025-12-30 16:33:14,470 - INFO - HTTP Request: POST http://172.21.48.1:11434/api/generate "HTTP/1.1 200 OK"
2025-12-30 16:33:25,271 - INFO - HTTP Request: GET http://172.21.48.1:11434/api/tags "HTTP/1.1 200 OK"
2025-12-30 16:33:25,501 - INFO - HTTP Request: POST http://172.21.48.1:11434/api/generate "HTTP/1.1 200 OK"
2025-12-30 16:33:36,175 - INFO - HTTP Request: GET http://172.21.48.1:11434/api/tags "HTTP/1.1 200 OK"
2025-12-30 16:33:36,404 - INFO - HTTP Request: POST http://172.21.48.1:11434/api/generate "HTTP/1.1 200 OK"
2025-12-30 16:33:46,958 - INFO - HTTP Request: GET http://172.21.48.1:11434/api/tags "HTTP/1.1 200 OK"
2025-12-30 16:33:47,228 - INFO - HTTP Request: POST http://172.21.48.1:11434/api/generate "HTTP/1.1 200 OK"
2025-12-30 16:33:57,602 - INFO - HTTP Request: GET http://172.21.48.1:11434/api/tags "HTTP/1.1 200 OK"
2025-12-30 16:33:57,851 - INFO - HTTP Request: POST http://172.21.48.1:11434/api/generate "HTTP/1.1 200 OK"
2025-12-30 16:34:08,211 - INFO - HTTP Request: GET http://172.21.48.1:11434/api/tags "HTTP/1.1 200 OK"
2025-12-30 16:34:08,499 - INFO - HTTP Request: POST http://172.21.48.1:11434/api/generate "HTTP/1.1 200 OK"
2025-12-30 16:34:18,906 - INFO - HTTP Request: GET http://172.21.48.1:11434/api/tags "HTTP/1.1 200 OK"
2025-12-30 16:34:19,132 - INFO - HTTP Request: POST http://172.21.48.1:11434/api/generate "HTTP/1.1 200 OK"
2025-12-30 16:34:29,477 - INFO - HTTP Request: GET http://172.21.48.1:11434/api/tags "HTTP/1.1 200 OK"
2025-12-30 16:34:29,747 - INFO - HTTP Request: POST http://172.21.48.1:11434/api/generate "HTTP/1.1 200 OK"
2025-12-30 16:34:40,137 - INFO - HTTP Request: GET http://172.21.48.1:11434/api/tags "HTTP/1.1 200 OK"
2025-12-30 16:34:40,360 - INFO - HTTP Request: POST http://172.21.48.1:11434/api/generate "HTTP/1.1 200 OK"
2025-12-30 16:34:50,776 - INFO - HTTP Request: GET http://172.21.48.1:11434/api/tags "HTTP/1.1 200 OK"
2025-12-30 16:34:51,011 - INFO - HTTP Request: POST http://172.21.48.1:11434/api/generate "HTTP/1.1 200 OK"
2025-12-30 16:35:01,594 - INFO - HTTP Request: GET http://172.21.48.1:11434/api/tags "HTTP/1.1 200 OK"
2025-12-30 16:35:01,899 - INFO - HTTP Request: POST http://172.21.48.1:11434/api/generate "HTTP/1.1 200 OK"
2025-12-30 16:35:12,420 - INFO - HTTP Request: GET http://172.21.48.1:11434/api/tags "HTTP/1.1 200 OK"
2025-12-30 16:35:12,651 - INFO - HTTP Request: POST http://172.21.48.1:11434/api/generate "HTTP/1.1 200 OK"
2025-12-30 16:35:23,019 - INFO - HTTP Request: GET http://172.21.48.1:11434/api/tags "HTTP/1.1 200 OK"
2025-12-30 16:35:23,280 - INFO - HTTP Request: POST http://172.21.48.1:11434/api/generate "HTTP/1.1 200 OK"
2025-12-30 16:35:33,836 - INFO - HTTP Request: GET http://172.21.48.1:11434/api/tags "HTTP/1.1 200 OK"
2025-12-30 16:35:34,072 - INFO - HTTP Request: POST http://172.21.48.1:11434/api/generate "HTTP/1.1 200 OK"
2025-12-30 16:35:44,569 - INFO - HTTP Request: GET http://172.21.48.1:11434/api/tags "HTTP/1.1 200 OK"
2025-12-30 16:35:44,801 - INFO - HTTP Request: POST http://172.21.48.1:11434/api/generate "HTTP/1.1 200 OK"
2025-12-30 16:35:55,253 - INFO - HTTP Request: GET http://172.21.48.1:11434/api/tags "HTTP/1.1 200 OK"
2025-12-30 16:35:55,544 - INFO - HTTP Request: POST http://172.21.48.1:11434/api/generate "HTTP/1.1 200 OK"
2025-12-30 16:36:06,008 - INFO - HTTP Request: GET http://172.21.48.1:11434/api/tags "HTTP/1.1 200 OK"
2025-12-30 16:36:06,241 - INFO - HTTP Request: POST http://172.21.48.1:11434/api/generate "HTTP/1.1 200 OK"
2025-12-30 16:36:16,665 - INFO - HTTP Request: GET http://172.21.48.1:11434/api/tags "HTTP/1.1 200 OK"
2025-12-30 16:36:16,905 - INFO - HTTP Request: POST http://172.21.48.1:11434/api/generate "HTTP/1.1 200 OK"
2025-12-30 16:36:27,281 - INFO - HTTP Request: GET http://172.21.48.1:11434/api/tags "HTTP/1.1 200 OK"
2025-12-30 16:36:27,552 - INFO - HTTP Request: POST http://172.21.48.1:11434/api/generate "HTTP/1.1 200 OK"
2025-12-30 16:36:37,962 - INFO - HTTP Request: GET http://172.21.48.1:11434/api/tags "HTTP/1.1 200 OK"
2025-12-30 16:36:38,181 - INFO - HTTP Request: POST http://172.21.48.1:11434/api/generate "HTTP/1.1 200 OK"
2025-12-30 16:36:48,615 - INFO - HTTP Request: GET http://172.21.48.1:11434/api/tags "HTTP/1.1 200 OK"
2025-12-30 16:36:48,885 - INFO - HTTP Request: POST http://172.21.48.1:11434/api/generate "HTTP/1.1 200 OK"
2025-12-30 16:36:59,244 - INFO - HTTP Request: GET http://172.21.48.1:11434/api/tags "HTTP/1.1 200 OK"
2025-12-30 16:36:59,480 - INFO - HTTP Request: POST http://172.21.48.1:11434/api/generate "HTTP/1.1 200 OK"
2025-12-30 16:37:09,848 - INFO - HTTP Request: GET http://172.21.48.1:11434/api/tags "HTTP/1.1 200 OK"
2025-12-30 16:37:10,066 - INFO - HTTP Request: POST http://172.21.48.1:11434/api/generate "HTTP/1.1 200 OK"
2025-12-30 16:37:20,458 - INFO - HTTP Request: GET http://172.21.48.1:11434/api/tags "HTTP/1.1 200 OK"
2025-12-30 16:37:20,731 - INFO - HTTP Request: POST http://172.21.48.1:11434/api/generate "HTTP/1.1 200 OK"
2025-12-30 16:37:31,118 - INFO - HTTP Request: GET http://172.21.48.1:11434/api/tags "HTTP/1.1 200 OK"
2025-12-30 16:37:31,305 - INFO - HTTP Request: POST http://172.21.48.1:11434/api/generate "HTTP/1.1 200 OK"
2025-12-30 16:37:41,626 - INFO - HTTP Request: GET http://172.21.48.1:11434/api/tags "HTTP/1.1 200 OK"
2025-12-30 16:37:41,851 - INFO - HTTP Request: POST http://172.21.48.1:11434/api/generate "HTTP/1.1 200 OK"
2025-12-30 16:37:52,252 - INFO - HTTP Request: GET http://172.21.48.1:11434/api/tags "HTTP/1.1 200 OK"
2025-12-30 16:37:52,524 - INFO - HTTP Request: POST http://172.21.48.1:11434/api/generate "HTTP/1.1 200 OK"
2025-12-30 16:38:02,964 - INFO - HTTP Request: GET http://172.21.48.1:11434/api/tags "HTTP/1.1 200 OK"
2025-12-30 16:38:03,218 - INFO - HTTP Request: POST http://172.21.48.1:11434/api/generate "HTTP/1.1 200 OK"
2025-12-30 16:38:13,651 - INFO - HTTP Request: GET http://172.21.48.1:11434/api/tags "HTTP/1.1 200 OK"
2025-12-30 16:38:13,909 - INFO - HTTP Request: POST http://172.21.48.1:11434/api/generate "HTTP/1.1 200 OK"
2025-12-30 16:38:24,334 - INFO - HTTP Request: GET http://172.21.48.1:11434/api/tags "HTTP/1.1 200 OK"
2025-12-30 16:38:24,606 - INFO - HTTP Request: POST http://172.21.48.1:11434/api/generate "HTTP/1.1 200 OK"
2025-12-30 16:38:35,097 - INFO - HTTP Request: GET http://172.21.48.1:11434/api/tags "HTTP/1.1 200 OK"
2025-12-30 16:38:35,329 - INFO - HTTP Request: POST http://172.21.48.1:11434/api/generate "HTTP/1.1 200 OK"
2025-12-30 16:38:45,773 - INFO - HTTP Request: GET http://172.21.48.1:11434/api/tags "HTTP/1.1 200 OK"
2025-12-30 16:38:46,011 - INFO - HTTP Request: POST http://172.21.48.1:11434/api/generate "HTTP/1.1 200 OK"
2025-12-30 16:38:56,453 - INFO - HTTP Request: GET http://172.21.48.1:11434/api/tags "HTTP/1.1 200 OK"
2025-12-30 16:38:56,741 - INFO - HTTP Request: POST http://172.21.48.1:11434/api/generate "HTTP/1.1 200 OK"
2025-12-30 16:39:07,334 - INFO - HTTP Request: GET http://172.21.48.1:11434/api/tags "HTTP/1.1 200 OK"
2025-12-30 16:39:07,540 - INFO - HTTP Request: POST http://172.21.48.1:11434/api/generate "HTTP/1.1 200 OK"
2025-12-30 16:39:18,215 - INFO - HTTP Request: GET http://172.21.48.1:11434/api/tags "HTTP/1.1 200 OK"
2025-12-30 16:39:18,447 - INFO - HTTP Request: POST http://172.21.48.1:11434/api/generate "HTTP/1.1 200 OK"
2025-12-30 16:39:29,262 - INFO - HTTP Request: GET http://172.21.48.1:11434/api/tags "HTTP/1.1 200 OK"
2025-12-30 16:39:29,526 - INFO - HTTP Request: POST http://172.21.48.1:11434/api/generate "HTTP/1.1 200 OK"
2025-12-30 16:39:40,363 - INFO - HTTP Request: GET http://172.21.48.1:11434/api/tags "HTTP/1.1 200 OK"
2025-12-30 16:39:40,642 - INFO - HTTP Request: POST http://172.21.48.1:11434/api/generate "HTTP/1.1 200 OK"
2025-12-30 16:39:51,495 - INFO - HTTP Request: GET http://172.21.48.1:11434/api/tags "HTTP/1.1 200 OK"
2025-12-30 16:39:51,737 - INFO - HTTP Request: POST http://172.21.48.1:11434/api/generate "HTTP/1.1 200 OK"
2025-12-30 16:40:02,611 - INFO - HTTP Request: GET http://172.21.48.1:11434/api/tags "HTTP/1.1 200 OK"
2025-12-30 16:40:02,848 - INFO - HTTP Request: POST http://172.21.48.1:11434/api/generate "HTTP/1.1 200 OK"
2025-12-30 16:40:13,711 - INFO - HTTP Request: GET http://172.21.48.1:11434/api/tags "HTTP/1.1 200 OK"
2025-12-30 16:40:13,952 - INFO - HTTP Request: POST http://172.21.48.1:11434/api/generate "HTTP/1.1 200 OK"
2025-12-30 16:40:24,822 - INFO - HTTP Request: GET http://172.21.48.1:11434/api/tags "HTTP/1.1 200 OK"
2025-12-30 16:40:25,065 - INFO - HTTP Request: POST http://172.21.48.1:11434/api/generate "HTTP/1.1 200 OK"
2025-12-30 16:40:35,925 - INFO - HTTP Request: GET http://172.21.48.1:11434/api/tags "HTTP/1.1 200 OK"
2025-12-30 16:40:36,200 - INFO - HTTP Request: POST http://172.21.48.1:11434/api/generate "HTTP/1.1 200 OK"
2025-12-30 16:40:47,093 - INFO - HTTP Request: GET http://172.21.48.1:11434/api/tags "HTTP/1.1 200 OK"
2025-12-30 16:40:47,363 - INFO - HTTP Request: POST http://172.21.48.1:11434/api/generate "HTTP/1.1 200 OK"
2025-12-30 16:40:58,219 - INFO - HTTP Request: GET http://172.21.48.1:11434/api/tags "HTTP/1.1 200 OK"
2025-12-30 16:40:58,463 - INFO - HTTP Request: POST http://172.21.48.1:11434/api/generate "HTTP/1.1 200 OK"
2025-12-30 16:41:09,320 - INFO - HTTP Request: GET http://172.21.48.1:11434/api/tags "HTTP/1.1 200 OK"
2025-12-30 16:41:09,550 - INFO - HTTP Request: POST http://172.21.48.1:11434/api/generate "HTTP/1.1 200 OK"
2025-12-30 16:41:20,461 - INFO - HTTP Request: GET http://172.21.48.1:11434/api/tags "HTTP/1.1 200 OK"
2025-12-30 16:41:20,736 - INFO - HTTP Request: POST http://172.21.48.1:11434/api/generate "HTTP/1.1 200 OK"
2025-12-30 16:41:31,644 - INFO - HTTP Request: GET http://172.21.48.1:11434/api/tags "HTTP/1.1 200 OK"
2025-12-30 16:41:31,926 - INFO - HTTP Request: POST http://172.21.48.1:11434/api/generate "HTTP/1.1 200 OK"
2025-12-30 16:41:42,894 - INFO - HTTP Request: GET http://172.21.48.1:11434/api/tags "HTTP/1.1 200 OK"
2025-12-30 16:41:43,166 - INFO - HTTP Request: POST http://172.21.48.1:11434/api/generate "HTTP/1.1 200 OK"
2025-12-30 16:41:54,110 - INFO - HTTP Request: GET http://172.21.48.1:11434/api/tags "HTTP/1.1 200 OK"
2025-12-30 16:41:54,341 - INFO - HTTP Request: POST http://172.21.48.1:11434/api/generate "HTTP/1.1 200 OK"
2025-12-30 16:42:05,210 - INFO - HTTP Request: GET http://172.21.48.1:11434/api/tags "HTTP/1.1 200 OK"
2025-12-30 16:42:05,450 - INFO - HTTP Request: POST http://172.21.48.1:11434/api/generate "HTTP/1.1 200 OK"
2025-12-30 16:42:16,298 - INFO - HTTP Request: GET http://172.21.48.1:11434/api/tags "HTTP/1.1 200 OK"
2025-12-30 16:42:16,543 - INFO - HTTP Request: POST http://172.21.48.1:11434/api/generate "HTTP/1.1 200 OK"
2025-12-30 16:42:27,475 - INFO - HTTP Request: GET http://172.21.48.1:11434/api/tags "HTTP/1.1 200 OK"
2025-12-30 16:42:27,706 - INFO - HTTP Request: POST http://172.21.48.1:11434/api/generate "HTTP/1.1 200 OK"
2025-12-30 16:42:38,544 - INFO - HTTP Request: GET http://172.21.48.1:11434/api/tags "HTTP/1.1 200 OK"
2025-12-30 16:42:38,791 - INFO - HTTP Request: POST http://172.21.48.1:11434/api/generate "HTTP/1.1 200 OK"
2025-12-30 16:42:50,070 - INFO - HTTP Request: GET http://172.21.48.1:11434/api/tags "HTTP/1.1 200 OK"
2025-12-30 16:42:50,325 - INFO - HTTP Request: POST http://172.21.48.1:11434/api/generate "HTTP/1.1 200 OK"
2025-12-30 16:43:01,620 - INFO - HTTP Request: GET http://172.21.48.1:11434/api/tags "HTTP/1.1 200 OK"
2025-12-30 16:43:01,919 - INFO - HTTP Request: POST http://172.21.48.1:11434/api/generate "HTTP/1.1 200 OK"
2025-12-30 16:43:13,216 - INFO - HTTP Request: GET http://172.21.48.1:11434/api/tags "HTTP/1.1 200 OK"
2025-12-30 16:43:13,472 - INFO - HTTP Request: POST http://172.21.48.1:11434/api/generate "HTTP/1.1 200 OK"
2025-12-30 16:43:22,410 - INFO - HTTP Request: GET http://172.21.48.1:11434/api/tags "HTTP/1.1 200 OK"
2025-12-30 16:43:22,669 - INFO - HTTP Request: POST http://172.21.48.1:11434/api/generate "HTTP/1.1 200 OK"
2025-12-30 16:43:33,554 - INFO - HTTP Request: GET http://172.21.48.1:11434/api/tags "HTTP/1.1 200 OK"
2025-12-30 16:43:33,824 - INFO - HTTP Request: POST http://172.21.48.1:11434/api/generate "HTTP/1.1 200 OK"
2025-12-30 16:43:44,734 - INFO - HTTP Request: GET http://172.21.48.1:11434/api/tags "HTTP/1.1 200 OK"
2025-12-30 16:43:44,995 - INFO - HTTP Request: POST http://172.21.48.1:11434/api/generate "HTTP/1.1 200 OK"
2025-12-30 16:43:55,814 - INFO - HTTP Request: GET http://172.21.48.1:11434/api/tags "HTTP/1.1 200 OK"
2025-12-30 16:43:56,050 - INFO - HTTP Request: POST http://172.21.48.1:11434/api/generate "HTTP/1.1 200 OK"
2025-12-30 16:44:06,923 - INFO - HTTP Request: GET http://172.21.48.1:11434/api/tags "HTTP/1.1 200 OK"
2025-12-30 16:44:07,162 - INFO - HTTP Request: POST http://172.21.48.1:11434/api/generate "HTTP/1.1 200 OK"
2025-12-30 16:44:18,009 - INFO - HTTP Request: GET http://172.21.48.1:11434/api/tags "HTTP/1.1 200 OK"
2025-12-30 16:44:18,284 - INFO - HTTP Request: POST http://172.21.48.1:11434/api/generate "HTTP/1.1 200 OK"
2025-12-30 16:44:29,133 - INFO - HTTP Request: GET http://172.21.48.1:11434/api/tags "HTTP/1.1 200 OK"
2025-12-30 16:44:29,407 - INFO - HTTP Request: POST http://172.21.48.1:11434/api/generate "HTTP/1.1 200 OK"
2025-12-30 16:44:40,271 - INFO - HTTP Request: GET http://172.21.48.1:11434/api/tags "HTTP/1.1 200 OK"
2025-12-30 16:44:40,539 - INFO - HTTP Request: POST http://172.21.48.1:11434/api/generate "HTTP/1.1 200 OK"
2025-12-30 16:44:51,363 - INFO - HTTP Request: GET http://172.21.48.1:11434/api/tags "HTTP/1.1 200 OK"
2025-12-30 16:44:51,588 - INFO - HTTP Request: POST http://172.21.48.1:11434/api/generate "HTTP/1.1 200 OK"
2025-12-30 16:45:02,396 - INFO - HTTP Request: GET http://172.21.48.1:11434/api/tags "HTTP/1.1 200 OK"
2025-12-30 16:45:02,629 - INFO - HTTP Request: POST http://172.21.48.1:11434/api/generate "HTTP/1.1 200 OK"
2025-12-30 16:45:13,461 - INFO - HTTP Request: GET http://172.21.48.1:11434/api/tags "HTTP/1.1 200 OK"
2025-12-30 16:45:13,694 - INFO - HTTP Request: POST http://172.21.48.1:11434/api/generate "HTTP/1.1 200 OK"
2025-12-30 16:45:24,491 - INFO - HTTP Request: GET http://172.21.48.1:11434/api/tags "HTTP/1.1 200 OK"
2025-12-30 16:45:24,766 - INFO - HTTP Request: POST http://172.21.48.1:11434/api/generate "HTTP/1.1 200 OK"
2025-12-30 16:45:35,583 - INFO - HTTP Request: GET http://172.21.48.1:11434/api/tags "HTTP/1.1 200 OK"
2025-12-30 16:45:35,859 - INFO - HTTP Request: POST http://172.21.48.1:11434/api/generate "HTTP/1.1 200 OK"
2025-12-30 16:45:46,238 - INFO - HTTP Request: GET http://172.21.48.1:11434/api/tags "HTTP/1.1 200 OK"
2025-12-30 16:45:46,496 - INFO - HTTP Request: POST http://172.21.48.1:11434/api/generate "HTTP/1.1 200 OK"
2025-12-30 16:45:56,833 - INFO - HTTP Request: GET http://172.21.48.1:11434/api/tags "HTTP/1.1 200 OK"
2025-12-30 16:45:57,093 - INFO - HTTP Request: POST http://172.21.48.1:11434/api/generate "HTTP/1.1 200 OK"
2025-12-30 16:46:07,427 - INFO - HTTP Request: GET http://172.21.48.1:11434/api/tags "HTTP/1.1 200 OK"
2025-12-30 16:46:07,649 - INFO - HTTP Request: POST http://172.21.48.1:11434/api/generate "HTTP/1.1 200 OK"
2025-12-30 16:46:17,957 - INFO - HTTP Request: GET http://172.21.48.1:11434/api/tags "HTTP/1.1 200 OK"
2025-12-30 16:46:18,224 - INFO - HTTP Request: POST http://172.21.48.1:11434/api/generate "HTTP/1.1 200 OK"
2025-12-30 16:46:28,561 - INFO - HTTP Request: GET http://172.21.48.1:11434/api/tags "HTTP/1.1 200 OK"
2025-12-30 16:46:28,823 - INFO - HTTP Request: POST http://172.21.48.1:11434/api/generate "HTTP/1.1 200 OK"
2025-12-30 16:46:39,179 - INFO - HTTP Request: GET http://172.21.48.1:11434/api/tags "HTTP/1.1 200 OK"
2025-12-30 16:46:39,341 - INFO - HTTP Request: POST http://172.21.48.1:11434/api/generate "HTTP/1.1 200 OK"
2025-12-30 16:46:45,637 - INFO - HTTP Request: GET http://172.21.48.1:11434/api/tags "HTTP/1.1 200 OK"
2025-12-30 16:46:45,861 - INFO - HTTP Request: POST http://172.21.48.1:11434/api/generate "HTTP/1.1 200 OK"
2025-12-30 16:46:56,197 - INFO - HTTP Request: GET http://172.21.48.1:11434/api/tags "HTTP/1.1 200 OK"
2025-12-30 16:46:56,368 - INFO - HTTP Request: POST http://172.21.48.1:11434/api/generate "HTTP/1.1 200 OK"
2025-12-30 16:47:00,001 - INFO - HTTP Request: GET http://172.21.48.1:11434/api/tags "HTTP/1.1 200 OK"
2025-12-30 16:47:00,225 - INFO - HTTP Request: POST http://172.21.48.1:11434/api/generate "HTTP/1.1 200 OK"
2025-12-30 16:47:10,656 - INFO - HTTP Request: GET http://172.21.48.1:11434/api/tags "HTTP/1.1 200 OK"
2025-12-30 16:47:10,892 - INFO - HTTP Request: POST http://172.21.48.1:11434/api/generate "HTTP/1.1 200 OK"
2025-12-30 16:47:21,376 - INFO - HTTP Request: GET http://172.21.48.1:11434/api/tags "HTTP/1.1 200 OK"
2025-12-30 16:47:21,568 - INFO - HTTP Request: POST http://172.21.48.1:11434/api/generate "HTTP/1.1 200 OK"
2025-12-30 16:47:29,068 - INFO - HTTP Request: GET http://172.21.48.1:11434/api/tags "HTTP/1.1 200 OK"
2025-12-30 16:47:29,324 - INFO - HTTP Request: POST http://172.21.48.1:11434/api/generate "HTTP/1.1 200 OK"
2025-12-30 16:47:39,669 - INFO - HTTP Request: GET http://172.21.48.1:11434/api/tags "HTTP/1.1 200 OK"
2025-12-30 16:47:39,939 - INFO - HTTP Request: POST http://172.21.48.1:11434/api/generate "HTTP/1.1 200 OK"
2025-12-30 16:47:50,274 - INFO - HTTP Request: GET http://172.21.48.1:11434/api/tags "HTTP/1.1 200 OK"
2025-12-30 16:47:50,536 - INFO - HTTP Request: POST http://172.21.48.1:11434/api/generate "HTTP/1.1 200 OK"
2025-12-30 16:48:00,874 - INFO - HTTP Request: GET http://172.21.48.1:11434/api/tags "HTTP/1.1 200 OK"
2025-12-30 16:48:01,134 - INFO - HTTP Request: POST http://172.21.48.1:11434/api/generate "HTTP/1.1 200 OK"
2025-12-30 16:48:11,443 - INFO - HTTP Request: GET http://172.21.48.1:11434/api/tags "HTTP/1.1 200 OK"
2025-12-30 16:48:11,705 - INFO - HTTP Request: POST http://172.21.48.1:11434/api/generate "HTTP/1.1 200 OK"
2025-12-30 16:48:22,046 - INFO - HTTP Request: GET http://172.21.48.1:11434/api/tags "HTTP/1.1 200 OK"
2025-12-30 16:48:22,316 - INFO - HTTP Request: POST http://172.21.48.1:11434/api/generate "HTTP/1.1 200 OK"
2025-12-30 16:48:32,669 - INFO - HTTP Request: GET http://172.21.48.1:11434/api/tags "HTTP/1.1 200 OK"
2025-12-30 16:48:32,940 - INFO - HTTP Request: POST http://172.21.48.1:11434/api/generate "HTTP/1.1 200 OK"
2025-12-30 16:48:43,306 - INFO - HTTP Request: GET http://172.21.48.1:11434/api/tags "HTTP/1.1 200 OK"
2025-12-30 16:48:43,538 - INFO - HTTP Request: POST http://172.21.48.1:11434/api/generate "HTTP/1.1 200 OK"
2025-12-30 16:48:53,897 - INFO - HTTP Request: GET http://172.21.48.1:11434/api/tags "HTTP/1.1 200 OK"
2025-12-30 16:48:54,162 - INFO - HTTP Request: POST http://172.21.48.1:11434/api/generate "HTTP/1.1 200 OK"
2025-12-30 16:49:04,501 - INFO - HTTP Request: GET http://172.21.48.1:11434/api/tags "HTTP/1.1 200 OK"
2025-12-30 16:49:04,733 - INFO - HTTP Request: POST http://172.21.48.1:11434/api/generate "HTTP/1.1 200 OK"
2025-12-30 16:49:15,056 - INFO - HTTP Request: GET http://172.21.48.1:11434/api/tags "HTTP/1.1 200 OK"
2025-12-30 16:49:15,296 - INFO - HTTP Request: POST http://172.21.48.1:11434/api/generate "HTTP/1.1 200 OK"
2025-12-30 16:49:25,676 - INFO - HTTP Request: GET http://172.21.48.1:11434/api/tags "HTTP/1.1 200 OK"
2025-12-30 16:49:25,942 - INFO - HTTP Request: POST http://172.21.48.1:11434/api/generate "HTTP/1.1 200 OK"
2025-12-30 16:49:36,310 - INFO - HTTP Request: GET http://172.21.48.1:11434/api/tags "HTTP/1.1 200 OK"
2025-12-30 16:49:36,565 - INFO - HTTP Request: POST http://172.21.48.1:11434/api/generate "HTTP/1.1 200 OK"
2025-12-30 16:49:46,909 - INFO - HTTP Request: GET http://172.21.48.1:11434/api/tags "HTTP/1.1 200 OK"
2025-12-30 16:49:48,380 - INFO - HTTP Request: POST http://172.21.48.1:11434/api/generate "HTTP/1.1 200 OK"
2025-12-30 16:49:58,808 - INFO - HTTP Request: GET http://172.21.48.1:11434/api/tags "HTTP/1.1 200 OK"
2025-12-30 16:49:59,045 - INFO - HTTP Request: POST http://172.21.48.1:11434/api/generate "HTTP/1.1 200 OK"
2025-12-30 16:50:09,456 - INFO - HTTP Request: GET http://172.21.48.1:11434/api/tags "HTTP/1.1 200 OK"
2025-12-30 16:50:09,705 - INFO - HTTP Request: POST http://172.21.48.1:11434/api/generate "HTTP/1.1 200 OK"
2025-12-30 16:50:20,042 - INFO - HTTP Request: GET http://172.21.48.1:11434/api/tags "HTTP/1.1 200 OK"
2025-12-30 16:50:20,308 - INFO - HTTP Request: POST http://172.21.48.1:11434/api/generate "HTTP/1.1 200 OK"
2025-12-30 16:50:30,663 - INFO - HTTP Request: GET http://172.21.48.1:11434/api/tags "HTTP/1.1 200 OK"
2025-12-30 16:50:30,922 - INFO - HTTP Request: POST http://172.21.48.1:11434/api/generate "HTTP/1.1 200 OK"
2025-12-30 16:50:41,283 - INFO - HTTP Request: GET http://172.21.48.1:11434/api/tags "HTTP/1.1 200 OK"
2025-12-30 16:50:41,496 - INFO - HTTP Request: POST http://172.21.48.1:11434/api/generate "HTTP/1.1 200 OK"
2025-12-30 16:50:51,809 - INFO - HTTP Request: GET http://172.21.48.1:11434/api/tags "HTTP/1.1 200 OK"
2025-12-30 16:50:52,071 - INFO - HTTP Request: POST http://172.21.48.1:11434/api/generate "HTTP/1.1 200 OK"
2025-12-30 16:51:02,430 - INFO -   累计文档: 1062 条
2025-12-30 16:51:03,431 - INFO - 
处理批次 2: 15 个关键词
2025-12-30 16:52:12,577 - INFO -   原始结果: 225 条
2025-12-30 16:52:12,579 - INFO -   质量过滤后: 58 条
2025-12-30 16:52:12,581 - INFO - HTTP Request: GET http://172.21.48.1:11434/api/tags "HTTP/1.1 200 OK"
2025-12-30 16:52:13,129 - INFO - HTTP Request: POST http://172.21.48.1:11434/api/generate "HTTP/1.1 200 OK"
2025-12-30 16:52:23,443 - INFO - HTTP Request: GET http://172.21.48.1:11434/api/tags "HTTP/1.1 200 OK"
2025-12-30 16:52:23,675 - INFO - HTTP Request: POST http://172.21.48.1:11434/api/generate "HTTP/1.1 200 OK"
2025-12-30 16:52:33,987 - INFO - HTTP Request: GET http://172.21.48.1:11434/api/tags "HTTP/1.1 200 OK"
2025-12-30 16:52:34,255 - INFO - HTTP Request: POST http://172.21.48.1:11434/api/generate "HTTP/1.1 200 OK"
2025-12-30 16:52:44,601 - INFO - HTTP Request: GET http://172.21.48.1:11434/api/tags "HTTP/1.1 200 OK"
2025-12-30 16:52:44,868 - INFO - HTTP Request: POST http://172.21.48.1:11434/api/generate "HTTP/1.1 200 OK"
2025-12-30 16:52:55,223 - INFO - HTTP Request: GET http://172.21.48.1:11434/api/tags "HTTP/1.1 200 OK"
2025-12-30 16:52:55,496 - INFO - HTTP Request: POST http://172.21.48.1:11434/api/generate "HTTP/1.1 200 OK"
2025-12-30 16:53:05,866 - INFO - HTTP Request: GET http://172.21.48.1:11434/api/tags "HTTP/1.1 200 OK"
2025-12-30 16:53:08,544 - INFO - HTTP Request: POST http://172.21.48.1:11434/api/generate "HTTP/1.1 200 OK"
2025-12-30 16:53:19,102 - INFO - HTTP Request: GET http://172.21.48.1:11434/api/tags "HTTP/1.1 200 OK"
2025-12-30 16:53:19,332 - INFO - HTTP Request: POST http://172.21.48.1:11434/api/generate "HTTP/1.1 200 OK"
2025-12-30 16:53:29,657 - INFO - HTTP Request: GET http://172.21.48.1:11434/api/tags "HTTP/1.1 200 OK"
2025-12-30 16:53:29,886 - INFO - HTTP Request: POST http://172.21.48.1:11434/api/generate "HTTP/1.1 200 OK"
2025-12-30 16:53:40,249 - INFO - HTTP Request: GET http://172.21.48.1:11434/api/tags "HTTP/1.1 200 OK"
2025-12-30 16:53:40,415 - INFO - HTTP Request: POST http://172.21.48.1:11434/api/generate "HTTP/1.1 200 OK"
2025-12-30 16:53:44,155 - INFO - HTTP Request: GET http://172.21.48.1:11434/api/tags "HTTP/1.1 200 OK"
2025-12-30 16:53:44,421 - INFO - HTTP Request: POST http://172.21.48.1:11434/api/generate "HTTP/1.1 200 OK"
2025-12-30 16:53:54,800 - INFO - HTTP Request: GET http://172.21.48.1:11434/api/tags "HTTP/1.1 200 OK"
2025-12-30 16:53:55,034 - INFO - HTTP Request: POST http://172.21.48.1:11434/api/generate "HTTP/1.1 200 OK"
2025-12-30 16:54:05,382 - INFO - HTTP Request: GET http://172.21.48.1:11434/api/tags "HTTP/1.1 200 OK"
2025-12-30 16:54:05,621 - INFO - HTTP Request: POST http://172.21.48.1:11434/api/generate "HTTP/1.1 200 OK"
2025-12-30 16:54:15,969 - INFO - HTTP Request: GET http://172.21.48.1:11434/api/tags "HTTP/1.1 200 OK"
2025-12-30 16:54:16,227 - INFO - HTTP Request: POST http://172.21.48.1:11434/api/generate "HTTP/1.1 200 OK"
2025-12-30 16:54:26,562 - INFO - HTTP Request: GET http://172.21.48.1:11434/api/tags "HTTP/1.1 200 OK"
2025-12-30 16:54:26,832 - INFO - HTTP Request: POST http://172.21.48.1:11434/api/generate "HTTP/1.1 200 OK"
2025-12-30 16:54:37,185 - INFO - HTTP Request: GET http://172.21.48.1:11434/api/tags "HTTP/1.1 200 OK"
2025-12-30 16:54:37,446 - INFO - HTTP Request: POST http://172.21.48.1:11434/api/generate "HTTP/1.1 200 OK"
2025-12-30 16:54:47,798 - INFO - HTTP Request: GET http://172.21.48.1:11434/api/tags "HTTP/1.1 200 OK"
2025-12-30 16:54:48,083 - INFO - HTTP Request: POST http://172.21.48.1:11434/api/generate "HTTP/1.1 200 OK"
2025-12-30 16:54:58,451 - INFO - HTTP Request: GET http://172.21.48.1:11434/api/tags "HTTP/1.1 200 OK"
2025-12-30 16:54:58,710 - INFO - HTTP Request: POST http://172.21.48.1:11434/api/generate "HTTP/1.1 200 OK"
2025-12-30 16:55:09,066 - INFO - HTTP Request: GET http://172.21.48.1:11434/api/tags "HTTP/1.1 200 OK"
2025-12-30 16:55:09,292 - INFO - HTTP Request: POST http://172.21.48.1:11434/api/generate "HTTP/1.1 200 OK"
2025-12-30 16:55:17,938 - INFO - HTTP Request: GET http://172.21.48.1:11434/api/tags "HTTP/1.1 200 OK"
2025-12-30 16:55:19,319 - INFO - HTTP Request: POST http://172.21.48.1:11434/api/generate "HTTP/1.1 200 OK"
2025-12-30 16:55:29,668 - INFO - HTTP Request: GET http://172.21.48.1:11434/api/tags "HTTP/1.1 200 OK"
2025-12-30 16:55:29,924 - INFO - HTTP Request: POST http://172.21.48.1:11434/api/generate "HTTP/1.1 200 OK"
2025-12-30 16:55:40,280 - INFO - HTTP Request: GET http://172.21.48.1:11434/api/tags "HTTP/1.1 200 OK"
2025-12-30 16:55:40,543 - INFO - HTTP Request: POST http://172.21.48.1:11434/api/generate "HTTP/1.1 200 OK"
2025-12-30 16:55:50,933 - INFO - HTTP Request: GET http://172.21.48.1:11434/api/tags "HTTP/1.1 200 OK"
2025-12-30 16:55:51,191 - INFO - HTTP Request: POST http://172.21.48.1:11434/api/generate "HTTP/1.1 200 OK"
2025-12-30 16:56:01,551 - INFO - HTTP Request: GET http://172.21.48.1:11434/api/tags "HTTP/1.1 200 OK"
2025-12-30 16:56:01,778 - INFO - HTTP Request: POST http://172.21.48.1:11434/api/generate "HTTP/1.1 200 OK"
2025-12-30 16:56:12,118 - INFO - HTTP Request: GET http://172.21.48.1:11434/api/tags "HTTP/1.1 200 OK"
2025-12-30 16:56:12,397 - INFO - HTTP Request: POST http://172.21.48.1:11434/api/generate "HTTP/1.1 200 OK"
2025-12-30 16:56:22,789 - INFO - HTTP Request: GET http://172.21.48.1:11434/api/tags "HTTP/1.1 200 OK"
2025-12-30 16:56:23,055 - INFO - HTTP Request: POST http://172.21.48.1:11434/api/generate "HTTP/1.1 200 OK"
2025-12-30 16:56:26,948 - INFO - HTTP Request: GET http://172.21.48.1:11434/api/tags "HTTP/1.1 200 OK"
2025-12-30 16:56:27,182 - INFO - HTTP Request: POST http://172.21.48.1:11434/api/generate "HTTP/1.1 200 OK"
2025-12-30 16:56:37,567 - INFO - HTTP Request: GET http://172.21.48.1:11434/api/tags "HTTP/1.1 200 OK"
2025-12-30 16:56:37,811 - INFO - HTTP Request: POST http://172.21.48.1:11434/api/generate "HTTP/1.1 200 OK"
2025-12-30 16:56:48,173 - INFO - HTTP Request: GET http://172.21.48.1:11434/api/tags "HTTP/1.1 200 OK"
2025-12-30 16:56:48,435 - INFO - HTTP Request: POST http://172.21.48.1:11434/api/generate "HTTP/1.1 200 OK"
2025-12-30 16:56:58,808 - INFO - HTTP Request: GET http://172.21.48.1:11434/api/tags "HTTP/1.1 200 OK"
2025-12-30 16:56:59,047 - INFO - HTTP Request: POST http://172.21.48.1:11434/api/generate "HTTP/1.1 200 OK"
2025-12-30 16:57:09,389 - INFO - HTTP Request: GET http://172.21.48.1:11434/api/tags "HTTP/1.1 200 OK"
2025-12-30 16:57:09,659 - INFO - HTTP Request: POST http://172.21.48.1:11434/api/generate "HTTP/1.1 200 OK"
2025-12-30 16:57:20,020 - INFO - HTTP Request: GET http://172.21.48.1:11434/api/tags "HTTP/1.1 200 OK"
2025-12-30 16:57:20,250 - INFO - HTTP Request: POST http://172.21.48.1:11434/api/generate "HTTP/1.1 200 OK"
2025-12-30 16:57:30,591 - INFO - HTTP Request: GET http://172.21.48.1:11434/api/tags "HTTP/1.1 200 OK"
2025-12-30 16:57:30,776 - INFO - HTTP Request: POST http://172.21.48.1:11434/api/generate "HTTP/1.1 200 OK"
2025-12-30 16:57:34,998 - INFO - HTTP Request: GET http://172.21.48.1:11434/api/tags "HTTP/1.1 200 OK"
2025-12-30 16:57:35,231 - INFO - HTTP Request: POST http://172.21.48.1:11434/api/generate "HTTP/1.1 200 OK"
2025-12-30 16:57:45,586 - INFO - HTTP Request: GET http://172.21.48.1:11434/api/tags "HTTP/1.1 200 OK"
2025-12-30 16:57:45,791 - INFO - HTTP Request: POST http://172.21.48.1:11434/api/generate "HTTP/1.1 200 OK"
2025-12-30 16:57:54,530 - INFO - HTTP Request: GET http://172.21.48.1:11434/api/tags "HTTP/1.1 200 OK"
2025-12-30 16:57:54,767 - INFO - HTTP Request: POST http://172.21.48.1:11434/api/generate "HTTP/1.1 200 OK"
2025-12-30 16:58:05,115 - INFO - HTTP Request: GET http://172.21.48.1:11434/api/tags "HTTP/1.1 200 OK"
2025-12-30 16:58:05,384 - INFO - HTTP Request: POST http://172.21.48.1:11434/api/generate "HTTP/1.1 200 OK"
2025-12-30 16:58:15,756 - INFO - HTTP Request: GET http://172.21.48.1:11434/api/tags "HTTP/1.1 200 OK"
2025-12-30 16:58:15,982 - INFO - HTTP Request: POST http://172.21.48.1:11434/api/generate "HTTP/1.1 200 OK"
2025-12-30 16:58:26,357 - INFO - HTTP Request: GET http://172.21.48.1:11434/api/tags "HTTP/1.1 200 OK"
2025-12-30 16:58:26,627 - INFO - HTTP Request: POST http://172.21.48.1:11434/api/generate "HTTP/1.1 200 OK"
2025-12-30 16:58:36,980 - INFO - HTTP Request: GET http://172.21.48.1:11434/api/tags "HTTP/1.1 200 OK"
2025-12-30 16:58:37,236 - INFO - HTTP Request: POST http://172.21.48.1:11434/api/generate "HTTP/1.1 200 OK"
2025-12-30 16:58:47,673 - INFO - HTTP Request: GET http://172.21.48.1:11434/api/tags "HTTP/1.1 200 OK"
2025-12-30 16:58:47,865 - INFO - HTTP Request: POST http://172.21.48.1:11434/api/generate "HTTP/1.1 200 OK"
2025-12-30 16:58:58,286 - INFO - HTTP Request: GET http://172.21.48.1:11434/api/tags "HTTP/1.1 200 OK"
2025-12-30 16:58:58,448 - INFO - HTTP Request: POST http://172.21.48.1:11434/api/generate "HTTP/1.1 200 OK"
2025-12-30 16:59:04,426 - INFO - HTTP Request: GET http://172.21.48.1:11434/api/tags "HTTP/1.1 200 OK"
2025-12-30 16:59:04,653 - INFO - HTTP Request: POST http://172.21.48.1:11434/api/generate "HTTP/1.1 200 OK"
2025-12-30 16:59:15,049 - INFO - HTTP Request: GET http://172.21.48.1:11434/api/tags "HTTP/1.1 200 OK"
2025-12-30 16:59:15,324 - INFO - HTTP Request: POST http://172.21.48.1:11434/api/generate "HTTP/1.1 200 OK"
2025-12-30 16:59:25,739 - INFO - HTTP Request: GET http://172.21.48.1:11434/api/tags "HTTP/1.1 200 OK"
2025-12-30 16:59:26,001 - INFO - HTTP Request: POST http://172.21.48.1:11434/api/generate "HTTP/1.1 200 OK"
2025-12-30 16:59:36,604 - INFO - HTTP Request: GET http://172.21.48.1:11434/api/tags "HTTP/1.1 200 OK"
2025-12-30 16:59:36,857 - INFO - HTTP Request: POST http://172.21.48.1:11434/api/generate "HTTP/1.1 200 OK"
2025-12-30 16:59:47,301 - INFO - HTTP Request: GET http://172.21.48.1:11434/api/tags "HTTP/1.1 200 OK"
2025-12-30 16:59:47,519 - INFO - HTTP Request: POST http://172.21.48.1:11434/api/generate "HTTP/1.1 200 OK"
2025-12-30 16:59:57,877 - INFO - HTTP Request: GET http://172.21.48.1:11434/api/tags "HTTP/1.1 200 OK"
2025-12-30 16:59:58,114 - INFO - HTTP Request: POST http://172.21.48.1:11434/api/generate "HTTP/1.1 200 OK"
2025-12-30 17:00:08,550 - INFO - HTTP Request: GET http://172.21.48.1:11434/api/tags "HTTP/1.1 200 OK"
2025-12-30 17:00:08,767 - INFO - HTTP Request: POST http://172.21.48.1:11434/api/generate "HTTP/1.1 200 OK"
2025-12-30 17:00:19,023 - INFO - HTTP Request: GET http://172.21.48.1:11434/api/tags "HTTP/1.1 200 OK"
2025-12-30 17:00:19,257 - INFO - HTTP Request: POST http://172.21.48.1:11434/api/generate "HTTP/1.1 200 OK"
2025-12-30 17:00:29,604 - INFO - HTTP Request: GET http://172.21.48.1:11434/api/tags "HTTP/1.1 200 OK"
2025-12-30 17:00:29,879 - INFO - HTTP Request: POST http://172.21.48.1:11434/api/generate "HTTP/1.1 200 OK"
2025-12-30 17:00:40,271 - INFO - HTTP Request: GET http://172.21.48.1:11434/api/tags "HTTP/1.1 200 OK"
2025-12-30 17:00:40,493 - INFO - HTTP Request: POST http://172.21.48.1:11434/api/generate "HTTP/1.1 200 OK"
2025-12-30 17:00:50,850 - INFO - HTTP Request: GET http://172.21.48.1:11434/api/tags "HTTP/1.1 200 OK"
2025-12-30 17:00:51,089 - INFO - HTTP Request: POST http://172.21.48.1:11434/api/generate "HTTP/1.1 200 OK"
2025-12-30 17:01:01,563 - INFO - HTTP Request: GET http://172.21.48.1:11434/api/tags "HTTP/1.1 200 OK"
2025-12-30 17:01:01,827 - INFO - HTTP Request: POST http://172.21.48.1:11434/api/generate "HTTP/1.1 200 OK"
2025-12-30 17:01:12,208 - INFO - HTTP Request: GET http://172.21.48.1:11434/api/tags "HTTP/1.1 200 OK"
2025-12-30 17:01:12,467 - INFO - HTTP Request: POST http://172.21.48.1:11434/api/generate "HTTP/1.1 200 OK"
2025-12-30 17:01:20,083 - INFO - HTTP Request: GET http://172.21.48.1:11434/api/tags "HTTP/1.1 200 OK"
2025-12-30 17:01:20,314 - INFO - HTTP Request: POST http://172.21.48.1:11434/api/generate "HTTP/1.1 200 OK"
2025-12-30 17:01:30,779 - INFO - HTTP Request: GET http://172.21.48.1:11434/api/tags "HTTP/1.1 200 OK"
2025-12-30 17:01:31,012 - INFO - HTTP Request: POST http://172.21.48.1:11434/api/generate "HTTP/1.1 200 OK"
2025-12-30 17:01:41,366 - INFO - HTTP Request: GET http://172.21.48.1:11434/api/tags "HTTP/1.1 200 OK"
2025-12-30 17:01:41,595 - INFO - HTTP Request: POST http://172.21.48.1:11434/api/generate "HTTP/1.1 200 OK"
2025-12-30 17:01:51,944 - INFO - HTTP Request: GET http://172.21.48.1:11434/api/tags "HTTP/1.1 200 OK"
2025-12-30 17:01:52,174 - INFO - HTTP Request: POST http://172.21.48.1:11434/api/generate "HTTP/1.1 200 OK"
2025-12-30 17:02:02,195 - INFO -   累计文档: 1120 条
2025-12-30 17:02:03,195 - INFO - 
处理批次 3: 15 个关键词
2025-12-30 17:03:24,058 - INFO -   原始结果: 219 条
2025-12-30 17:03:24,060 - INFO -   质量过滤后: 63 条
2025-12-30 17:03:24,062 - INFO - HTTP Request: GET http://172.21.48.1:11434/api/tags "HTTP/1.1 200 OK"
2025-12-30 17:03:24,556 - INFO - HTTP Request: POST http://172.21.48.1:11434/api/generate "HTTP/1.1 200 OK"
2025-12-30 17:03:34,980 - INFO - HTTP Request: GET http://172.21.48.1:11434/api/tags "HTTP/1.1 200 OK"
2025-12-30 17:03:35,243 - INFO - HTTP Request: POST http://172.21.48.1:11434/api/generate "HTTP/1.1 200 OK"
2025-12-30 17:03:45,689 - INFO - HTTP Request: GET http://172.21.48.1:11434/api/tags "HTTP/1.1 200 OK"
2025-12-30 17:03:45,910 - INFO - HTTP Request: POST http://172.21.48.1:11434/api/generate "HTTP/1.1 200 OK"
2025-12-30 17:03:56,160 - INFO - HTTP Request: GET http://172.21.48.1:11434/api/tags "HTTP/1.1 200 OK"
2025-12-30 17:03:56,426 - INFO - HTTP Request: POST http://172.21.48.1:11434/api/generate "HTTP/1.1 200 OK"
2025-12-30 17:04:06,789 - INFO - HTTP Request: GET http://172.21.48.1:11434/api/tags "HTTP/1.1 200 OK"
2025-12-30 17:04:07,063 - INFO - HTTP Request: POST http://172.21.48.1:11434/api/generate "HTTP/1.1 200 OK"
2025-12-30 17:04:17,423 - INFO - HTTP Request: GET http://172.21.48.1:11434/api/tags "HTTP/1.1 200 OK"
2025-12-30 17:04:17,686 - INFO - HTTP Request: POST http://172.21.48.1:11434/api/generate "HTTP/1.1 200 OK"
2025-12-30 17:04:28,066 - INFO - HTTP Request: GET http://172.21.48.1:11434/api/tags "HTTP/1.1 200 OK"
2025-12-30 17:04:28,246 - INFO - HTTP Request: POST http://172.21.48.1:11434/api/generate "HTTP/1.1 200 OK"
2025-12-30 17:04:38,565 - INFO - HTTP Request: GET http://172.21.48.1:11434/api/tags "HTTP/1.1 200 OK"
2025-12-30 17:04:38,829 - INFO - HTTP Request: POST http://172.21.48.1:11434/api/generate "HTTP/1.1 200 OK"
2025-12-30 17:04:49,233 - INFO - HTTP Request: GET http://172.21.48.1:11434/api/tags "HTTP/1.1 200 OK"
2025-12-30 17:04:49,480 - INFO - HTTP Request: POST http://172.21.48.1:11434/api/generate "HTTP/1.1 200 OK"
2025-12-30 17:04:59,846 - INFO - HTTP Request: GET http://172.21.48.1:11434/api/tags "HTTP/1.1 200 OK"
2025-12-30 17:05:00,030 - INFO - HTTP Request: POST http://172.21.48.1:11434/api/generate "HTTP/1.1 200 OK"
2025-12-30 17:05:10,434 - INFO - HTTP Request: GET http://172.21.48.1:11434/api/tags "HTTP/1.1 200 OK"
2025-12-30 17:05:10,666 - INFO - HTTP Request: POST http://172.21.48.1:11434/api/generate "HTTP/1.1 200 OK"
2025-12-30 17:05:21,113 - INFO - HTTP Request: GET http://172.21.48.1:11434/api/tags "HTTP/1.1 200 OK"
2025-12-30 17:05:21,342 - INFO - HTTP Request: POST http://172.21.48.1:11434/api/generate "HTTP/1.1 200 OK"
2025-12-30 17:05:30,244 - INFO - HTTP Request: GET http://172.21.48.1:11434/api/tags "HTTP/1.1 200 OK"
2025-12-30 17:05:30,483 - INFO - HTTP Request: POST http://172.21.48.1:11434/api/generate "HTTP/1.1 200 OK"
2025-12-30 17:05:40,856 - INFO - HTTP Request: GET http://172.21.48.1:11434/api/tags "HTTP/1.1 200 OK"
2025-12-30 17:05:41,117 - INFO - HTTP Request: POST http://172.21.48.1:11434/api/generate "HTTP/1.1 200 OK"
2025-12-30 17:05:51,484 - INFO - HTTP Request: GET http://172.21.48.1:11434/api/tags "HTTP/1.1 200 OK"
2025-12-30 17:05:51,719 - INFO - HTTP Request: POST http://172.21.48.1:11434/api/generate "HTTP/1.1 200 OK"
2025-12-30 17:06:02,072 - INFO - HTTP Request: GET http://172.21.48.1:11434/api/tags "HTTP/1.1 200 OK"
2025-12-30 17:06:02,332 - INFO - HTTP Request: POST http://172.21.48.1:11434/api/generate "HTTP/1.1 200 OK"
2025-12-30 17:06:12,708 - INFO - HTTP Request: GET http://172.21.48.1:11434/api/tags "HTTP/1.1 200 OK"
2025-12-30 17:06:12,970 - INFO - HTTP Request: POST http://172.21.48.1:11434/api/generate "HTTP/1.1 200 OK"
2025-12-30 17:06:23,338 - INFO - HTTP Request: GET http://172.21.48.1:11434/api/tags "HTTP/1.1 200 OK"
2025-12-30 17:06:23,567 - INFO - HTTP Request: POST http://172.21.48.1:11434/api/generate "HTTP/1.1 200 OK"
2025-12-30 17:06:34,003 - INFO - HTTP Request: GET http://172.21.48.1:11434/api/tags "HTTP/1.1 200 OK"
2025-12-30 17:06:34,270 - INFO - HTTP Request: POST http://172.21.48.1:11434/api/generate "HTTP/1.1 200 OK"
2025-12-30 17:06:44,654 - INFO - HTTP Request: GET http://172.21.48.1:11434/api/tags "HTTP/1.1 200 OK"
2025-12-30 17:06:44,928 - INFO - HTTP Request: POST http://172.21.48.1:11434/api/generate "HTTP/1.1 200 OK"
2025-12-30 17:06:55,309 - INFO - HTTP Request: GET http://172.21.48.1:11434/api/tags "HTTP/1.1 200 OK"
2025-12-30 17:06:55,542 - INFO - HTTP Request: POST http://172.21.48.1:11434/api/generate "HTTP/1.1 200 OK"
2025-12-30 17:07:05,895 - INFO - HTTP Request: GET http://172.21.48.1:11434/api/tags "HTTP/1.1 200 OK"
2025-12-30 17:07:06,152 - INFO - HTTP Request: POST http://172.21.48.1:11434/api/generate "HTTP/1.1 200 OK"
2025-12-30 17:07:16,508 - INFO - HTTP Request: GET http://172.21.48.1:11434/api/tags "HTTP/1.1 200 OK"
2025-12-30 17:07:16,747 - INFO - HTTP Request: POST http://172.21.48.1:11434/api/generate "HTTP/1.1 200 OK"
2025-12-30 17:07:27,153 - INFO - HTTP Request: GET http://172.21.48.1:11434/api/tags "HTTP/1.1 200 OK"
2025-12-30 17:07:27,417 - INFO - HTTP Request: POST http://172.21.48.1:11434/api/generate "HTTP/1.1 200 OK"
2025-12-30 17:07:37,782 - INFO - HTTP Request: GET http://172.21.48.1:11434/api/tags "HTTP/1.1 200 OK"
2025-12-30 17:07:38,068 - INFO - HTTP Request: POST http://172.21.48.1:11434/api/generate "HTTP/1.1 200 OK"
2025-12-30 17:07:48,491 - INFO - HTTP Request: GET http://172.21.48.1:11434/api/tags "HTTP/1.1 200 OK"
2025-12-30 17:07:48,644 - INFO - HTTP Request: POST http://172.21.48.1:11434/api/generate "HTTP/1.1 200 OK"
2025-12-30 17:07:52,450 - INFO - HTTP Request: GET http://172.21.48.1:11434/api/tags "HTTP/1.1 200 OK"
2025-12-30 17:07:52,719 - INFO - HTTP Request: POST http://172.21.48.1:11434/api/generate "HTTP/1.1 200 OK"
2025-12-30 17:08:03,105 - INFO - HTTP Request: GET http://172.21.48.1:11434/api/tags "HTTP/1.1 200 OK"
2025-12-30 17:08:03,339 - INFO - HTTP Request: POST http://172.21.48.1:11434/api/generate "HTTP/1.1 200 OK"
2025-12-30 17:08:13,769 - INFO - HTTP Request: GET http://172.21.48.1:11434/api/tags "HTTP/1.1 200 OK"
2025-12-30 17:08:14,010 - INFO - HTTP Request: POST http://172.21.48.1:11434/api/generate "HTTP/1.1 200 OK"
2025-12-30 17:08:24,396 - INFO - HTTP Request: GET http://172.21.48.1:11434/api/tags "HTTP/1.1 200 OK"
2025-12-30 17:08:24,615 - INFO - HTTP Request: POST http://172.21.48.1:11434/api/generate "HTTP/1.1 200 OK"
2025-12-30 17:08:34,954 - INFO - HTTP Request: GET http://172.21.48.1:11434/api/tags "HTTP/1.1 200 OK"
2025-12-30 17:08:35,212 - INFO - HTTP Request: POST http://172.21.48.1:11434/api/generate "HTTP/1.1 200 OK"
2025-12-30 17:08:45,573 - INFO - HTTP Request: GET http://172.21.48.1:11434/api/tags "HTTP/1.1 200 OK"
2025-12-30 17:08:45,843 - INFO - HTTP Request: POST http://172.21.48.1:11434/api/generate "HTTP/1.1 200 OK"
2025-12-30 17:08:56,259 - INFO - HTTP Request: GET http://172.21.48.1:11434/api/tags "HTTP/1.1 200 OK"
2025-12-30 17:08:56,526 - INFO - HTTP Request: POST http://172.21.48.1:11434/api/generate "HTTP/1.1 200 OK"
2025-12-30 17:09:06,995 - INFO - HTTP Request: GET http://172.21.48.1:11434/api/tags "HTTP/1.1 200 OK"
2025-12-30 17:09:07,264 - INFO - HTTP Request: POST http://172.21.48.1:11434/api/generate "HTTP/1.1 200 OK"
2025-12-30 17:09:17,741 - INFO - HTTP Request: GET http://172.21.48.1:11434/api/tags "HTTP/1.1 200 OK"
2025-12-30 17:09:18,022 - INFO - HTTP Request: POST http://172.21.48.1:11434/api/generate "HTTP/1.1 200 OK"
2025-12-30 17:09:28,658 - INFO - HTTP Request: GET http://172.21.48.1:11434/api/tags "HTTP/1.1 200 OK"
2025-12-30 17:09:28,947 - INFO - HTTP Request: POST http://172.21.48.1:11434/api/generate "HTTP/1.1 200 OK"
2025-12-30 17:09:39,484 - INFO - HTTP Request: GET http://172.21.48.1:11434/api/tags "HTTP/1.1 200 OK"
2025-12-30 17:09:39,639 - INFO - HTTP Request: POST http://172.21.48.1:11434/api/generate "HTTP/1.1 200 OK"
2025-12-30 17:09:44,073 - INFO - HTTP Request: GET http://172.21.48.1:11434/api/tags "HTTP/1.1 200 OK"
2025-12-30 17:09:44,244 - INFO - HTTP Request: POST http://172.21.48.1:11434/api/generate "HTTP/1.1 200 OK"
2025-12-30 17:09:52,056 - INFO - HTTP Request: GET http://172.21.48.1:11434/api/tags "HTTP/1.1 200 OK"
2025-12-30 17:09:52,300 - INFO - HTTP Request: POST http://172.21.48.1:11434/api/generate "HTTP/1.1 200 OK"
2025-12-30 17:10:02,669 - INFO - HTTP Request: GET http://172.21.48.1:11434/api/tags "HTTP/1.1 200 OK"
2025-12-30 17:10:02,933 - INFO - HTTP Request: POST http://172.21.48.1:11434/api/generate "HTTP/1.1 200 OK"
2025-12-30 17:10:13,405 - INFO - HTTP Request: GET http://172.21.48.1:11434/api/tags "HTTP/1.1 200 OK"
2025-12-30 17:10:13,661 - INFO - HTTP Request: POST http://172.21.48.1:11434/api/generate "HTTP/1.1 200 OK"
2025-12-30 17:10:24,102 - INFO - HTTP Request: GET http://172.21.48.1:11434/api/tags "HTTP/1.1 200 OK"
2025-12-30 17:10:24,381 - INFO - HTTP Request: POST http://172.21.48.1:11434/api/generate "HTTP/1.1 200 OK"
2025-12-30 17:10:34,476 - INFO - HTTP Request: GET http://172.21.48.1:11434/api/tags "HTTP/1.1 200 OK"
2025-12-30 17:10:34,754 - INFO - HTTP Request: POST http://172.21.48.1:11434/api/generate "HTTP/1.1 200 OK"
2025-12-30 17:10:45,203 - INFO - HTTP Request: GET http://172.21.48.1:11434/api/tags "HTTP/1.1 200 OK"
2025-12-30 17:10:45,446 - INFO - HTTP Request: POST http://172.21.48.1:11434/api/generate "HTTP/1.1 200 OK"
2025-12-30 17:10:55,831 - INFO - HTTP Request: GET http://172.21.48.1:11434/api/tags "HTTP/1.1 200 OK"
2025-12-30 17:10:56,082 - INFO - HTTP Request: POST http://172.21.48.1:11434/api/generate "HTTP/1.1 200 OK"
2025-12-30 17:11:05,380 - INFO - HTTP Request: GET http://172.21.48.1:11434/api/tags "HTTP/1.1 200 OK"
2025-12-30 17:11:05,640 - INFO - HTTP Request: POST http://172.21.48.1:11434/api/generate "HTTP/1.1 200 OK"
2025-12-30 17:11:15,985 - INFO - HTTP Request: GET http://172.21.48.1:11434/api/tags "HTTP/1.1 200 OK"
2025-12-30 17:11:16,143 - INFO - HTTP Request: POST http://172.21.48.1:11434/api/generate "HTTP/1.1 200 OK"
2025-12-30 17:11:26,450 - INFO - HTTP Request: GET http://172.21.48.1:11434/api/tags "HTTP/1.1 200 OK"
2025-12-30 17:11:26,677 - INFO - HTTP Request: POST http://172.21.48.1:11434/api/generate "HTTP/1.1 200 OK"
2025-12-30 17:11:37,019 - INFO - HTTP Request: GET http://172.21.48.1:11434/api/tags "HTTP/1.1 200 OK"
2025-12-30 17:11:37,251 - INFO - HTTP Request: POST http://172.21.48.1:11434/api/generate "HTTP/1.1 200 OK"
2025-12-30 17:11:40,755 - INFO - HTTP Request: GET http://172.21.48.1:11434/api/tags "HTTP/1.1 200 OK"
2025-12-30 17:11:40,977 - INFO - HTTP Request: POST http://172.21.48.1:11434/api/generate "HTTP/1.1 200 OK"
2025-12-30 17:11:51,311 - INFO - HTTP Request: GET http://172.21.48.1:11434/api/tags "HTTP/1.1 200 OK"
2025-12-30 17:11:51,546 - INFO - HTTP Request: POST http://172.21.48.1:11434/api/generate "HTTP/1.1 200 OK"
2025-12-30 17:12:01,891 - INFO - HTTP Request: GET http://172.21.48.1:11434/api/tags "HTTP/1.1 200 OK"
2025-12-30 17:12:02,110 - INFO - HTTP Request: POST http://172.21.48.1:11434/api/generate "HTTP/1.1 200 OK"
2025-12-30 17:12:06,453 - INFO - HTTP Request: GET http://172.21.48.1:11434/api/tags "HTTP/1.1 200 OK"
2025-12-30 17:12:06,677 - INFO - HTTP Request: POST http://172.21.48.1:11434/api/generate "HTTP/1.1 200 OK"
2025-12-30 17:12:17,131 - INFO - HTTP Request: GET http://172.21.48.1:11434/api/tags "HTTP/1.1 200 OK"
2025-12-30 17:12:17,368 - INFO - HTTP Request: POST http://172.21.48.1:11434/api/generate "HTTP/1.1 200 OK"
2025-12-30 17:12:27,732 - INFO - HTTP Request: GET http://172.21.48.1:11434/api/tags "HTTP/1.1 200 OK"
2025-12-30 17:12:27,989 - INFO - HTTP Request: POST http://172.21.48.1:11434/api/generate "HTTP/1.1 200 OK"
2025-12-30 17:12:38,355 - INFO - HTTP Request: GET http://172.21.48.1:11434/api/tags "HTTP/1.1 200 OK"
2025-12-30 17:12:38,616 - INFO - HTTP Request: POST http://172.21.48.1:11434/api/generate "HTTP/1.1 200 OK"
2025-12-30 17:12:48,975 - INFO - HTTP Request: GET http://172.21.48.1:11434/api/tags "HTTP/1.1 200 OK"
2025-12-30 17:12:49,241 - INFO - HTTP Request: POST http://172.21.48.1:11434/api/generate "HTTP/1.1 200 OK"
2025-12-30 17:12:59,607 - INFO - HTTP Request: GET http://172.21.48.1:11434/api/tags "HTTP/1.1 200 OK"
2025-12-30 17:12:59,872 - INFO - HTTP Request: POST http://172.21.48.1:11434/api/generate "HTTP/1.1 200 OK"
2025-12-30 17:13:10,318 - INFO - HTTP Request: GET http://172.21.48.1:11434/api/tags "HTTP/1.1 200 OK"
2025-12-30 17:13:10,583 - INFO - HTTP Request: POST http://172.21.48.1:11434/api/generate "HTTP/1.1 200 OK"
2025-12-30 17:13:20,975 - INFO - HTTP Request: GET http://172.21.48.1:11434/api/tags "HTTP/1.1 200 OK"
2025-12-30 17:13:21,241 - INFO - HTTP Request: POST http://172.21.48.1:11434/api/generate "HTTP/1.1 200 OK"
2025-12-30 17:13:29,780 - INFO - HTTP Request: GET http://172.21.48.1:11434/api/tags "HTTP/1.1 200 OK"
2025-12-30 17:13:30,053 - INFO - HTTP Request: POST http://172.21.48.1:11434/api/generate "HTTP/1.1 200 OK"
2025-12-30 17:13:40,435 - INFO - HTTP Request: GET http://172.21.48.1:11434/api/tags "HTTP/1.1 200 OK"
2025-12-30 17:13:40,698 - INFO - HTTP Request: POST http://172.21.48.1:11434/api/generate "HTTP/1.1 200 OK"
2025-12-30 17:13:51,128 - INFO - HTTP Request: GET http://172.21.48.1:11434/api/tags "HTTP/1.1 200 OK"
2025-12-30 17:13:51,390 - INFO - HTTP Request: POST http://172.21.48.1:11434/api/generate "HTTP/1.1 200 OK"
2025-12-30 17:13:59,321 - INFO -   累计文档: 1183 条
2025-12-30 17:14:00,325 - INFO - 检查点已保存: 185个关键词
2025-12-30 17:14:00,460 - INFO - 最终结果已保存: academic_data/large_scale/large_scale_results_20251230_171400.json
2025-12-30 17:14:00,460 - INFO - 分析文件已保存: academic_data/large_scale/structured/large_scale_analysis_20251230_171400.jsonl
2025-12-30 17:14:00,460 - INFO - 
爬取完成！
2025-12-30 17:14:00,460 - INFO - 总耗时: 40.9 分钟
2025-12-30 17:14:00,461 - INFO - 总文档数: 1183
