nohup: ignoring input
[?2026h[?25l[1Gpulling manifest ⠙ [K[?25h[?2026l[?2026h[?25l[1Gpulling manifest ⠙ [K[?25h[?2026l[?2026h[?25l[1Gpulling manifest ⠸ [K[?25h[?2026l[?2026h[?25l[1Gpulling manifest ⠼ [K[?25h[?2026l[?2026h[?25l[1Gpulling manifest ⠼ [K[?25h[?2026l[?2026h[?25l[1Gpulling manifest ⠴ [K[?25h[?2026l[?2026h[?25l[1Gpulling manifest ⠦ [K[?25h[?2026l[?2026h[?25l[1Gpulling manifest ⠧ [K[?25h[?2026l[?2026h[?25l[1Gpulling manifest ⠏ [K[?25h[?2026l[?2026h[?25l[1Gpulling manifest ⠏ [K[?25h[?2026l[?2026h[?25l[1Gpulling manifest ⠙ [K[?25h[?2026l[?2026h[?25l[1Gpulling manifest ⠙ [K[?25h[?2026l[?2026h[?25l[1Gpulling manifest ⠸ [K[?25h[?2026l[?2026h[?25l[1Gpulling manifest ⠸ [K[?25h[?2026l[?2026h[?25l[1Gpulling manifest ⠼ [K[?25h[?2026l[?2026h[?25l[1Gpulling manifest ⠦ [K[?25h[?2026l[?2026h[?25l[1Gpulling manifest ⠧ [K[?25h[?2026l[?2026h[?25l[1Gpulling manifest ⠧ [K[?25h[?2026l[?2026h[?25l[1Gpulling manifest ⠏ [K[?25h[?2026l[?2026h[?25l[1Gpulling manifest ⠏ [K[?25h[?2026l[?2026h[?25l[1Gpulling manifest ⠙ [K[?25h[?2026l[?2026h[?25l[1Gpulling manifest ⠙ [K[?25h[?2026l[?2026h[?25l[1Gpulling manifest ⠸ [K[?25h[?2026l[?2026h[?25l[1Gpulling manifest ⠸ [K[?25h[?2026l[?2026h[?25l[1Gpulling manifest ⠼ [K[?25h[?2026l[?2026h[?25l[1Gpulling manifest ⠦ [K[?25h[?2026l[?2026h[?25l[1Gpulling manifest ⠦ [K[?25h[?2026l[?2026h[?25l[1Gpulling manifest ⠧ [K[?25h[?2026l[?2026h[?25l[1Gpulling manifest [K
pulling e7b273f96360:   0% ▕                  ▏  46 KB/ 13 GB                  [K[?25h[?2026l[?2026h[?25l[A[1Gpulling manifest [K
pulling e7b273f96360:   0% ▕                  ▏ 156 KB/ 13 GB                  [K[?25h[?2026l[?2026h[?25l[A[1Gpulling manifest [K
pulling e7b273f96360:   0% ▕                  ▏ 434 KB/ 13 GB                  [K[?25h[?2026l[?2026h[?25l[A[1Gpulling manifest [K
pulling e7b273f96360:   0% ▕                  ▏ 981 KB/ 13 GB                  [K[?25h[?2026l[?2026h[?25l[A[1Gpulling manifest [K
pulling e7b273f96360:   0% ▕                  ▏ 1.4 MB/ 13 GB                  [K[?25h[?2026l[?2026h[?25l[A[1Gpulling manifest [K
pulling e7b273f96360:   0% ▕                  ▏ 2.4 MB/ 13 GB                  [K[?25h[?2026l[?2026h[?25l[A[1Gpulling manifest [K
pulling e7b273f96360:   0% ▕                  ▏ 4.2 MB/ 13 GB                  [K[?25h[?2026l[?2026h[?25l[A[1Gpulling manifest [K
pulling e7b273f96360:   0% ▕                  ▏ 5.3 MB/ 13 GB                  [K[?25h[?2026l[?2026h[?25l[A[1Gpulling manifest [K
pulling e7b273f96360:   0% ▕                  ▏ 7.8 MB/ 13 GB                  [K[?25h[?2026l[?2026h[?25l[A[1Gpulling manifest [K
pulling e7b273f96360:   0% ▕                  ▏  10 MB/ 13 GB                  [K[?25h[?2026l[?2026h[?25l[A[1Gpulling manifest [K
pulling e7b273f96360:   0% ▕                  ▏  11 MB/ 13 GB   11 MB/s  19m55s[K[?25h[?2026l[?2026h[?25l[A[1Gpulling manifest [K
pulling e7b273f96360:   0% ▕                  ▏  14 MB/ 13 GB   11 MB/s  19m55s[K[?25h[?2026l[?2026h[?25l[A[1Gpulling manifest [K
pulling e7b273f96360:   0% ▕                  ▏  18 MB/ 13 GB   11 MB/s  19m54s[K[?25h[?2026l[?2026h[?25l[A[1Gpulling manifest [K
pulling e7b273f96360:   0% ▕                  ▏  20 MB/ 13 GB   11 MB/s  19m54s[K[?25h[?2026l[?2026h[?25l[A[1Gpulling manifest [K
pulling e7b273f96360:   0% ▕                  ▏  24 MB/ 13 GB   11 MB/s  19m54s[K[?25h[?2026l[?2026h[?25l[A[1Gpulling manifest [K
pulling e7b273f96360:   0% ▕                  ▏  28 MB/ 13 GB   11 MB/s  19m53s[K[?25h[?2026l[?2026h[?25l[A[1Gpulling manifest [K
pulling e7b273f96360:   0% ▕                  ▏  30 MB/ 13 GB   11 MB/s  19m53s[K[?25h[?2026l[?2026h[?25l[A[1Gpulling manifest [K
pulling e7b273f96360:   0% ▕                  ▏  33 MB/ 13 GB   11 MB/s  19m53s[K[?25h[?2026l[?2026h[?25l[A[1Gpulling manifest [K
pulling e7b273f96360:   0% ▕                  ▏  39 MB/ 13 GB   11 MB/s  19m52s[K[?25h[?2026l[?2026h[?25l[A[1Gpulling manifest [K
pulling e7b273f96360:   0% ▕                  ▏  41 MB/ 13 GB   11 MB/s  19m52s[K[?25h[?2026l[?2026h[?25l[A[1Gpulling manifest [K
pulling e7b273f96360:   0% ▕                  ▏  44 MB/ 13 GB   22 MB/s  10m18s[K[?25h[?2026l[?2026h[?25l[A[1Gpulling manifest [K
pulling e7b273f96360:   0% ▕                  ▏  49 MB/ 13 GB   22 MB/s  10m18s[K[?25h[?2026l[?2026h[?25l[A[1Gpulling manifest [K
pulling e7b273f96360:   0% ▕                  ▏  51 MB/ 13 GB   22 MB/s  10m18s[K[?25h[?2026l[?2026h[?25l[A[1Gpulling manifest [K
pulling e7b273f96360:   0% ▕                  ▏  55 MB/ 13 GB   22 MB/s  10m18s[K[?25h[?2026l[?2026h[?25l[A[1Gpulling manifest [K
pulling e7b273f96360:   0% ▕                  ▏  60 MB/ 13 GB   22 MB/s  10m17s[K[?25h[?2026l[?2026h[?25l[A[1Gpulling manifest [K
pulling e7b273f96360:   0% ▕                  ▏  62 MB/ 13 GB   22 MB/s  10m17s[K[?25h[?2026l[?2026h[?25l[A[1Gpulling manifest [K
pulling e7b273f96360:   0% ▕                  ▏  66 MB/ 13 GB   22 MB/s  10m17s[K[?25h[?2026l[?2026h[?25l[A[1Gpulling manifest [K
pulling e7b273f96360:   1% ▕                  ▏  69 MB/ 13 GB   22 MB/s  10m17s[K[?25h[?2026l[?2026h[?25l[A[1Gpulling manifest [K
pulling e7b273f96360:   1% ▕                  ▏  72 MB/ 13 GB   22 MB/s  10m17s[K[?25h[?2026l[?2026h[?25l[A[1Gpulling manifest [K
pulling e7b273f96360:   1% ▕                  ▏  76 MB/ 13 GB   22 MB/s  10m17s[K[?25h[?2026l[?2026h[?25l[A[1Gpulling manifest [K
pulling e7b273f96360:   1% ▕                  ▏  80 MB/ 13 GB   26 MB/s   8m30s[K[?25h[?2026l[?2026h[?25l[A[1Gpulling manifest [K
pulling e7b273f96360:   1% ▕                  ▏  83 MB/ 13 GB   26 MB/s   8m30s[K[?25h[?2026l[?2026h[?25l[A[1Gpulling manifest [K
pulling e7b273f96360:   1% ▕                  ▏  87 MB/ 13 GB   26 MB/s   8m30s[K[?25h[?2026l[?2026h[?25l[A[1Gpulling manifest [K
pulling e7b273f96360:   1% ▕                  ▏  89 MB/ 13 GB   26 MB/s   8m29s[K[?25h[?2026l[?2026h[?25l[A[1Gpulling manifest [K
pulling e7b273f96360:   1% ▕                  ▏  91 MB/ 13 GB   26 MB/s   8m29s[K[?25h[?2026l[?2026h[?25l[A[1Gpulling manifest [K
pulling e7b273f96360:   1% ▕                  ▏  94 MB/ 13 GB   26 MB/s   8m29s[K[?25h[?2026l[?2026h[?25l[A[1Gpulling manifest [K
pulling e7b273f96360:   1% ▕                  ▏  99 MB/ 13 GB   26 MB/s   8m29s[K[?25h[?2026l[?2026h[?25l[A[1Gpulling manifest [K
pulling e7b273f96360:   1% ▕                  ▏ 102 MB/ 13 GB   26 MB/s   8m29s[K[?25h[?2026l[?2026h[?25l[A[1Gpulling manifest [K
pulling e7b273f96360:   1% ▕                  ▏ 107 MB/ 13 GB   26 MB/s   8m29s[K[?25h[?2026l[?2026h[?25l[A[1Gpulling manifest [K
pulling e7b273f96360:   1% ▕                  ▏ 110 MB/ 13 GB   26 MB/s   8m29s[K[?25h[?2026l[?2026h[?25l[A[1Gpulling manifest [K
pulling e7b273f96360:   1% ▕                  ▏ 113 MB/ 13 GB   26 MB/s   8m29s[K[?25h[?2026l[?2026h[?25l[A[1Gpulling manifest [K
pulling e7b273f96360:   1% ▕                  ▏ 117 MB/ 13 GB   28 MB/s   7m57s[K[?25h[?2026l[?2026h[?25l[A[1Gpulling manifest [K
pulling e7b273f96360:   1% ▕                  ▏ 120 MB/ 13 GB   28 MB/s   7m57s[K[?25h[?2026l[?2026h[?25l[A[1Gpulling manifest [K
pulling e7b273f96360:   1% ▕                  ▏ 123 MB/ 13 GB   28 MB/s   7m57s[K[?25h[?2026l[?2026h[?25l[A[1Gpulling manifest [K
pulling e7b273f96360:   1% ▕                  ▏ 127 MB/ 13 GB   28 MB/s   7m57s[K[?25h[?2026l[?2026h[?25l[A[1Gpulling manifest [K
pulling e7b273f96360:   1% ▕                  ▏ 130 MB/ 13 GB   28 MB/s   7m57s[K[?25h[?2026l[?2026h[?25l[A[1Gpulling manifest [K
pulling e7b273f96360:   1% ▕                  ▏ 132 MB/ 13 GB   28 MB/s   7m57s[K[?25h[?2026l[?2026h[?25l[A[1Gpulling manifest [K
pulling e7b273f96360:   1% ▕                  ▏ 136 MB/ 13 GB   28 MB/s   7m57s[K[?25h[?2026l[?2026h[?25l[A[1Gpulling manifest [K
pulling e7b273f96360:   1% ▕                  ▏ 140 MB/ 13 GB   28 MB/s   7m57s[K[?25h[?2026l[?2026h[?25l[A[1Gpulling manifest [K
pulling e7b273f96360:   1% ▕                  ▏ 142 MB/ 13 GB   28 MB/s   7m57s[K[?25h[?2026l[?2026h[?25l[A[1Gpulling manifest [K
pulling e7b273f96360:   1% ▕                  ▏ 145 MB/ 13 GB   28 MB/s   7m56s[K[?25h[?2026l[?2026h[?25l[A[1Gpulling manifest [K
pulling e7b273f96360:   1% ▕                  ▏ 148 MB/ 13 GB   29 MB/s   7m40s[K[?25h[?2026l[?2026h[?25l[A[1Gpulling manifest [K
pulling e7b273f96360:   1% ▕                  ▏ 150 MB/ 13 GB   29 MB/s   7m40s[K[?25h[?2026l[?2026h[?25l[A[1Gpulling manifest [K
pulling e7b273f96360:   1% ▕                  ▏ 154 MB/ 13 GB   29 MB/s   7m40s[K[?25h[?2026l[?2026h[?25l[A[1Gpulling manifest [K
pulling e7b273f96360:   1% ▕                  ▏ 157 MB/ 13 GB   29 MB/s   7m40s[K[?25h[?2026l[?2026h[?25l[A[1Gpulling manifest [K
pulling e7b273f96360:   1% ▕                  ▏ 159 MB/ 13 GB   29 MB/s   7m40s[K[?25h[?2026l[?2026h[?25l[A[1Gpulling manifest [K
pulling e7b273f96360:   1% ▕                  ▏ 163 MB/ 13 GB   29 MB/s   7m40s[K[?25h[?2026l[?2026h[?25l[A[1Gpulling manifest [K
pulling e7b273f96360:   1% ▕                  ▏ 167 MB/ 13 GB   29 MB/s   7m40s[K[?25h[?2026l[?2026h[?25l[A[1Gpulling manifest [K
pulling e7b273f96360:   1% ▕                  ▏ 169 MB/ 13 GB   29 MB/s   7m40s[K[?25h[?2026l[?2026h[?25l[A[1Gpulling manifest [K
pulling e7b273f96360:   1% ▕                  ▏ 173 MB/ 13 GB   29 MB/s   7m39s[K[?25h[?2026l[?2026h[?25l[A[1Gpulling manifest [K
pulling e7b273f96360:   1% ▕                  ▏ 178 MB/ 13 GB   29 MB/s   7m39s[K[?25h[?2026l[?2026h[?25l[A[1Gpulling manifest [K
pulling e7b273f96360:   1% ▕                  ▏ 180 MB/ 13 GB   30 MB/s   7m33s[K[?25h[?2026l[?2026h[?25l[A[1Gpulling manifest [K
pulling e7b273f96360:   1% ▕                  ▏ 183 MB/ 13 GB   30 MB/s   7m33s[K[?25h[?2026l[?2026h[?25l[A[1Gpulling manifest [K
pulling e7b273f96360:   1% ▕                  ▏ 186 MB/ 13 GB   30 MB/s   7m33s[K[?25h[?2026l[?2026h[?25l[A[1Gpulling manifest [K
pulling e7b273f96360:   1% ▕                  ▏ 187 MB/ 13 GB   30 MB/s   7m33s[K[?25h[?2026l[?2026h[?25l[A[1Gpulling manifest [K
pulling e7b273f96360:   1% ▕                  ▏ 192 MB/ 13 GB   30 MB/s   7m33s[K[?25h[?2026l[?2026h[?25l[A[1Gpulling manifest [K
pulling e7b273f96360:   1% ▕                  ▏ 195 MB/ 13 GB   30 MB/s   7m33s[K[?25h[?2026l[?2026h[?25l[A[1Gpulling manifest [K
pulling e7b273f96360:   1% ▕                  ▏ 197 MB/ 13 GB   30 MB/s   7m33s[K[?25h[?2026l[?2026h[?25l[A[1Gpulling manifest [K
pulling e7b273f96360:   1% ▕                  ▏ 200 MB/ 13 GB   30 MB/s   7m32s[K[?25h[?2026l[?2026h[?25l[A[1Gpulling manifest [K
pulling e7b273f96360:   1% ▕                  ▏ 204 MB/ 13 GB   30 MB/s   7m32s[K[?25h[?2026l[?2026h[?25l[A[1Gpulling manifest [K
pulling e7b273f96360:   2% ▕                  ▏ 207 MB/ 13 GB   30 MB/s   7m32s[K[?25h[?2026l[?2026h[?25l[A[1Gpulling manifest [K
pulling e7b273f96360:   2% ▕                  ▏ 210 MB/ 13 GB   30 MB/s   7m32s[K[?25h[?2026l[?2026h[?25l[A[1Gpulling manifest [K
pulling e7b273f96360:   2% ▕                  ▏ 214 MB/ 13 GB   30 MB/s   7m32s[K[?25h[?2026l[?2026h[?25l[A[1Gpulling manifest [K
pulling e7b273f96360:   2% ▕                  ▏ 215 MB/ 13 GB   30 MB/s   7m32s[K[?25h[?2026l[?2026h[?25l[A[1Gpulling manifest [K
pulling e7b273f96360:   2% ▕                  ▏ 219 MB/ 13 GB   30 MB/s   7m32s[K[?25h[?2026l[?2026h[?25l[A[1Gpulling manifest [K
pulling e7b273f96360:   2% ▕                  ▏ 222 MB/ 13 GB   30 MB/s   7m32s[K[?25h[?2026l[?2026h[?25l[A[1Gpulling manifest [K
pulling e7b273f96360:   2% ▕                  ▏ 225 MB/ 13 GB   30 MB/s   7m32s[K[?25h[?2026l[?2026h[?25l[A[1Gpulling manifest [K
pulling e7b273f96360:   2% ▕                  ▏ 228 MB/ 13 GB   30 MB/s   7m32s[K[?25h[?2026l[?2026h[?25l[A[1Gpulling manifest [K
pulling e7b273f96360:   2% ▕                  ▏ 230 MB/ 13 GB   30 MB/s   7m31s[K[?25h[?2026l[?2026h[?25l[A[1Gpulling manifest [K
pulling e7b273f96360:   2% ▕                  ▏ 232 MB/ 13 GB   30 MB/s   7m31s[K[?25h[?2026l[?2026h[?25l[A[1Gpulling manifest [K
pulling e7b273f96360:   2% ▕                  ▏ 236 MB/ 13 GB   30 MB/s   7m31s[K[?25h[?2026l[?2026h[?25l[A[1Gpulling manifest [K
pulling e7b273f96360:   2% ▕                  ▏ 238 MB/ 13 GB   29 MB/s   7m34s[K[?25h[?2026l[?2026h[?25l[A[1Gpulling manifest [K
pulling e7b273f96360:   2% ▕                  ▏ 240 MB/ 13 GB   29 MB/s   7m34s[K[?25h[?2026l[?2026h[?25l[A[1Gpulling manifest [K
pulling e7b273f96360:   2% ▕                  ▏ 243 MB/ 13 GB   29 MB/s   7m34s[K[?25h[?2026l[?2026h[?25l[A[1Gpulling manifest [K
pulling e7b273f96360:   2% ▕                  ▏ 246 MB/ 13 GB   29 MB/s   7m34s[K[?25h[?2026l[?2026h[?25l[A[1Gpulling manifest [K
pulling e7b273f96360:   2% ▕                  ▏ 247 MB/ 13 GB   29 MB/s   7m34s[K[?25h[?2026l[?2026h[?25l[A[1Gpulling manifest [K
pulling e7b273f96360:   2% ▕                  ▏ 251 MB/ 13 GB   29 MB/s   7m34s[K[?25h[?2026l[?2026h[?25l[A[1Gpulling manifest [K
pulling e7b273f96360:   2% ▕                  ▏ 254 MB/ 13 GB   29 MB/s   7m34s[K[?25h[?2026l[?2026h[?25l[A[1Gpulling manifest [K
pulling e7b273f96360:   2% ▕                  ▏ 255 MB/ 13 GB   29 MB/s   7m33s[K[?25h[?2026l[?2026h[?25l[A[1Gpulling manifest [K
pulling e7b273f96360:   2% ▕                  ▏ 258 MB/ 13 GB   29 MB/s   7m33s[K[?25h[?2026l[?2026h[?25l[A[1Gpulling manifest [K
pulling e7b273f96360:   2% ▕                  ▏ 262 MB/ 13 GB   29 MB/s   7m33s[K[?25h[?2026l[?2026h[?25l[A[1Gpulling manifest [K
pulling e7b273f96360:   2% ▕                  ▏ 263 MB/ 13 GB   29 MB/s   7m33s[K[?25h[?2026l[?2026h[?25l[A[1Gpulling manifest [K
pulling e7b273f96360:   2% ▕                  ▏ 266 MB/ 13 GB   29 MB/s   7m38s[K[?25h[?2026l[?2026h[?25l[A[1Gpulling manifest [K
pulling e7b273f96360:   2% ▕                  ▏ 270 MB/ 13 GB   29 MB/s   7m38s[K[?25h[?2026l[?2026h[?25l[A[1Gpulling manifest [K
pulling e7b273f96360:   2% ▕                  ▏ 271 MB/ 13 GB   29 MB/s   7m37s[K[?25h[?2026l[?2026h[?25l[A[1Gpulling manifest [K
pulling e7b273f96360:   2% ▕                  ▏ 275 MB/ 13 GB   29 MB/s   7m37s[K[?25h[?2026l[?2026h[?25l[A[1Gpulling manifest [K
pulling e7b273f96360:   2% ▕                  ▏ 278 MB/ 13 GB   29 MB/s   7m37s[K[?25h[?2026l[?2026h[?25l[A[1Gpulling manifest [K
pulling e7b273f96360:   2% ▕                  ▏ 279 MB/ 13 GB   29 MB/s   7m37s[K[?25h[?2026l[?2026h[?25l[A[1Gpulling manifest [K
pulling e7b273f96360:   2% ▕                  ▏ 283 MB/ 13 GB   29 MB/s   7m37s[K[?25h[?2026l[?2026h[?25l[A[1Gpulling manifest [K
pulling e7b273f96360:   2% ▕                  ▏ 286 MB/ 13 GB   29 MB/s   7m37s[K[?25h[?2026l[?2026h[?25l[A[1Gpulling manifest [K
pulling e7b273f96360:   2% ▕                  ▏ 288 MB/ 13 GB   29 MB/s   7m37s[K[?25h[?2026l[?2026h[?25l[A[1Gpulling manifest [K
pulling e7b273f96360:   2% ▕                  ▏ 291 MB/ 13 GB   29 MB/s   7m37s[K[?25h[?2026l[?2026h[?25l[A[1Gpulling manifest [K
pulling e7b273f96360:   2% ▕                  ▏ 295 MB/ 13 GB   31 MB/s   7m10s[K[?25h[?2026l[?2026h[?25l[A[1Gpulling manifest [K
pulling e7b273f96360:   2% ▕                  ▏ 297 MB/ 13 GB   31 MB/s   7m10s[K[?25h[?2026l[?2026h[?25l[A[1Gpulling manifest [K
pulling e7b273f96360:   2% ▕                  ▏ 300 MB/ 13 GB   31 MB/s   7m10s[K[?25h[?2026l[?2026h[?25l[A[1Gpulling manifest [K
pulling e7b273f96360:   2% ▕                  ▏ 303 MB/ 13 GB   31 MB/s   7m10s[K[?25h[?2026l[?2026h[?25l[A[1Gpulling manifest [K
pulling e7b273f96360:   2% ▕                  ▏ 304 MB/ 13 GB   31 MB/s   7m10s[K[?25h[?2026l[?2026h[?25l[A[1Gpulling manifest [K
pulling e7b273f96360:   2% ▕                  ▏ 307 MB/ 13 GB   31 MB/s   7m10s[K[?25h[?2026l[?2026h[?25l[A[1Gpulling manifest [K
pulling e7b273f96360:   2% ▕                  ▏ 310 MB/ 13 GB   31 MB/s   7m10s[K[?25h[?2026l[?2026h[?25l[A[1Gpulling manifest [K
pulling e7b273f96360:   2% ▕                  ▏ 312 MB/ 13 GB   31 MB/s   7m10s[K[?25h[?2026l[?2026h[?25l[A[1Gpulling manifest [K
pulling e7b273f96360:   2% ▕                  ▏ 313 MB/ 13 GB   31 MB/s   7m10s[K[?25h[?2026l[?2026h[?25l[A[1Gpulling manifest [K
pulling e7b273f96360:   2% ▕                  ▏ 315 MB/ 13 GB   31 MB/s    7m9s[K[?25h[?2026l[?2026h[?25l[A[1Gpulling manifest [K
pulling e7b273f96360:   2% ▕                  ▏ 316 MB/ 13 GB   30 MB/s   7m25s[K[?25h[?2026l[?2026h[?25l[A[1Gpulling manifest [K
pulling e7b273f96360:   2% ▕                  ▏ 318 MB/ 13 GB   30 MB/s   7m25s[K[?25h[?2026l[?2026h[?25l[A[1Gpulling manifest [K
pulling e7b273f96360:   2% ▕                  ▏ 321 MB/ 13 GB   30 MB/s   7m25s[K[?25h[?2026l[?2026h[?25l[A[1Gpulling manifest [K
pulling e7b273f96360:   2% ▕                  ▏ 323 MB/ 13 GB   30 MB/s   7m25s[K[?25h[?2026l[?2026h[?25l[A[1Gpulling manifest [K
pulling e7b273f96360:   2% ▕                  ▏ 325 MB/ 13 GB   30 MB/s   7m25s[K[?25h[?2026l[?2026h[?25l[A[1Gpulling manifest [K
pulling e7b273f96360:   2% ▕                  ▏ 330 MB/ 13 GB   30 MB/s   7m25s[K[?25h[?2026l[?2026h[?25l[A[1Gpulling manifest [K
pulling e7b273f96360:   2% ▕                  ▏ 332 MB/ 13 GB   30 MB/s   7m25s[K[?25h[?2026l[?2026h[?25l[A[1Gpulling manifest [K
pulling e7b273f96360:   2% ▕                  ▏ 335 MB/ 13 GB   30 MB/s   7m25s[K[?25h[?2026l[?2026h[?25l[A[1Gpulling manifest [K
pulling e7b273f96360:   2% ▕                  ▏ 338 MB/ 13 GB   30 MB/s   7m24s[K[?25h[?2026l[?2026h[?25l[A[1Gpulling manifest [K
pulling e7b273f96360:   2% ▕                  ▏ 341 MB/ 13 GB   30 MB/s   7m24s[K[?25h[?2026l[?2026h[?25l[A[1Gpulling manifest [K
pulling e7b273f96360:   3% ▕                  ▏ 344 MB/ 13 GB   29 MB/s   7m38s[K[?25h[?2026l[?2026h[?25l[A[1Gpulling manifest [K
pulling e7b273f96360:   3% ▕                  ▏ 347 MB/ 13 GB   29 MB/s   7m37s[K[?25h[?2026l[?2026h[?25l[A[1Gpulling manifest [K
pulling e7b273f96360:   3% ▕                  ▏ 349 MB/ 13 GB   29 MB/s   7m37s[K[?25h[?2026l[?2026h[?25l[A[1Gpulling manifest [K
pulling e7b273f96360:   3% ▕                  ▏ 351 MB/ 13 GB   29 MB/s   7m37s[K[?25h[?2026l[?2026h[?25l[A[1Gpulling manifest [K
pulling e7b273f96360:   3% ▕                  ▏ 356 MB/ 13 GB   29 MB/s   7m37s[K[?25h[?2026l[?2026h[?25l[A[1Gpulling manifest [K
pulling e7b273f96360:   3% ▕                  ▏ 358 MB/ 13 GB   29 MB/s   7m37s[K[?25h[?2026l[?2026h[?25l[A[1Gpulling manifest [K
pulling e7b273f96360:   3% ▕                  ▏ 361 MB/ 13 GB   29 MB/s   7m37s[K[?25h[?2026l[?2026h[?25l[A[1Gpulling manifest [K
pulling e7b273f96360:   3% ▕                  ▏ 365 MB/ 13 GB   29 MB/s   7m37s[K[?25h[?2026l[?2026h[?25l[A[1Gpulling manifest [K
pulling e7b273f96360:   3% ▕                  ▏ 366 MB/ 13 GB   29 MB/s   7m37s[K[?25h[?2026l[?2026h[?25l[A[1Gpulling manifest [K
pulling e7b273f96360:   3% ▕                  ▏ 371 MB/ 13 GB   29 MB/s   7m37s[K[?25h[?2026l[?2026h[?25l[A[1Gpulling manifest [K
pulling e7b273f96360:   3% ▕                  ▏ 374 MB/ 13 GB   28 MB/s   7m44s[K[?25h[?2026l[?2026h[?25l[A[1Gpulling manifest [K
pulling e7b273f96360:   3% ▕                  ▏ 375 MB/ 13 GB   28 MB/s   7m44s[K[?25h[?2026l[?2026h[?25l[A[1Gpulling manifest [K
pulling e7b273f96360:   3% ▕                  ▏ 380 MB/ 13 GB   28 MB/s   7m44s[K[?25h[?2026l[?2026h[?25l[A[1Gpulling manifest [K
pulling e7b273f96360:   3% ▕                  ▏ 382 MB/ 13 GB   28 MB/s   7m43s[K[?25h[?2026l[?2026h[?25l[A[1Gpulling manifest [K
pulling e7b273f96360:   3% ▕                  ▏ 384 MB/ 13 GB   28 MB/s   7m43s[K[?25h[?2026l[?2026h[?25l[A[1Gpulling manifest [K
pulling e7b273f96360:   3% ▕                  ▏ 389 MB/ 13 GB   28 MB/s   7m43s[K[?25h[?2026l[?2026h[?25l[A[1Gpulling manifest [K
pulling e7b273f96360:   3% ▕                  ▏ 393 MB/ 13 GB   28 MB/s   7m43s[K[?25h[?2026l[?2026h[?25l[A[1Gpulling manifest [K
pulling e7b273f96360:   3% ▕                  ▏ 395 MB/ 13 GB   28 MB/s   7m43s[K[?25h[?2026l[?2026h[?25l[A[1Gpulling manifest [K
pulling e7b273f96360:   3% ▕                  ▏ 398 MB/ 13 GB   28 MB/s   7m43s[K[?25h[?2026l[?2026h[?25l[A[1Gpulling manifest [K
pulling e7b273f96360:   3% ▕                  ▏ 402 MB/ 13 GB   28 MB/s   7m43s[K[?25h[?2026l[?2026h[?25l[A[1Gpulling manifest [K
pulling e7b273f96360:   3% ▕                  ▏ 404 MB/ 13 GB   28 MB/s   7m43s[K[?25h[?2026l[?2026h[?25l[A[1Gpulling manifest [K
pulling e7b273f96360:   3% ▕                  ▏ 407 MB/ 13 GB   28 MB/s   7m48s[K[?25h[?2026l[?2026h[?25l[A[1Gpulling manifest [K
pulling e7b273f96360:   3% ▕                  ▏ 410 MB/ 13 GB   28 MB/s   7m48s[K[?25h[?2026l[?2026h[?25l[A[1Gpulling manifest [K
pulling e7b273f96360:   3% ▕                  ▏ 411 MB/ 13 GB   28 MB/s   7m48s[K[?25h[?2026l[?2026h[?25l[A[1Gpulling manifest [K
pulling e7b273f96360:   3% ▕                  ▏ 414 MB/ 13 GB   28 MB/s   7m48s[K[?25h[?2026l[?2026h[?25l[A[1Gpulling manifest [K
pulling e7b273f96360:   3% ▕                  ▏ 417 MB/ 13 GB   28 MB/s   7m48s[K[?25h[?2026l[?2026h[?25l[A[1Gpulling manifest [K
pulling e7b273f96360:   3% ▕                  ▏ 418 MB/ 13 GB   28 MB/s   7m48s[K[?25h[?2026l[?2026h[?25l[A[1Gpulling manifest [K
pulling e7b273f96360:   3% ▕                  ▏ 421 MB/ 13 GB   28 MB/s   7m48s[K[?25h[?2026l[?2026h[?25l[A[1Gpulling manifest [K
pulling e7b273f96360:   3% ▕                  ▏ 424 MB/ 13 GB   28 MB/s   7m48s[K[?25h[?2026l[?2026h[?25l[A[1Gpulling manifest [K
pulling e7b273f96360:   3% ▕                  ▏ 426 MB/ 13 GB   28 MB/s   7m48s[K[?25h[?2026l[?2026h[?25l[A[1Gpulling manifest [K
pulling e7b273f96360:   3% ▕                  ▏ 428 MB/ 13 GB   28 MB/s   7m48s[K[?25h[?2026l[?2026h[?25l[A[1Gpulling manifest [K
pulling e7b273f96360:   3% ▕                  ▏ 431 MB/ 13 GB   27 MB/s    8m0s[K[?25h[?2026l[?2026h[?25l[A[1Gpulling manifest [K
pulling e7b273f96360:   3% ▕                  ▏ 433 MB/ 13 GB   27 MB/s    8m0s[K[?25h[?2026l[?2026h[?25l[A[1Gpulling manifest [K
pulling e7b273f96360:   3% ▕                  ▏ 436 MB/ 13 GB   27 MB/s    8m0s[K[?25h[?2026l[?2026h[?25l[A[1Gpulling manifest [K
pulling e7b273f96360:   3% ▕                  ▏ 439 MB/ 13 GB   27 MB/s    8m0s[K[?25h[?2026l[?2026h[?25l[A[1Gpulling manifest [K
pulling e7b273f96360:   3% ▕                  ▏ 440 MB/ 13 GB   27 MB/s    8m0s[K[?25h[?2026l[?2026h[?25l[A[1Gpulling manifest [K
pulling e7b273f96360:   3% ▕                  ▏ 443 MB/ 13 GB   27 MB/s    8m0s[K[?25h[?2026l[?2026h[?25l[A[1Gpulling manifest [K
pulling e7b273f96360:   3% ▕                  ▏ 446 MB/ 13 GB   27 MB/s    8m0s[K[?25h[?2026l[?2026h[?25l[A[1Gpulling manifest [K
pulling e7b273f96360:   3% ▕                  ▏ 448 MB/ 13 GB   27 MB/s    8m0s[K[?25h[?2026l[?2026h[?25l[A[1Gpulling manifest [K
pulling e7b273f96360:   3% ▕                  ▏ 451 MB/ 13 GB   27 MB/s    8m0s[K[?25h[?2026l[?2026h[?25l[A[1Gpulling manifest [K
pulling e7b273f96360:   3% ▕                  ▏ 454 MB/ 13 GB   27 MB/s   7m59s[K[?25h[?2026l[?2026h[?25l[A[1Gpulling manifest [K
pulling e7b273f96360:   3% ▕                  ▏ 456 MB/ 13 GB   27 MB/s    8m7s[K[?25h[?2026l[?2026h[?25l[A[1Gpulling manifest [K
pulling e7b273f96360:   3% ▕                  ▏ 459 MB/ 13 GB   27 MB/s    8m7s[K[?25h[?2026l[?2026h[?25l[A[1Gpulling manifest [K
pulling e7b273f96360:   3% ▕                  ▏ 463 MB/ 13 GB   27 MB/s    8m7s[K[?25h[?2026l[?2026h[?25l[A[1Gpulling manifest [K
pulling e7b273f96360:   3% ▕                  ▏ 463 MB/ 13 GB   27 MB/s    8m7s[K[?25h[?2026l[?2026h[?25l[A[1Gpulling manifest [K
pulling e7b273f96360:   3% ▕                  ▏ 467 MB/ 13 GB   27 MB/s    8m6s[K[?25h[?2026l[?2026h[?25l[A[1Gpulling manifest [K
pulling e7b273f96360:   3% ▕                  ▏ 470 MB/ 13 GB   27 MB/s    8m6s[K[?25h[?2026l[?2026h[?25l[A[1Gpulling manifest [K
pulling e7b273f96360:   3% ▕                  ▏ 472 MB/ 13 GB   27 MB/s    8m6s[K[?25h[?2026l[?2026h[?25l[A[1Gpulling manifest [K
pulling e7b273f96360:   3% ▕                  ▏ 476 MB/ 13 GB   27 MB/s    8m6s[K[?25h[?2026l[?2026h[?25l[A[1Gpulling manifest [K
pulling e7b273f96360:   3% ▕                  ▏ 478 MB/ 13 GB   27 MB/s    8m6s[K[?25h[?2026l[?2026h[?25l[A[1Gpulling manifest [K
pulling e7b273f96360:   3% ▕                  ▏ 480 MB/ 13 GB   27 MB/s    8m6s[K[?25h[?2026l[?2026h[?25l[A[1Gpulling manifest [K
pulling e7b273f96360:   4% ▕                  ▏ 484 MB/ 13 GB   27 MB/s    8m7s[K[?25h[?2026l[?2026h[?25l[A[1Gpulling manifest [K
pulling e7b273f96360:   4% ▕                  ▏ 487 MB/ 13 GB   27 MB/s    8m7s[K[?25h[?2026l[?2026h[?25l[A[1Gpulling manifest [K
pulling e7b273f96360:   4% ▕                  ▏ 489 MB/ 13 GB   27 MB/s    8m7s[K[?25h[?2026l[?2026h[?25l[A[1Gpulling manifest [K
pulling e7b273f96360:   4% ▕                  ▏ 493 MB/ 13 GB   27 MB/s    8m6s[K[?25h[?2026l[?2026h[?25l[A[1Gpulling manifest [K
pulling e7b273f96360:   4% ▕                  ▏ 496 MB/ 13 GB   27 MB/s    8m6s[K[?25h[?2026l[?2026h[?25l[A[1Gpulling manifest [K
pulling e7b273f96360:   4% ▕                  ▏ 498 MB/ 13 GB   27 MB/s    8m6s[K[?25h[?2026l[?2026h[?25l[A[1Gpulling manifest [K
pulling e7b273f96360:   4% ▕                  ▏ 501 MB/ 13 GB   27 MB/s    8m6s[K[?25h[?2026l[?2026h[?25l[A[1Gpulling manifest [K
pulling e7b273f96360:   4% ▕                  ▏ 505 MB/ 13 GB   27 MB/s    8m6s[K[?25h[?2026l[?2026h[?25l[A[1Gpulling manifest [K
pulling e7b273f96360:   4% ▕                  ▏ 507 MB/ 13 GB   27 MB/s    8m6s[K[?25h[?2026l[?2026h[?25l[A[1Gpulling manifest [K
pulling e7b273f96360:   4% ▕                  ▏ 511 MB/ 13 GB   27 MB/s    8m6s[K[?25h[?2026l[?2026h[?25l[A[1Gpulling manifest [K
pulling e7b273f96360:   4% ▕                  ▏ 514 MB/ 13 GB   27 MB/s   7m59s[K[?25h[?2026l[?2026h[?25l[A[1Gpulling manifest [K
pulling e7b273f96360:   4% ▕                  ▏ 516 MB/ 13 GB   27 MB/s   7m59s[K[?25h[?2026l[?2026h[?25l[A[1Gpulling manifest [K
pulling e7b273f96360:   4% ▕                  ▏ 520 MB/ 13 GB   27 MB/s   7m59s[K[?25h[?2026l[?2026h[?25l[A[1Gpulling manifest [K
pulling e7b273f96360:   4% ▕                  ▏ 523 MB/ 13 GB   27 MB/s   7m59s[K[?25h[?2026l[?2026h[?25l[A[1Gpulling manifest [K
pulling e7b273f96360:   4% ▕                  ▏ 524 MB/ 13 GB   27 MB/s   7m59s[K[?25h[?2026l[?2026h[?25l[A[1Gpulling manifest [K
pulling e7b273f96360:   4% ▕                  ▏ 528 MB/ 13 GB   27 MB/s   7m59s[K[?25h[?2026l[?2026h[?25l[A[1Gpulling manifest [K
pulling e7b273f96360:   4% ▕                  ▏ 532 MB/ 13 GB   27 MB/s   7m59s[K[?25h[?2026l[?2026h[?25l[A[1Gpulling manifest [K
pulling e7b273f96360:   4% ▕                  ▏ 533 MB/ 13 GB   27 MB/s   7m59s[K[?25h[?2026l[?2026h[?25l[A[1Gpulling manifest [K
pulling e7b273f96360:   4% ▕                  ▏ 536 MB/ 13 GB   27 MB/s   7m59s[K[?25h[?2026l[?2026h[?25l[A[1Gpulling manifest [K
pulling e7b273f96360:   4% ▕                  ▏ 539 MB/ 13 GB   27 MB/s   7m59s[K[?25h[?2026l[?2026h[?25l[A[1Gpulling manifest [K
pulling e7b273f96360:   4% ▕                  ▏ 541 MB/ 13 GB   27 MB/s   7m58s[K[?25h[?2026l[?2026h[?25l[A[1Gpulling manifest [K
pulling e7b273f96360:   4% ▕                  ▏ 544 MB/ 13 GB   27 MB/s   7m58s[K[?25h[?2026l[?2026h[?25l[A[1Gpulling manifest [K
pulling e7b273f96360:   4% ▕                  ▏ 547 MB/ 13 GB   27 MB/s   7m58s[K[?25h[?2026l[?2026h[?25l[A[1Gpulling manifest [K
pulling e7b273f96360:   4% ▕                  ▏ 548 MB/ 13 GB   27 MB/s   7m58s[K[?25h[?2026l[?2026h[?25l[A[1Gpulling manifest [K
pulling e7b273f96360:   4% ▕                  ▏ 553 MB/ 13 GB   27 MB/s   7m58s[K[?25h[?2026l[?2026h[?25l[A[1Gpulling manifest [K
pulling e7b273f96360:   4% ▕                  ▏ 556 MB/ 13 GB   27 MB/s   7m58s[K[?25h[?2026l[?2026h[?25l[A[1Gpulling manifest [K
pulling e7b273f96360:   4% ▕                  ▏ 558 MB/ 13 GB   27 MB/s   7m58s[K[?25h[?2026l[?2026h[?25l[A[1Gpulling manifest [K
pulling e7b273f96360:   4% ▕                  ▏ 561 MB/ 13 GB   27 MB/s   7m58s[K[?25h[?2026l[?2026h[?25l[A[1Gpulling manifest [K
pulling e7b273f96360:   4% ▕                  ▏ 564 MB/ 13 GB   27 MB/s   7m58s[K[?25h[?2026l[?2026h[?25l[A[1Gpulling manifest [K
pulling e7b273f96360:   4% ▕                  ▏ 566 MB/ 13 GB   27 MB/s   7m58s[K[?25h[?2026l[?2026h[?25l[A[1Gpulling manifest [K
pulling e7b273f96360:   4% ▕                  ▏ 570 MB/ 13 GB   27 MB/s   7m57s[K[?25h[?2026l[?2026h[?25l[A[1Gpulling manifest [K
pulling e7b273f96360:   4% ▕                  ▏ 574 MB/ 13 GB   28 MB/s   7m44s[K[?25h[?2026l[?2026h[?25l[A[1Gpulling manifest [K
pulling e7b273f96360:   4% ▕                  ▏ 576 MB/ 13 GB   28 MB/s   7m44s[K[?25h[?2026l[?2026h[?25l[A[1Gpulling manifest [K
pulling e7b273f96360:   4% ▕                  ▏ 579 MB/ 13 GB   28 MB/s   7m44s[K[?25h[?2026l[?2026h[?25l[A[1Gpulling manifest [K
pulling e7b273f96360:   4% ▕                  ▏ 582 MB/ 13 GB   28 MB/s   7m44s[K[?25h[?2026l[?2026h[?25l[A[1Gpulling manifest [K
pulling e7b273f96360:   4% ▕                  ▏ 583 MB/ 13 GB   28 MB/s   7m44s[K[?25h[?2026l[?2026h[?25l[A[1Gpulling manifest [K
pulling e7b273f96360:   4% ▕                  ▏ 587 MB/ 13 GB   28 MB/s   7m44s[K[?25h[?2026l[?2026h[?25l[A[1Gpulling manifest [K
pulling e7b273f96360:   4% ▕                  ▏ 590 MB/ 13 GB   28 MB/s   7m44s[K[?25h[?2026l[?2026h[?25l[A[1Gpulling manifest [K
pulling e7b273f96360:   4% ▕                  ▏ 591 MB/ 13 GB   28 MB/s   7m44s[K[?25h[?2026l[?2026h[?25l[A[1Gpulling manifest [K
pulling e7b273f96360:   4% ▕                  ▏ 591 MB/ 13 GB   28 MB/s   7m44s[K[?25h[?2026l[?2026h[?25l[A[1Gpulling manifest [K
pulling e7b273f96360:   4% ▕                  ▏ 594 MB/ 13 GB   28 MB/s   7m44s[K[?25h[?2026l[?2026h[?25l[A[1Gpulling manifest [K
pulling e7b273f96360:   4% ▕                  ▏ 595 MB/ 13 GB   27 MB/s   7m53s[K[?25h[?2026l[?2026h[?25l[A[1Gpulling manifest [K
pulling e7b273f96360:   4% ▕                  ▏ 599 MB/ 13 GB   27 MB/s   7m53s[K[?25h[?2026l[?2026h[?25l[A[1Gpulling manifest [K
pulling e7b273f96360:   4% ▕                  ▏ 603 MB/ 13 GB   27 MB/s   7m53s[K[?25h[?2026l[?2026h[?25l[A[1Gpulling manifest [K
pulling e7b273f96360:   4% ▕                  ▏ 605 MB/ 13 GB   27 MB/s   7m53s[K[?25h[?2026l[?2026h[?25l[A[1Gpulling manifest [K
pulling e7b273f96360:   4% ▕                  ▏ 608 MB/ 13 GB   27 MB/s   7m53s[K[?25h[?2026l[?2026h[?25l[A[1Gpulling manifest [K
pulling e7b273f96360:   4% ▕                  ▏ 612 MB/ 13 GB   27 MB/s   7m53s[K[?25h[?2026l[?2026h[?25l[A[1Gpulling manifest [K
pulling e7b273f96360:   4% ▕                  ▏ 613 MB/ 13 GB   27 MB/s   7m53s[K[?25h[?2026l[?2026h[?25l[A[1Gpulling manifest [K
pulling e7b273f96360:   4% ▕                  ▏ 617 MB/ 13 GB   27 MB/s   7m53s[K[?25h[?2026l[?2026h[?25l[A[1Gpulling manifest [K
pulling e7b273f96360:   5% ▕                  ▏ 621 MB/ 13 GB   27 MB/s   7m52s[K[?25h[?2026l[?2026h[?25l[A[1Gpulling manifest [K
pulling e7b273f96360:   5% ▕                  ▏ 621 MB/ 13 GB   27 MB/s   7m52s[K[?25h[?2026l[?2026h[?25l[A[1Gpulling manifest [K
pulling e7b273f96360:   5% ▕                  ▏ 625 MB/ 13 GB   27 MB/s   7m51s[K[?25h[?2026l[?2026h[?25l[A[1Gpulling manifest [K
pulling e7b273f96360:   5% ▕                  ▏ 628 MB/ 13 GB   27 MB/s   7m51s[K[?25h[?2026l[?2026h[?25l[A[1Gpulling manifest [K
pulling e7b273f96360:   5% ▕                  ▏ 630 MB/ 13 GB   27 MB/s   7m51s[K[?25h[?2026l[?2026h[?25l[A[1Gpulling manifest [K
pulling e7b273f96360:   5% ▕                  ▏ 634 MB/ 13 GB   27 MB/s   7m51s[K[?25h[?2026l[?2026h[?25l[A[1Gpulling manifest [K
pulling e7b273f96360:   5% ▕                  ▏ 637 MB/ 13 GB   27 MB/s   7m51s[K[?25h[?2026l[?2026h[?25l[A[1Gpulling manifest [K
pulling e7b273f96360:   5% ▕                  ▏ 639 MB/ 13 GB   27 MB/s   7m51s[K[?25h[?2026l[?2026h[?25l[A[1Gpulling manifest [K
pulling e7b273f96360:   5% ▕                  ▏ 643 MB/ 13 GB   27 MB/s   7m51s[K[?25h[?2026l[?2026h[?25l[A[1Gpulling manifest [K
pulling e7b273f96360:   5% ▕                  ▏ 645 MB/ 13 GB   27 MB/s   7m51s[K[?25h[?2026l[?2026h[?25l[A[1Gpulling manifest [K
pulling e7b273f96360:   5% ▕                  ▏ 648 MB/ 13 GB   27 MB/s   7m51s[K[?25h[?2026l[?2026h[?25l[A[1Gpulling manifest [K
pulling e7b273f96360:   5% ▕                  ▏ 651 MB/ 13 GB   27 MB/s   7m50s[K[?25h[?2026l[?2026h[?25l[A[1Gpulling manifest [K
pulling e7b273f96360:   5% ▕                  ▏ 654 MB/ 13 GB   27 MB/s   7m54s[K[?25h[?2026l[?2026h[?25l[A[1Gpulling manifest [K
pulling e7b273f96360:   5% ▕                  ▏ 656 MB/ 13 GB   27 MB/s   7m54s[K[?25h[?2026l[?2026h[?25l[A[1Gpulling manifest [K
pulling e7b273f96360:   5% ▕                  ▏ 659 MB/ 13 GB   27 MB/s   7m54s[K[?25h[?2026l[?2026h[?25l[A[1Gpulling manifest [K
pulling e7b273f96360:   5% ▕                  ▏ 662 MB/ 13 GB   27 MB/s   7m54s[K[?25h[?2026l[?2026h[?25l[A[1Gpulling manifest [K
pulling e7b273f96360:   5% ▕                  ▏ 664 MB/ 13 GB   27 MB/s   7m53s[K[?25h[?2026l[?2026h[?25l[A[1Gpulling manifest [K
pulling e7b273f96360:   5% ▕                  ▏ 668 MB/ 13 GB   27 MB/s   7m53s[K[?25h[?2026l[?2026h[?25l[A[1Gpulling manifest [K
pulling e7b273f96360:   5% ▕                  ▏ 671 MB/ 13 GB   27 MB/s   7m53s[K[?25h[?2026l[?2026h[?25l[A[1Gpulling manifest [K
pulling e7b273f96360:   5% ▕                  ▏ 673 MB/ 13 GB   27 MB/s   7m53s[K[?25h[?2026l[?2026h[?25l[A[1Gpulling manifest [K
pulling e7b273f96360:   5% ▕                  ▏ 676 MB/ 13 GB   27 MB/s   7m53s[K[?25h[?2026l[?2026h[?25l[A[1Gpulling manifest [K
pulling e7b273f96360:   5% ▕                  ▏ 680 MB/ 13 GB   27 MB/s   7m53s[K[?25h[?2026l[?2026h[?25l[A[1Gpulling manifest [K
pulling e7b273f96360:   5% ▕                  ▏ 680 MB/ 13 GB   27 MB/s   7m53s[K[?25h[?2026l[?2026h[?25l[A[1Gpulling manifest [K
pulling e7b273f96360:   5% ▕                  ▏ 683 MB/ 13 GB   28 MB/s   7m47s[K[?25h[?2026l[?2026h[?25l[A[1Gpulling manifest [K
pulling e7b273f96360:   5% ▕                  ▏ 686 MB/ 13 GB   28 MB/s   7m47s[K[?25h[?2026l[?2026h[?25l[A[1Gpulling manifest [K
pulling e7b273f96360:   5% ▕                  ▏ 688 MB/ 13 GB   28 MB/s   7m47s[K[?25h[?2026l[?2026h[?25l[A[1Gpulling manifest [K
pulling e7b273f96360:   5% ▕                  ▏ 691 MB/ 13 GB   28 MB/s   7m47s[K[?25h[?2026l[?2026h[?25l[A[1Gpulling manifest [K
pulling e7b273f96360:   5% ▕                  ▏ 694 MB/ 13 GB   28 MB/s   7m47s[K[?25h[?2026l[?2026h[?25l[A[1Gpulling manifest [K
pulling e7b273f96360:   5% ▕                  ▏ 696 MB/ 13 GB   28 MB/s   7m47s[K[?25h[?2026l[?2026h[?25l[A[1Gpulling manifest [K
pulling e7b273f96360:   5% ▕                  ▏ 699 MB/ 13 GB   28 MB/s   7m47s[K[?25h[?2026l[?2026h[?25l[A[1Gpulling manifest [K
pulling e7b273f96360:   5% ▕                  ▏ 703 MB/ 13 GB   28 MB/s   7m47s[K[?25h[?2026l[?2026h[?25l[A[1Gpulling manifest [K
pulling e7b273f96360:   5% ▕                  ▏ 705 MB/ 13 GB   28 MB/s   7m46s[K[?25h[?2026l[?2026h[?25l[A[1Gpulling manifest [K
pulling e7b273f96360:   5% ▕                  ▏ 708 MB/ 13 GB   28 MB/s   7m46s[K[?25h[?2026l[?2026h[?25l[A[1Gpulling manifest [K
pulling e7b273f96360:   5% ▕                  ▏ 711 MB/ 13 GB   28 MB/s   7m44s[K[?25h[?2026l[?2026h[?25l[A[1Gpulling manifest [K
pulling e7b273f96360:   5% ▕                  ▏ 712 MB/ 13 GB   28 MB/s   7m44s[K[?25h[?2026l[?2026h[?25l[A[1Gpulling manifest [K
pulling e7b273f96360:   5% ▕                  ▏ 716 MB/ 13 GB   28 MB/s   7m44s[K[?25h[?2026l[?2026h[?25l[A[1Gpulling manifest [K
pulling e7b273f96360:   5% ▕                  ▏ 719 MB/ 13 GB   28 MB/s   7m44s[K[?25h[?2026l[?2026h[?25l[A[1Gpulling manifest [K
pulling e7b273f96360:   5% ▕                  ▏ 720 MB/ 13 GB   28 MB/s   7m44s[K[?25h[?2026l[?2026h[?25l[A[1Gpulling manifest [K
pulling e7b273f96360:   5% ▕                  ▏ 724 MB/ 13 GB   28 MB/s   7m44s[K[?25h[?2026l[?2026h[?25l[A[1Gpulling manifest [K
pulling e7b273f96360:   5% ▕                  ▏ 726 MB/ 13 GB   28 MB/s   7m44s[K[?25h[?2026l[?2026h[?25l[A[1Gpulling manifest [K
pulling e7b273f96360:   5% ▕                  ▏ 728 MB/ 13 GB   28 MB/s   7m44s[K[?25h[?2026l[?2026h[?25l[A[1Gpulling manifest [K
pulling e7b273f96360:   5% ▕                  ▏ 732 MB/ 13 GB   28 MB/s   7m44s[K[?25h[?2026l[?2026h[?25l[A[1Gpulling manifest [K
pulling e7b273f96360:   5% ▕                  ▏ 736 MB/ 13 GB   28 MB/s   7m44s[K[?25h[?2026l[?2026h[?25l[A[1Gpulling manifest [K
pulling e7b273f96360:   5% ▕                  ▏ 737 MB/ 13 GB   28 MB/s   7m44s[K[?25h[?2026l[?2026h[?25l[A[1Gpulling manifest [K
pulling e7b273f96360:   5% ▕                  ▏ 741 MB/ 13 GB   28 MB/s   7m44s[K[?25h[?2026l[?2026h[?25l[A[1Gpulling manifest [K
pulling e7b273f96360:   5% ▕                  ▏ 744 MB/ 13 GB   28 MB/s   7m44s[K[?25h[?2026l[?2026h[?25l[A[1Gpulling manifest [K
pulling e7b273f96360:   5% ▕                  ▏ 745 MB/ 13 GB   28 MB/s   7m44s[K[?25h[?2026l[?2026h[?25l[A[1Gpulling manifest [K
pulling e7b273f96360:   5% ▕                  ▏ 749 MB/ 13 GB   28 MB/s   7m44s[K[?25h[?2026l[?2026h[?25l[A[1Gpulling manifest [K
pulling e7b273f96360:   5% ▕                  ▏ 753 MB/ 13 GB   28 MB/s   7m44s[K[?25h[?2026l[?2026h[?25l[A[1Gpulling manifest [K
pulling e7b273f96360:   5% ▕                  ▏ 754 MB/ 13 GB   28 MB/s   7m44s[K[?25h[?2026l[?2026h[?25l[A[1Gpulling manifest [K
pulling e7b273f96360:   5% ▕                  ▏ 757 MB/ 13 GB   28 MB/s   7m44s[K[?25h[?2026l[?2026h[?25l[A[1Gpulling manifest [K
pulling e7b273f96360:   6% ▕                  ▏ 761 MB/ 13 GB   28 MB/s   7m43s[K[?25h[?2026l[?2026h[?25l[A[1Gpulling manifest [K
pulling e7b273f96360:   6% ▕                  ▏ 763 MB/ 13 GB   28 MB/s   7m43s[K[?25h[?2026l[?2026h[?25l[A[1Gpulling manifest [K
pulling e7b273f96360:   6% ▕█                 ▏ 767 MB/ 13 GB   28 MB/s   7m44s[K[?25h[?2026l[?2026h[?25l[A[1Gpulling manifest [K
pulling e7b273f96360:   6% ▕█                 ▏ 770 MB/ 13 GB   28 MB/s   7m44s[K[?25h[?2026l[?2026h[?25l[A[1Gpulling manifest [K
pulling e7b273f96360:   6% ▕█                 ▏ 773 MB/ 13 GB   28 MB/s   7m44s[K[?25h[?2026l[?2026h[?25l[A[1Gpulling manifest [K
pulling e7b273f96360:   6% ▕█                 ▏ 775 MB/ 13 GB   28 MB/s   7m44s[K[?25h[?2026l[?2026h[?25l[A[1Gpulling manifest [K
pulling e7b273f96360:   6% ▕█                 ▏ 779 MB/ 13 GB   28 MB/s   7m44s[K[?25h[?2026l[?2026h[?25l[A[1Gpulling manifest [K
pulling e7b273f96360:   6% ▕█                 ▏ 781 MB/ 13 GB   28 MB/s   7m44s[K[?25h[?2026l[?2026h[?25l[A[1Gpulling manifest [K
pulling e7b273f96360:   6% ▕█                 ▏ 784 MB/ 13 GB   28 MB/s   7m44s[K[?25h[?2026l[?2026h[?25l[A[1Gpulling manifest [K
pulling e7b273f96360:   6% ▕█                 ▏ 787 MB/ 13 GB   28 MB/s   7m44s[K[?25h[?2026l[?2026h[?25l[A[1Gpulling manifest [K
pulling e7b273f96360:   6% ▕█                 ▏ 789 MB/ 13 GB   28 MB/s   7m43s[K[?25h[?2026l[?2026h[?25l[A[1Gpulling manifest [K
pulling e7b273f96360:   6% ▕█                 ▏ 791 MB/ 13 GB   28 MB/s   7m43s[K[?25h[?2026l[?2026h[?25l[A[1Gpulling manifest [K
pulling e7b273f96360:   6% ▕█                 ▏ 797 MB/ 13 GB   28 MB/s   7m38s[K[?25h[?2026l[?2026h[?25l[A[1Gpulling manifest [K
pulling e7b273f96360:   6% ▕█                 ▏ 800 MB/ 13 GB   28 MB/s   7m38s[K[?25h[?2026l[?2026h[?25l[A[1Gpulling manifest [K
pulling e7b273f96360:   6% ▕█                 ▏ 805 MB/ 13 GB   28 MB/s   7m38s[K[?25h[?2026l[?2026h[?25l[A[1Gpulling manifest [K
pulling e7b273f96360:   6% ▕█                 ▏ 807 MB/ 13 GB   28 MB/s   7m38s[K[?25h[?2026l[?2026h[?25l[A[1Gpulling manifest [K
pulling e7b273f96360:   6% ▕█                 ▏ 809 MB/ 13 GB   28 MB/s   7m38s[K[?25h[?2026l[?2026h[?25l[A[1Gpulling manifest [K
pulling e7b273f96360:   6% ▕█                 ▏ 815 MB/ 13 GB   28 MB/s   7m37s[K[?25h[?2026l[?2026h[?25l[A[1Gpulling manifest [K
pulling e7b273f96360:   6% ▕█                 ▏ 818 MB/ 13 GB   28 MB/s   7m37s[K[?25h[?2026l[?2026h[?25l[A[1Gpulling manifest [K
pulling e7b273f96360:   6% ▕█                 ▏ 819 MB/ 13 GB   28 MB/s   7m37s[K[?25h[?2026l[?2026h[?25l[A[1Gpulling manifest [K
pulling e7b273f96360:   6% ▕█                 ▏ 822 MB/ 13 GB   28 MB/s   7m37s[K[?25h[?2026l[?2026h[?25l[A[1Gpulling manifest [K
pulling e7b273f96360:   6% ▕█                 ▏ 830 MB/ 13 GB   28 MB/s   7m37s[K[?25h[?2026l[?2026h[?25l[A[1Gpulling manifest [K
pulling e7b273f96360:   6% ▕█                 ▏ 833 MB/ 13 GB   28 MB/s   7m37s[K[?25h[?2026l[?2026h[?25l[A[1Gpulling manifest [K
pulling e7b273f96360:   6% ▕█                 ▏ 837 MB/ 13 GB   29 MB/s   7m23s[K[?25h[?2026l[?2026h[?25l[A[1Gpulling manifest [K
pulling e7b273f96360:   6% ▕█                 ▏ 841 MB/ 13 GB   29 MB/s   7m23s[K[?25h[?2026l[?2026h[?25l[A[1Gpulling manifest [K
pulling e7b273f96360:   6% ▕█                 ▏ 843 MB/ 13 GB   29 MB/s   7m23s[K[?25h[?2026l[?2026h[?25l[A[1Gpulling manifest [K
pulling e7b273f96360:   6% ▕█                 ▏ 847 MB/ 13 GB   29 MB/s   7m23s[K[?25h[?2026l[?2026h[?25l[A[1Gpulling manifest [K
pulling e7b273f96360:   6% ▕█                 ▏ 850 MB/ 13 GB   29 MB/s   7m23s[K[?25h[?2026l[?2026h[?25l[A[1Gpulling manifest [K
pulling e7b273f96360:   6% ▕█                 ▏ 852 MB/ 13 GB   29 MB/s   7m23s[K[?25h[?2026l[?2026h[?25l[A[1Gpulling manifest [K
pulling e7b273f96360:   6% ▕█                 ▏ 858 MB/ 13 GB   29 MB/s   7m23s[K[?25h[?2026l[?2026h[?25l[A[1Gpulling manifest [K
pulling e7b273f96360:   6% ▕█                 ▏ 862 MB/ 13 GB   29 MB/s   7m22s[K[?25h[?2026l[?2026h[?25l[A[1Gpulling manifest [K
pulling e7b273f96360:   6% ▕█                 ▏ 863 MB/ 13 GB   29 MB/s   7m22s[K[?25h[?2026l[?2026h[?25l[A[1Gpulling manifest [K
pulling e7b273f96360:   6% ▕█                 ▏ 867 MB/ 13 GB   29 MB/s   7m22s[K[?25h[?2026l[?2026h[?25l[A[1Gpulling manifest [K
pulling e7b273f96360:   6% ▕█                 ▏ 870 MB/ 13 GB   30 MB/s    7m4s[K[?25h[?2026l[?2026h[?25l[A[1Gpulling manifest [K
pulling e7b273f96360:   6% ▕█                 ▏ 872 MB/ 13 GB   30 MB/s    7m4s[K[?25h[?2026l[?2026h[?25l[A[1Gpulling manifest [K
pulling e7b273f96360:   6% ▕█                 ▏ 876 MB/ 13 GB   30 MB/s    7m4s[K[?25h[?2026l[?2026h[?25l[A[1Gpulling manifest [K
pulling e7b273f96360:   6% ▕█                 ▏ 880 MB/ 13 GB   30 MB/s    7m4s[K[?25h[?2026l[?2026h[?25l[A[1Gpulling manifest [K
pulling e7b273f96360:   6% ▕█                 ▏ 881 MB/ 13 GB   30 MB/s    7m4s[K[?25h[?2026l[?2026h[?25l[A[1Gpulling manifest [K
pulling e7b273f96360:   6% ▕█                 ▏ 885 MB/ 13 GB   30 MB/s    7m4s[K[?25h[?2026l[?2026h[?25l[A[1Gpulling manifest [K
pulling e7b273f96360:   6% ▕█                 ▏ 888 MB/ 13 GB   30 MB/s    7m4s[K[?25h[?2026l[?2026h[?25l[A[1Gpulling manifest [K
pulling e7b273f96360:   6% ▕█                 ▏ 889 MB/ 13 GB   30 MB/s    7m4s[K[?25h[?2026l[?2026h[?25l[A[1Gpulling manifest [K
pulling e7b273f96360:   6% ▕█                 ▏ 893 MB/ 13 GB   30 MB/s    7m4s[K[?25h[?2026l[?2026h[?25l[A[1Gpulling manifest [K
pulling e7b273f96360:   7% ▕█                 ▏ 897 MB/ 13 GB   30 MB/s    7m3s[K[?25h[?2026l[?2026h[?25l[A[1Gpulling manifest [K
pulling e7b273f96360:   7% ▕█                 ▏ 899 MB/ 13 GB   30 MB/s    7m4s[K[?25h[?2026l[?2026h[?25l[A[1Gpulling manifest [K
pulling e7b273f96360:   7% ▕█                 ▏ 902 MB/ 13 GB   30 MB/s    7m4s[K[?25h[?2026l[?2026h[?25l[A[1Gpulling manifest [K
pulling e7b273f96360:   7% ▕█                 ▏ 905 MB/ 13 GB   30 MB/s    7m4s[K[?25h[?2026l[?2026h[?25l[A[1Gpulling manifest [K
pulling e7b273f96360:   7% ▕█                 ▏ 907 MB/ 13 GB   30 MB/s    7m4s[K[?25h[?2026l[?2026h[?25l[A[1Gpulling manifest [K
pulling e7b273f96360:   7% ▕█                 ▏ 910 MB/ 13 GB   30 MB/s    7m3s[K[?25h[?2026l[?2026h[?25l[A[1Gpulling manifest [K
pulling e7b273f96360:   7% ▕█                 ▏ 914 MB/ 13 GB   30 MB/s    7m3s[K[?25h[?2026l[?2026h[?25l[A[1Gpulling manifest [K
pulling e7b273f96360:   7% ▕█                 ▏ 916 MB/ 13 GB   30 MB/s    7m3s[K[?25h[?2026l[?2026h[?25l[A[1Gpulling manifest [K
pulling e7b273f96360:   7% ▕█                 ▏ 920 MB/ 13 GB   30 MB/s    7m3s[K[?25h[?2026l[?2026h[?25l[A[1Gpulling manifest [K
pulling e7b273f96360:   7% ▕█                 ▏ 924 MB/ 13 GB   30 MB/s    7m3s[K[?25h[?2026l[?2026h[?25l[A[1Gpulling manifest [K
pulling e7b273f96360:   7% ▕█                 ▏ 925 MB/ 13 GB   30 MB/s    7m3s[K[?25h[?2026l[?2026h[?25l[A[1Gpulling manifest [K
pulling e7b273f96360:   7% ▕█                 ▏ 928 MB/ 13 GB   30 MB/s    7m1s[K[?25h[?2026l[?2026h[?25l[A[1Gpulling manifest [K
pulling e7b273f96360:   7% ▕█                 ▏ 931 MB/ 13 GB   30 MB/s    7m1s[K[?25h[?2026l[?2026h[?25l[A[1Gpulling manifest [K
pulling e7b273f96360:   7% ▕█                 ▏ 933 MB/ 13 GB   30 MB/s    7m1s[K[?25h[?2026l[?2026h[?25l[A[1Gpulling manifest [K
pulling e7b273f96360:   7% ▕█                 ▏ 935 MB/ 13 GB   30 MB/s    7m1s[K[?25h[?2026l[?2026h[?25l[A[1Gpulling manifest [K
pulling e7b273f96360:   7% ▕█                 ▏ 939 MB/ 13 GB   30 MB/s    7m1s[K[?25h[?2026l[?2026h[?25l[A[1Gpulling manifest [K
pulling e7b273f96360:   7% ▕█                 ▏ 940 MB/ 13 GB   30 MB/s    7m1s[K[?25h[?2026l[?2026h[?25l[A[1Gpulling manifest [K
pulling e7b273f96360:   7% ▕█                 ▏ 943 MB/ 13 GB   30 MB/s    7m1s[K[?25h[?2026l[?2026h[?25l[A[1Gpulling manifest [K
pulling e7b273f96360:   7% ▕█                 ▏ 946 MB/ 13 GB   30 MB/s    7m1s[K[?25h[?2026l[?2026h[?25l[A[1Gpulling manifest [K
pulling e7b273f96360:   7% ▕█                 ▏ 949 MB/ 13 GB   30 MB/s    7m1s[K[?25h[?2026l[?2026h[?25l[A[1Gpulling manifest [K
pulling e7b273f96360:   7% ▕█                 ▏ 953 MB/ 13 GB   30 MB/s    7m1s[K[?25h[?2026l[?2026h[?25l[A[1Gpulling manifest [K
pulling e7b273f96360:   7% ▕█                 ▏ 957 MB/ 13 GB   30 MB/s   6m59s[K[?25h[?2026l[?2026h[?25l[A[1Gpulling manifest [K
pulling e7b273f96360:   7% ▕█                 ▏ 959 MB/ 13 GB   30 MB/s   6m59s[K[?25h[?2026l[?2026h[?25l[A[1Gpulling manifest [K
pulling e7b273f96360:   7% ▕█                 ▏ 963 MB/ 13 GB   30 MB/s   6m59s[K[?25h[?2026l[?2026h[?25l[A[1Gpulling manifest [K
pulling e7b273f96360:   7% ▕█                 ▏ 967 MB/ 13 GB   30 MB/s   6m59s[K[?25h[?2026l[?2026h[?25l[A[1Gpulling manifest [K
pulling e7b273f96360:   7% ▕█                 ▏ 968 MB/ 13 GB   30 MB/s   6m59s[K[?25h[?2026l[?2026h[?25l[A[1Gpulling manifest [K
pulling e7b273f96360:   7% ▕█                 ▏ 973 MB/ 13 GB   30 MB/s   6m59s[K[?25h[?2026l[?2026h[?25l[A[1Gpulling manifest [K
pulling e7b273f96360:   7% ▕█                 ▏ 976 MB/ 13 GB   30 MB/s   6m59s[K[?25h[?2026l[?2026h[?25l[A[1Gpulling manifest [K
pulling e7b273f96360:   7% ▕█                 ▏ 978 MB/ 13 GB   30 MB/s   6m59s[K[?25h[?2026l[?2026h[?25l[A[1Gpulling manifest [K
pulling e7b273f96360:   7% ▕█                 ▏ 980 MB/ 13 GB   30 MB/s   6m59s[K[?25h[?2026l[?2026h[?25l[A[1Gpulling manifest [K
pulling e7b273f96360:   7% ▕█                 ▏ 984 MB/ 13 GB   30 MB/s   6m58s[K[?25h[?2026l[?2026h[?25l[A[1Gpulling manifest [K
pulling e7b273f96360:   7% ▕█                 ▏ 986 MB/ 13 GB   30 MB/s   6m58s[K[?25h[?2026l[?2026h[?25l[A[1Gpulling manifest [K
pulling e7b273f96360:   7% ▕█                 ▏ 988 MB/ 13 GB   30 MB/s   6m55s[K[?25h[?2026l[?2026h[?25l[A[1Gpulling manifest [K
pulling e7b273f96360:   7% ▕█                 ▏ 993 MB/ 13 GB   30 MB/s   6m55s[K[?25h[?2026l[?2026h[?25l[A[1Gpulling manifest [K
pulling e7b273f96360:   7% ▕█                 ▏ 994 MB/ 13 GB   30 MB/s   6m55s[K[?25h[?2026l[?2026h[?25l[A[1Gpulling manifest [K
pulling e7b273f96360:   7% ▕█                 ▏ 1.0 GB/ 13 GB   30 MB/s   6m54s[K[?25h[?2026l[?2026h[?25l[A[1Gpulling manifest [K
pulling e7b273f96360:   7% ▕█                 ▏ 1.0 GB/ 13 GB   30 MB/s   6m54s[K[?25h[?2026l[?2026h[?25l[A[1Gpulling manifest [K
pulling e7b273f96360:   7% ▕█                 ▏ 1.0 GB/ 13 GB   30 MB/s   6m54s[K[?25h[?2026l[?2026h[?25l[A[1Gpulling manifest [K
pulling e7b273f96360:   7% ▕█                 ▏ 1.0 GB/ 13 GB   30 MB/s   6m54s[K[?25h[?2026l[?2026h[?25l[A[1Gpulling manifest [K
pulling e7b273f96360:   7% ▕█                 ▏ 1.0 GB/ 13 GB   30 MB/s   6m54s[K[?25h[?2026l[?2026h[?25l[A[1Gpulling manifest [K
pulling e7b273f96360:   7% ▕█                 ▏ 1.0 GB/ 13 GB   30 MB/s   6m54s[K[?25h[?2026l[?2026h[?25l[A[1Gpulling manifest [K
pulling e7b273f96360:   7% ▕█                 ▏ 1.0 GB/ 13 GB   30 MB/s   6m54s[K[?25h[?2026l[?2026h[?25l[A[1Gpulling manifest [K
pulling e7b273f96360:   7% ▕█                 ▏ 1.0 GB/ 13 GB   31 MB/s   6m44s[K[?25h[?2026l[?2026h[?25l[A[1Gpulling manifest [K
pulling e7b273f96360:   7% ▕█                 ▏ 1.0 GB/ 13 GB   31 MB/s   6m44s[K[?25h[?2026l[?2026h[?25l[A[1Gpulling manifest [K
pulling e7b273f96360:   7% ▕█                 ▏ 1.0 GB/ 13 GB   31 MB/s   6m44s[K[?25h[?2026l[?2026h[?25l[A[1Gpulling manifest [K
pulling e7b273f96360:   7% ▕█                 ▏ 1.0 GB/ 13 GB   31 MB/s   6m44s[K[?25h[?2026l[?2026h[?25l[A[1Gpulling manifest [K
pulling e7b273f96360:   7% ▕█                 ▏ 1.0 GB/ 13 GB   31 MB/s   6m44s[K[?25h[?2026l[?2026h[?25l[A[1Gpulling manifest [K
pulling e7b273f96360:   8% ▕█                 ▏ 1.0 GB/ 13 GB   31 MB/s   6m44s[K[?25h[?2026l[?2026h[?25l[A[1Gpulling manifest [K
pulling e7b273f96360:   8% ▕█                 ▏ 1.0 GB/ 13 GB   31 MB/s   6m44s[K[?25h[?2026l[?2026h[?25l[A[1Gpulling manifest [K
pulling e7b273f96360:   8% ▕█                 ▏ 1.0 GB/ 13 GB   31 MB/s   6m44s[K[?25h[?2026l[?2026h[?25l[A[1Gpulling manifest [K
pulling e7b273f96360:   8% ▕█                 ▏ 1.0 GB/ 13 GB   31 MB/s   6m43s[K[?25h[?2026l[?2026h[?25l[A[1Gpulling manifest [K
pulling e7b273f96360:   8% ▕█                 ▏ 1.0 GB/ 13 GB   31 MB/s   6m43s[K[?25h[?2026l[?2026h[?25l[A[1Gpulling manifest [K
pulling e7b273f96360:   8% ▕█                 ▏ 1.1 GB/ 13 GB   31 MB/s   6m45s[K[?25h[?2026l[?2026h[?25l[A[1Gpulling manifest [K
pulling e7b273f96360:   8% ▕█                 ▏ 1.1 GB/ 13 GB   31 MB/s   6m44s[K[?25h[?2026l[?2026h[?25l[A[1Gpulling manifest [K
pulling e7b273f96360:   8% ▕█                 ▏ 1.1 GB/ 13 GB   31 MB/s   6m44s[K[?25h[?2026l[?2026h[?25l[A[1Gpulling manifest [K
pulling e7b273f96360:   8% ▕█                 ▏ 1.1 GB/ 13 GB   31 MB/s   6m44s[K[?25h[?2026l[?2026h[?25l[A[1Gpulling manifest [K
pulling e7b273f96360:   8% ▕█                 ▏ 1.1 GB/ 13 GB   31 MB/s   6m44s[K[?25h[?2026l[?2026h[?25l[A[1Gpulling manifest [K
pulling e7b273f96360:   8% ▕█                 ▏ 1.1 GB/ 13 GB   31 MB/s   6m44s[K[?25h[?2026l[?2026h[?25l[A[1Gpulling manifest [K
pulling e7b273f96360:   8% ▕█                 ▏ 1.1 GB/ 13 GB   31 MB/s   6m44s[K[?25h[?2026l[?2026h[?25l[A[1Gpulling manifest [K
pulling e7b273f96360:   8% ▕█                 ▏ 1.1 GB/ 13 GB   31 MB/s   6m44s[K[?25h[?2026l[?2026h[?25l[A[1Gpulling manifest [K
pulling e7b273f96360:   8% ▕█                 ▏ 1.1 GB/ 13 GB   31 MB/s   6m44s[K[?25h[?2026l[?2026h[?25l[A[1Gpulling manifest [K
pulling e7b273f96360:   8% ▕█                 ▏ 1.1 GB/ 13 GB   31 MB/s   6m44s[K[?25h[?2026l[?2026h[?25l[A[1Gpulling manifest [K
pulling e7b273f96360:   8% ▕█                 ▏ 1.1 GB/ 13 GB   31 MB/s   6m48s[K[?25h[?2026l[?2026h[?25l[A[1Gpulling manifest [K
pulling e7b273f96360:   8% ▕█                 ▏ 1.1 GB/ 13 GB   31 MB/s   6m48s[K[?25h[?2026l[?2026h[?25l[A[1Gpulling manifest [K
pulling e7b273f96360:   8% ▕█                 ▏ 1.1 GB/ 13 GB   31 MB/s   6m48s[K[?25h[?2026l[?2026h[?25l[A[1Gpulling manifest [K
pulling e7b273f96360:   8% ▕█                 ▏ 1.1 GB/ 13 GB   31 MB/s   6m48s[K[?25h[?2026l[?2026h[?25l[A[1Gpulling manifest [K
pulling e7b273f96360:   8% ▕█                 ▏ 1.1 GB/ 13 GB   31 MB/s   6m47s[K[?25h[?2026l[?2026h[?25l[A[1Gpulling manifest [K
pulling e7b273f96360:   8% ▕█                 ▏ 1.1 GB/ 13 GB   31 MB/s   6m47s[K[?25h[?2026l[?2026h[?25l[A[1Gpulling manifest [K
pulling e7b273f96360:   8% ▕█                 ▏ 1.1 GB/ 13 GB   31 MB/s   6m47s[K[?25h[?2026l[?2026h[?25l[A[1Gpulling manifest [K
pulling e7b273f96360:   8% ▕█                 ▏ 1.1 GB/ 13 GB   31 MB/s   6m47s[K[?25h[?2026l[?2026h[?25l[A[1Gpulling manifest [K
pulling e7b273f96360:   8% ▕█                 ▏ 1.1 GB/ 13 GB   31 MB/s   6m47s[K[?25h[?2026l[?2026h[?25l[A[1Gpulling manifest [K
pulling e7b273f96360:   8% ▕█                 ▏ 1.1 GB/ 13 GB   31 MB/s   6m47s[K[?25h[?2026l[?2026h[?25l[A[1Gpulling manifest [K
pulling e7b273f96360:   8% ▕█                 ▏ 1.1 GB/ 13 GB   30 MB/s    7m0s[K[?25h[?2026l[?2026h[?25l[A[1Gpulling manifest [K
pulling e7b273f96360:   8% ▕█                 ▏ 1.1 GB/ 13 GB   30 MB/s    7m0s[K[?25h[?2026l[?2026h[?25l[A[1Gpulling manifest [K
pulling e7b273f96360:   8% ▕█                 ▏ 1.1 GB/ 13 GB   30 MB/s   6m59s[K[?25h[?2026l[?2026h[?25l[A[1Gpulling manifest [K
pulling e7b273f96360:   8% ▕█                 ▏ 1.1 GB/ 13 GB   30 MB/s   6m59s[K[?25h[?2026l[?2026h[?25l[A[1Gpulling manifest [K
pulling e7b273f96360:   8% ▕█                 ▏ 1.1 GB/ 13 GB   30 MB/s   6m59s[K[?25h[?2026l[?2026h[?25l[A[1Gpulling manifest [K
pulling e7b273f96360:   8% ▕█                 ▏ 1.1 GB/ 13 GB   30 MB/s   6m59s[K[?25h[?2026l[?2026h[?25l[A[1Gpulling manifest [K
pulling e7b273f96360:   8% ▕█                 ▏ 1.1 GB/ 13 GB   30 MB/s   6m59s[K[?25h[?2026l[?2026h[?25l[A[1Gpulling manifest [K
pulling e7b273f96360:   8% ▕█                 ▏ 1.1 GB/ 13 GB   30 MB/s   6m59s[K[?25h[?2026l[?2026h[?25l[A[1Gpulling manifest [K
pulling e7b273f96360:   8% ▕█                 ▏ 1.1 GB/ 13 GB   30 MB/s   6m59s[K[?25h[?2026l[?2026h[?25l[A[1Gpulling manifest [K
pulling e7b273f96360:   8% ▕█                 ▏ 1.1 GB/ 13 GB   30 MB/s   6m59s[K[?25h[?2026l[?2026h[?25l[A[1Gpulling manifest [K
pulling e7b273f96360:   8% ▕█                 ▏ 1.1 GB/ 13 GB   30 MB/s   6m59s[K[?25h[?2026l[?2026h[?25l[A[1Gpulling manifest [K
pulling e7b273f96360:   8% ▕█                 ▏ 1.1 GB/ 13 GB   29 MB/s    7m2s[K[?25h[?2026l[?2026h[?25l[A[1Gpulling manifest [K
pulling e7b273f96360:   8% ▕█                 ▏ 1.1 GB/ 13 GB   29 MB/s    7m2s[K[?25h[?2026l[?2026h[?25l[A[1Gpulling manifest [K
pulling e7b273f96360:   8% ▕█                 ▏ 1.1 GB/ 13 GB   29 MB/s    7m2s[K[?25h[?2026l[?2026h[?25l[A[1Gpulling manifest [K
pulling e7b273f96360:   8% ▕█                 ▏ 1.1 GB/ 13 GB   29 MB/s    7m1s[K[?25h[?2026l[?2026h[?25l[A[1Gpulling manifest [K
pulling e7b273f96360:   8% ▕█                 ▏ 1.2 GB/ 13 GB   29 MB/s    7m1s[K[?25h[?2026l[?2026h[?25l[A[1Gpulling manifest [K
pulling e7b273f96360:   8% ▕█                 ▏ 1.2 GB/ 13 GB   29 MB/s    7m1s[K[?25h[?2026l[?2026h[?25l[A[1Gpulling manifest [K
pulling e7b273f96360:   8% ▕█                 ▏ 1.2 GB/ 13 GB   29 MB/s    7m1s[K[?25h[?2026l[?2026h[?25l[A[1Gpulling manifest [K
pulling e7b273f96360:   8% ▕█                 ▏ 1.2 GB/ 13 GB   29 MB/s    7m1s[K[?25h[?2026l[?2026h[?25l[A[1Gpulling manifest [K
pulling e7b273f96360:   8% ▕█                 ▏ 1.2 GB/ 13 GB   29 MB/s    7m1s[K[?25h[?2026l[?2026h[?25l[A[1Gpulling manifest [K
pulling e7b273f96360:   8% ▕█                 ▏ 1.2 GB/ 13 GB   29 MB/s    7m1s[K[?25h[?2026l[?2026h[?25l[A[1Gpulling manifest [K
pulling e7b273f96360:   9% ▕█                 ▏ 1.2 GB/ 13 GB   30 MB/s   6m57s[K[?25h[?2026l[?2026h[?25l[A[1Gpulling manifest [K
pulling e7b273f96360:   9% ▕█                 ▏ 1.2 GB/ 13 GB   30 MB/s   6m57s[K[?25h[?2026l[?2026h[?25l[A[1Gpulling manifest [K
pulling e7b273f96360:   9% ▕█                 ▏ 1.2 GB/ 13 GB   30 MB/s   6m56s[K[?25h[?2026l[?2026h[?25l[A[1Gpulling manifest [K
pulling e7b273f96360:   9% ▕█                 ▏ 1.2 GB/ 13 GB   30 MB/s   6m56s[K[?25h[?2026l[?2026h[?25l[A[1Gpulling manifest [K
pulling e7b273f96360:   9% ▕█                 ▏ 1.2 GB/ 13 GB   30 MB/s   6m56s[K[?25h[?2026l[?2026h[?25l[A[1Gpulling manifest [K
pulling e7b273f96360:   9% ▕█                 ▏ 1.2 GB/ 13 GB   30 MB/s   6m56s[K[?25h[?2026l[?2026h[?25l[A[1Gpulling manifest [K
pulling e7b273f96360:   9% ▕█                 ▏ 1.2 GB/ 13 GB   30 MB/s   6m56s[K[?25h[?2026l[?2026h[?25l[A[1Gpulling manifest [K
pulling e7b273f96360:   9% ▕█                 ▏ 1.2 GB/ 13 GB   30 MB/s   6m56s[K[?25h[?2026l[?2026h[?25l[A[1Gpulling manifest [K
pulling e7b273f96360:   9% ▕█                 ▏ 1.2 GB/ 13 GB   30 MB/s   6m56s[K[?25h[?2026l[?2026h[?25l[A[1Gpulling manifest [K
pulling e7b273f96360:   9% ▕█                 ▏ 1.2 GB/ 13 GB   30 MB/s   6m56s[K[?25h[?2026l[?2026h[?25l[A[1Gpulling manifest [K
pulling e7b273f96360:   9% ▕█                 ▏ 1.2 GB/ 13 GB   30 MB/s   6m46s[K[?25h[?2026l[?2026h[?25l[A[1Gpulling manifest [K
pulling e7b273f96360:   9% ▕█                 ▏ 1.2 GB/ 13 GB   30 MB/s   6m46s[K[?25h[?2026l[?2026h[?25l[A[1Gpulling manifest [K
pulling e7b273f96360:   9% ▕█                 ▏ 1.2 GB/ 13 GB   30 MB/s   6m46s[K[?25h[?2026l[?2026h[?25l[A[1Gpulling manifest [K
pulling e7b273f96360:   9% ▕█                 ▏ 1.2 GB/ 13 GB   30 MB/s   6m46s[K[?25h[?2026l[?2026h[?25l[A[1Gpulling manifest [K
pulling e7b273f96360:   9% ▕█                 ▏ 1.2 GB/ 13 GB   30 MB/s   6m46s[K[?25h[?2026l[?2026h[?25l[A[1Gpulling manifest [K
pulling e7b273f96360:   9% ▕█                 ▏ 1.2 GB/ 13 GB   30 MB/s   6m46s[K[?25h[?2026l[?2026h[?25l[A[1Gpulling manifest [K
pulling e7b273f96360:   9% ▕█                 ▏ 1.2 GB/ 13 GB   30 MB/s   6m46s[K[?25h[?2026l[?2026h[?25l[A[1Gpulling manifest [K
pulling e7b273f96360:   9% ▕█                 ▏ 1.2 GB/ 13 GB   30 MB/s   6m45s[K[?25h[?2026l[?2026h[?25l[A[1Gpulling manifest [K
pulling e7b273f96360:   9% ▕█                 ▏ 1.2 GB/ 13 GB   30 MB/s   6m45s[K[?25h[?2026l[?2026h[?25l[A[1Gpulling manifest [K
pulling e7b273f96360:   9% ▕█                 ▏ 1.2 GB/ 13 GB   30 MB/s   6m45s[K[?25h[?2026l[?2026h[?25l[A[1Gpulling manifest [K
pulling e7b273f96360:   9% ▕█                 ▏ 1.2 GB/ 13 GB   31 MB/s   6m41s[K[?25h[?2026l[?2026h[?25l[A[1Gpulling manifest [K
pulling e7b273f96360:   9% ▕█                 ▏ 1.2 GB/ 13 GB   31 MB/s   6m41s[K[?25h[?2026l[?2026h[?25l[A[1Gpulling manifest [K
pulling e7b273f96360:   9% ▕█                 ▏ 1.2 GB/ 13 GB   31 MB/s   6m41s[K[?25h[?2026l[?2026h[?25l[A[1Gpulling manifest [K
pulling e7b273f96360:   9% ▕█                 ▏ 1.2 GB/ 13 GB   31 MB/s   6m41s[K[?25h[?2026l[?2026h[?25l[A[1Gpulling manifest [K
pulling e7b273f96360:   9% ▕█                 ▏ 1.3 GB/ 13 GB   31 MB/s   6m41s[K[?25h[?2026l[?2026h[?25l[A[1Gpulling manifest [K
pulling e7b273f96360:   9% ▕█                 ▏ 1.3 GB/ 13 GB   31 MB/s   6m41s[K[?25h[?2026l[?2026h[?25l[A[1Gpulling manifest [K
pulling e7b273f96360:   9% ▕█                 ▏ 1.3 GB/ 13 GB   31 MB/s   6m40s[K[?25h[?2026l[?2026h[?25l[A[1Gpulling manifest [K
pulling e7b273f96360:   9% ▕█                 ▏ 1.3 GB/ 13 GB   31 MB/s   6m40s[K[?25h[?2026l[?2026h[?25l[A[1Gpulling manifest [K
pulling e7b273f96360:   9% ▕█                 ▏ 1.3 GB/ 13 GB   31 MB/s   6m40s[K[?25h[?2026l[?2026h[?25l[A[1Gpulling manifest [K
pulling e7b273f96360:   9% ▕█                 ▏ 1.3 GB/ 13 GB   31 MB/s   6m40s[K[?25h[?2026l[?2026h[?25l[A[1Gpulling manifest [K
pulling e7b273f96360:   9% ▕█                 ▏ 1.3 GB/ 13 GB   31 MB/s   6m42s[K[?25h[?2026l[?2026h[?25l[A[1Gpulling manifest [K
pulling e7b273f96360:   9% ▕█                 ▏ 1.3 GB/ 13 GB   31 MB/s   6m42s[K[?25h[?2026l[?2026h[?25l[A[1Gpulling manifest [K
pulling e7b273f96360:   9% ▕█                 ▏ 1.3 GB/ 13 GB   31 MB/s   6m42s[K[?25h[?2026l[?2026h[?25l[A[1Gpulling manifest [K
pulling e7b273f96360:   9% ▕█                 ▏ 1.3 GB/ 13 GB   31 MB/s   6m42s[K[?25h[?2026l[?2026h[?25l[A[1Gpulling manifest [K
pulling e7b273f96360:   9% ▕█                 ▏ 1.3 GB/ 13 GB   31 MB/s   6m42s[K[?25h[?2026l[?2026h[?25l[A[1Gpulling manifest [K
pulling e7b273f96360:   9% ▕█                 ▏ 1.3 GB/ 13 GB   31 MB/s   6m42s[K[?25h[?2026l[?2026h[?25l[A[1Gpulling manifest [K
pulling e7b273f96360:   9% ▕█                 ▏ 1.3 GB/ 13 GB   31 MB/s   6m42s[K[?25h[?2026l[?2026h[?25l[A[1Gpulling manifest [K
pulling e7b273f96360:   9% ▕█                 ▏ 1.3 GB/ 13 GB   31 MB/s   6m42s[K[?25h[?2026l[?2026h[?25l[A[1Gpulling manifest [K
pulling e7b273f96360:   9% ▕█                 ▏ 1.3 GB/ 13 GB   31 MB/s   6m41s[K[?25h[?2026l[?2026h[?25l[A[1Gpulling manifest [K
pulling e7b273f96360:   9% ▕█                 ▏ 1.3 GB/ 13 GB   31 MB/s   6m41s[K[?25h[?2026l[?2026h[?25l[A[1Gpulling manifest [K
pulling e7b273f96360:   9% ▕█                 ▏ 1.3 GB/ 13 GB   31 MB/s   6m41s[K[?25h[?2026l[?2026h[?25l[A[1Gpulling manifest [K
pulling e7b273f96360:   9% ▕█                 ▏ 1.3 GB/ 13 GB   31 MB/s   6m41s[K[?25h[?2026l[?2026h[?25l[A[1Gpulling manifest [K
pulling e7b273f96360:   9% ▕█                 ▏ 1.3 GB/ 13 GB   31 MB/s   6m41s[K[?25h[?2026l[?2026h[?25l[A[1Gpulling manifest [K
pulling e7b273f96360:   9% ▕█                 ▏ 1.3 GB/ 13 GB   31 MB/s   6m41s[K[?25h[?2026l[?2026h[?25l[A[1Gpulling manifest [K
pulling e7b273f96360:  10% ▕█                 ▏ 1.3 GB/ 13 GB   31 MB/s   6m41s[K[?25h[?2026l[?2026h[?25l[A[1Gpulling manifest [K
pulling e7b273f96360:  10% ▕█                 ▏ 1.3 GB/ 13 GB   31 MB/s   6m41s[K[?25h[?2026l[?2026h[?25l[A[1Gpulling manifest [K
pulling e7b273f96360:  10% ▕█                 ▏ 1.3 GB/ 13 GB   31 MB/s   6m41s[K[?25h[?2026l[?2026h[?25l[A[1Gpulling manifest [K
pulling e7b273f96360:  10% ▕█                 ▏ 1.3 GB/ 13 GB   31 MB/s   6m40s[K[?25h[?2026l[?2026h[?25l[A[1Gpulling manifest [K
pulling e7b273f96360:  10% ▕█                 ▏ 1.3 GB/ 13 GB   31 MB/s   6m40s[K[?25h[?2026l[?2026h[?25l[A[1Gpulling manifest [K
pulling e7b273f96360:  10% ▕█                 ▏ 1.3 GB/ 13 GB   31 MB/s   6m40s[K[?25h[?2026l[?2026h[?25l[A[1Gpulling manifest [K
pulling e7b273f96360:  10% ▕█                 ▏ 1.3 GB/ 13 GB   31 MB/s   6m40s[K[?25h[?2026l[?2026h[?25l[A[1Gpulling manifest [K
pulling e7b273f96360:  10% ▕█                 ▏ 1.3 GB/ 13 GB   31 MB/s   6m37s[K[?25h[?2026l[?2026h[?25l[A[1Gpulling manifest [K
pulling e7b273f96360:  10% ▕█                 ▏ 1.3 GB/ 13 GB   31 MB/s   6m37s[K[?25h[?2026l[?2026h[?25l[A[1Gpulling manifest [K
pulling e7b273f96360:  10% ▕█                 ▏ 1.3 GB/ 13 GB   31 MB/s   6m37s[K[?25h[?2026l[?2026h[?25l[A[1Gpulling manifest [K
pulling e7b273f96360:  10% ▕█                 ▏ 1.3 GB/ 13 GB   31 MB/s   6m37s[K[?25h[?2026l[?2026h[?25l[A[1Gpulling manifest [K
pulling e7b273f96360:  10% ▕█                 ▏ 1.3 GB/ 13 GB   31 MB/s   6m37s[K[?25h[?2026l[?2026h[?25l[A[1Gpulling manifest [K
pulling e7b273f96360:  10% ▕█                 ▏ 1.3 GB/ 13 GB   31 MB/s   6m37s[K[?25h[?2026l[?2026h[?25l[A[1Gpulling manifest [K
pulling e7b273f96360:  10% ▕█                 ▏ 1.3 GB/ 13 GB   31 MB/s   6m36s[K[?25h[?2026l[?2026h[?25l[A[1Gpulling manifest [K
pulling e7b273f96360:  10% ▕█                 ▏ 1.4 GB/ 13 GB   31 MB/s   6m36s[K[?25h[?2026l[?2026h[?25l[A[1Gpulling manifest [K
pulling e7b273f96360:  10% ▕█                 ▏ 1.4 GB/ 13 GB   31 MB/s   6m36s[K[?25h[?2026l[?2026h[?25l[A[1Gpulling manifest [K
pulling e7b273f96360:  10% ▕█                 ▏ 1.4 GB/ 13 GB   31 MB/s   6m36s[K[?25h[?2026l[?2026h[?25l[A[1Gpulling manifest [K
pulling e7b273f96360:  10% ▕█                 ▏ 1.4 GB/ 13 GB   31 MB/s   6m37s[K[?25h[?2026l[?2026h[?25l[A[1Gpulling manifest [K
pulling e7b273f96360:  10% ▕█                 ▏ 1.4 GB/ 13 GB   31 MB/s   6m37s[K[?25h[?2026l[?2026h[?25l[A[1Gpulling manifest [K
pulling e7b273f96360:  10% ▕█                 ▏ 1.4 GB/ 13 GB   31 MB/s   6m37s[K[?25h[?2026l[?2026h[?25l[A[1Gpulling manifest [K
pulling e7b273f96360:  10% ▕█                 ▏ 1.4 GB/ 13 GB   31 MB/s   6m36s[K[?25h[?2026l[?2026h[?25l[A[1Gpulling manifest [K
pulling e7b273f96360:  10% ▕█                 ▏ 1.4 GB/ 13 GB   31 MB/s   6m36s[K[?25h[?2026l[?2026h[?25l[A[1Gpulling manifest [K
pulling e7b273f96360:  10% ▕█                 ▏ 1.4 GB/ 13 GB   31 MB/s   6m36s[K[?25h[?2026l[?2026h[?25l[A[1Gpulling manifest [K
pulling e7b273f96360:  10% ▕█                 ▏ 1.4 GB/ 13 GB   31 MB/s   6m36s[K[?25h[?2026l[?2026h[?25l[A[1Gpulling manifest [K
pulling e7b273f96360:  10% ▕█                 ▏ 1.4 GB/ 13 GB   31 MB/s   6m36s[K[?25h[?2026l[?2026h[?25l[A[1Gpulling manifest [K
pulling e7b273f96360:  10% ▕█                 ▏ 1.4 GB/ 13 GB   31 MB/s   6m36s[K[?25h[?2026l[?2026h[?25l[A[1Gpulling manifest [K
pulling e7b273f96360:  10% ▕█                 ▏ 1.4 GB/ 13 GB   31 MB/s   6m36s[K[?25h[?2026l[?2026h[?25l[A[1Gpulling manifest [K
pulling e7b273f96360:  10% ▕█                 ▏ 1.4 GB/ 13 GB   31 MB/s   6m33s[K[?25h[?2026l[?2026h[?25l[A[1Gpulling manifest [K
pulling e7b273f96360:  10% ▕█                 ▏ 1.4 GB/ 13 GB   31 MB/s   6m33s[K[?25h[?2026l[?2026h[?25l[A[1Gpulling manifest [K
pulling e7b273f96360:  10% ▕█                 ▏ 1.4 GB/ 13 GB   31 MB/s   6m33s[K[?25h[?2026l[?2026h[?25l[A[1Gpulling manifest [K
pulling e7b273f96360:  10% ▕█                 ▏ 1.4 GB/ 13 GB   31 MB/s   6m33s[K[?25h[?2026l[?2026h[?25l[A[1Gpulling manifest [K
pulling e7b273f96360:  10% ▕█                 ▏ 1.4 GB/ 13 GB   31 MB/s   6m33s[K[?25h[?2026l[?2026h[?25l[A[1Gpulling manifest [K
pulling e7b273f96360:  10% ▕█                 ▏ 1.4 GB/ 13 GB   31 MB/s   6m33s[K[?25h[?2026l[?2026h[?25l[A[1Gpulling manifest [K
pulling e7b273f96360:  10% ▕█                 ▏ 1.4 GB/ 13 GB   31 MB/s   6m33s[K[?25h[?2026l[?2026h[?25l[A[1Gpulling manifest [K
pulling e7b273f96360:  10% ▕█                 ▏ 1.4 GB/ 13 GB   31 MB/s   6m33s[K[?25h[?2026l[?2026h[?25l[A[1Gpulling manifest [K
pulling e7b273f96360:  10% ▕█                 ▏ 1.4 GB/ 13 GB   31 MB/s   6m33s[K[?25h[?2026l[?2026h[?25l[A[1Gpulling manifest [K
pulling e7b273f96360:  10% ▕█                 ▏ 1.4 GB/ 13 GB   31 MB/s   6m33s[K[?25h[?2026l[?2026h[?25l[A[1Gpulling manifest [K
pulling e7b273f96360:  10% ▕█                 ▏ 1.4 GB/ 13 GB   31 MB/s   6m35s[K[?25h[?2026l[?2026h[?25l[A[1Gpulling manifest [K
pulling e7b273f96360:  10% ▕█                 ▏ 1.4 GB/ 13 GB   31 MB/s   6m35s[K[?25h[?2026l[?2026h[?25l[A[1Gpulling manifest [K
pulling e7b273f96360:  10% ▕█                 ▏ 1.4 GB/ 13 GB   31 MB/s   6m35s[K[?25h[?2026l[?2026h[?25l[A[1Gpulling manifest [K
pulling e7b273f96360:  10% ▕█                 ▏ 1.4 GB/ 13 GB   31 MB/s   6m35s[K[?25h[?2026l[?2026h[?25l[A[1Gpulling manifest [K
pulling e7b273f96360:  10% ▕█                 ▏ 1.4 GB/ 13 GB   31 MB/s   6m35s[K[?25h[?2026l[?2026h[?25l[A[1Gpulling manifest [K
pulling e7b273f96360:  10% ▕█                 ▏ 1.4 GB/ 13 GB   31 MB/s   6m35s[K[?25h[?2026l[?2026h[?25l[A[1Gpulling manifest [K
pulling e7b273f96360:  10% ▕█                 ▏ 1.4 GB/ 13 GB   31 MB/s   6m35s[K[?25h[?2026l[?2026h[?25l[A[1Gpulling manifest [K
pulling e7b273f96360:  10% ▕█                 ▏ 1.4 GB/ 13 GB   31 MB/s   6m34s[K[?25h[?2026l[?2026h[?25l[A[1Gpulling manifest [K
pulling e7b273f96360:  10% ▕█                 ▏ 1.4 GB/ 13 GB   31 MB/s   6m34s[K[?25h[?2026l[?2026h[?25l[A[1Gpulling manifest [K
pulling e7b273f96360:  11% ▕█                 ▏ 1.5 GB/ 13 GB   31 MB/s   6m34s[K[?25h[?2026l[?2026h[?25l[A[1Gpulling manifest [K
pulling e7b273f96360:  11% ▕█                 ▏ 1.5 GB/ 13 GB   31 MB/s   6m34s[K[?25h[?2026l[?2026h[?25l[A[1Gpulling manifest [K
pulling e7b273f96360:  11% ▕█                 ▏ 1.5 GB/ 13 GB   31 MB/s   6m32s[K[?25h[?2026l[?2026h[?25l[A[1Gpulling manifest [K
pulling e7b273f96360:  11% ▕█                 ▏ 1.5 GB/ 13 GB   31 MB/s   6m32s[K[?25h[?2026l[?2026h[?25l[A[1Gpulling manifest [K
pulling e7b273f96360:  11% ▕█                 ▏ 1.5 GB/ 13 GB   31 MB/s   6m31s[K[?25h[?2026l[?2026h[?25l[A[1Gpulling manifest [K
pulling e7b273f96360:  11% ▕█                 ▏ 1.5 GB/ 13 GB   31 MB/s   6m31s[K[?25h[?2026l[?2026h[?25l[A[1Gpulling manifest [K
pulling e7b273f96360:  11% ▕█                 ▏ 1.5 GB/ 13 GB   31 MB/s   6m31s[K[?25h[?2026l[?2026h[?25l[A[1Gpulling manifest [K
pulling e7b273f96360:  11% ▕█                 ▏ 1.5 GB/ 13 GB   31 MB/s   6m31s[K[?25h[?2026l[?2026h[?25l[A[1Gpulling manifest [K
pulling e7b273f96360:  11% ▕█                 ▏ 1.5 GB/ 13 GB   31 MB/s   6m31s[K[?25h[?2026l[?2026h[?25l[A[1Gpulling manifest [K
pulling e7b273f96360:  11% ▕█                 ▏ 1.5 GB/ 13 GB   31 MB/s   6m31s[K[?25h[?2026l[?2026h[?25l[A[1Gpulling manifest [K
pulling e7b273f96360:  11% ▕█                 ▏ 1.5 GB/ 13 GB   31 MB/s   6m31s[K[?25h[?2026l[?2026h[?25l[A[1Gpulling manifest [K
pulling e7b273f96360:  11% ▕█                 ▏ 1.5 GB/ 13 GB   31 MB/s   6m31s[K[?25h[?2026l[?2026h[?25l[A[1Gpulling manifest [K
pulling e7b273f96360:  11% ▕█                 ▏ 1.5 GB/ 13 GB   30 MB/s   6m38s[K[?25h[?2026l[?2026h[?25l[A[1Gpulling manifest [K
pulling e7b273f96360:  11% ▕█                 ▏ 1.5 GB/ 13 GB   30 MB/s   6m38s[K[?25h[?2026l[?2026h[?25l[A[1Gpulling manifest [K
pulling e7b273f96360:  11% ▕█                 ▏ 1.5 GB/ 13 GB   30 MB/s   6m38s[K[?25h[?2026l[?2026h[?25l[A[1Gpulling manifest [K
pulling e7b273f96360:  11% ▕█                 ▏ 1.5 GB/ 13 GB   30 MB/s   6m38s[K[?25h[?2026l[?2026h[?25l[A[1Gpulling manifest [K
pulling e7b273f96360:  11% ▕█                 ▏ 1.5 GB/ 13 GB   30 MB/s   6m38s[K[?25h[?2026l[?2026h[?25l[A[1Gpulling manifest [K
pulling e7b273f96360:  11% ▕█                 ▏ 1.5 GB/ 13 GB   30 MB/s   6m38s[K[?25h[?2026l[?2026h[?25l[A[1Gpulling manifest [K
pulling e7b273f96360:  11% ▕█                 ▏ 1.5 GB/ 13 GB   30 MB/s   6m38s[K[?25h[?2026l[?2026h[?25l[A[1Gpulling manifest [K
pulling e7b273f96360:  11% ▕█                 ▏ 1.5 GB/ 13 GB   30 MB/s   6m38s[K[?25h[?2026l[?2026h[?25l[A[1Gpulling manifest [K
pulling e7b273f96360:  11% ▕█                 ▏ 1.5 GB/ 13 GB   30 MB/s   6m37s[K[?25h[?2026l[?2026h[?25l[A[1Gpulling manifest [K
pulling e7b273f96360:  11% ▕█                 ▏ 1.5 GB/ 13 GB   30 MB/s   6m37s[K[?25h[?2026l[?2026h[?25l[A[1Gpulling manifest [K
pulling e7b273f96360:  11% ▕█                 ▏ 1.5 GB/ 13 GB   31 MB/s   6m35s[K[?25h[?2026l[?2026h[?25l[A[1Gpulling manifest [K
pulling e7b273f96360:  11% ▕█                 ▏ 1.5 GB/ 13 GB   31 MB/s   6m34s[K[?25h[?2026l[?2026h[?25l[A[1Gpulling manifest [K
pulling e7b273f96360:  11% ▕█                 ▏ 1.5 GB/ 13 GB   31 MB/s   6m34s[K[?25h[?2026l[?2026h[?25l[A[1Gpulling manifest [K
pulling e7b273f96360:  11% ▕█                 ▏ 1.5 GB/ 13 GB   31 MB/s   6m34s[K[?25h[?2026l[?2026h[?25l[A[1Gpulling manifest [K
pulling e7b273f96360:  11% ▕██                ▏ 1.5 GB/ 13 GB   31 MB/s   6m34s[K[?25h[?2026l[?2026h[?25l[A[1Gpulling manifest [K
pulling e7b273f96360:  11% ▕██                ▏ 1.5 GB/ 13 GB   31 MB/s   6m34s[K[?25h[?2026l[?2026h[?25l[A[1Gpulling manifest [K
pulling e7b273f96360:  11% ▕██                ▏ 1.5 GB/ 13 GB   31 MB/s   6m34s[K[?25h[?2026l[?2026h[?25l[A[1Gpulling manifest [K
pulling e7b273f96360:  11% ▕██                ▏ 1.5 GB/ 13 GB   31 MB/s   6m34s[K[?25h[?2026l[?2026h[?25l[A[1Gpulling manifest [K
pulling e7b273f96360:  11% ▕██                ▏ 1.5 GB/ 13 GB   31 MB/s   6m34s[K[?25h[?2026l[?2026h[?25l[A[1Gpulling manifest [K
pulling e7b273f96360:  11% ▕██                ▏ 1.5 GB/ 13 GB   31 MB/s   6m34s[K[?25h[?2026l[?2026h[?25l[A[1Gpulling manifest [K
pulling e7b273f96360:  11% ▕██                ▏ 1.6 GB/ 13 GB   31 MB/s   6m26s[K[?25h[?2026l[?2026h[?25l[A[1Gpulling manifest [K
pulling e7b273f96360:  11% ▕██                ▏ 1.6 GB/ 13 GB   31 MB/s   6m26s[K[?25h[?2026l[?2026h[?25l[A[1Gpulling manifest [K
pulling e7b273f96360:  11% ▕██                ▏ 1.6 GB/ 13 GB   31 MB/s   6m26s[K[?25h[?2026l[?2026h[?25l[A[1Gpulling manifest [K
pulling e7b273f96360:  11% ▕██                ▏ 1.6 GB/ 13 GB   31 MB/s   6m26s[K[?25h[?2026l[?2026h[?25l[A[1Gpulling manifest [K
pulling e7b273f96360:  11% ▕██                ▏ 1.6 GB/ 13 GB   31 MB/s   6m26s[K[?25h[?2026l[?2026h[?25l[A[1Gpulling manifest [K
pulling e7b273f96360:  11% ▕██                ▏ 1.6 GB/ 13 GB   31 MB/s   6m26s[K[?25h[?2026l[?2026h[?25l[A[1Gpulling manifest [K
pulling e7b273f96360:  11% ▕██                ▏ 1.6 GB/ 13 GB   31 MB/s   6m25s[K[?25h[?2026l[?2026h[?25l[A[1Gpulling manifest [K
pulling e7b273f96360:  11% ▕██                ▏ 1.6 GB/ 13 GB   31 MB/s   6m25s[K[?25h[?2026l[?2026h[?25l[A[1Gpulling manifest [K
pulling e7b273f96360:  11% ▕██                ▏ 1.6 GB/ 13 GB   31 MB/s   6m25s[K[?25h[?2026l[?2026h[?25l[A[1Gpulling manifest [K
pulling e7b273f96360:  11% ▕██                ▏ 1.6 GB/ 13 GB   31 MB/s   6m25s[K[?25h[?2026l[?2026h[?25l[A[1Gpulling manifest [K
pulling e7b273f96360:  11% ▕██                ▏ 1.6 GB/ 13 GB   31 MB/s   6m30s[K[?25h[?2026l[?2026h[?25l[A[1Gpulling manifest [K
pulling e7b273f96360:  11% ▕██                ▏ 1.6 GB/ 13 GB   31 MB/s   6m30s[K[?25h[?2026l[?2026h[?25l[A[1Gpulling manifest [K
pulling e7b273f96360:  12% ▕██                ▏ 1.6 GB/ 13 GB   31 MB/s   6m30s[K[?25h[?2026l[?2026h[?25l[A[1Gpulling manifest [K
pulling e7b273f96360:  12% ▕██                ▏ 1.6 GB/ 13 GB   31 MB/s   6m30s[K[?25h[?2026l[?2026h[?25l[A[1Gpulling manifest [K
pulling e7b273f96360:  12% ▕██                ▏ 1.6 GB/ 13 GB   31 MB/s   6m29s[K[?25h[?2026l[?2026h[?25l[A[1Gpulling manifest [K
pulling e7b273f96360:  12% ▕██                ▏ 1.6 GB/ 13 GB   31 MB/s   6m29s[K[?25h[?2026l[?2026h[?25l[A[1Gpulling manifest [K
pulling e7b273f96360:  12% ▕██                ▏ 1.6 GB/ 13 GB   31 MB/s   6m29s[K[?25h[?2026l[?2026h[?25l[A[1Gpulling manifest [K
pulling e7b273f96360:  12% ▕██                ▏ 1.6 GB/ 13 GB   31 MB/s   6m29s[K[?25h[?2026l[?2026h[?25l[A[1Gpulling manifest [K
pulling e7b273f96360:  12% ▕██                ▏ 1.6 GB/ 13 GB   31 MB/s   6m29s[K[?25h[?2026l[?2026h[?25l[A[1Gpulling manifest [K
pulling e7b273f96360:  12% ▕██                ▏ 1.6 GB/ 13 GB   31 MB/s   6m29s[K[?25h[?2026l[?2026h[?25l[A[1Gpulling manifest [K
pulling e7b273f96360:  12% ▕██                ▏ 1.6 GB/ 13 GB   31 MB/s   6m29s[K[?25h[?2026l[?2026h[?25l[A[1Gpulling manifest [K
pulling e7b273f96360:  12% ▕██                ▏ 1.6 GB/ 13 GB   30 MB/s   6m33s[K[?25h[?2026l[?2026h[?25l[A[1Gpulling manifest [K
pulling e7b273f96360:  12% ▕██                ▏ 1.6 GB/ 13 GB   30 MB/s   6m33s[K[?25h[?2026l[?2026h[?25l[A[1Gpulling manifest [K
pulling e7b273f96360:  12% ▕██                ▏ 1.6 GB/ 13 GB   30 MB/s   6m33s[K[?25h[?2026l[?2026h[?25l[A[1Gpulling manifest [K
pulling e7b273f96360:  12% ▕██                ▏ 1.6 GB/ 13 GB   30 MB/s   6m33s[K[?25h[?2026l[?2026h[?25l[A[1Gpulling manifest [K
pulling e7b273f96360:  12% ▕██                ▏ 1.6 GB/ 13 GB   30 MB/s   6m32s[K[?25h[?2026l[?2026h[?25l[A[1Gpulling manifest [K
pulling e7b273f96360:  12% ▕██                ▏ 1.6 GB/ 13 GB   30 MB/s   6m32s[K[?25h[?2026l[?2026h[?25l[A[1Gpulling manifest [K
pulling e7b273f96360:  12% ▕██                ▏ 1.6 GB/ 13 GB   30 MB/s   6m32s[K[?25h[?2026l[?2026h[?25l[A[1Gpulling manifest [K
pulling e7b273f96360:  12% ▕██                ▏ 1.6 GB/ 13 GB   30 MB/s   6m32s[K[?25h[?2026l[?2026h[?25l[A[1Gpulling manifest [K
pulling e7b273f96360:  12% ▕██                ▏ 1.6 GB/ 13 GB   30 MB/s   6m32s[K[?25h[?2026l[?2026h[?25l[A[1Gpulling manifest [K
pulling e7b273f96360:  12% ▕██                ▏ 1.6 GB/ 13 GB   30 MB/s   6m32s[K[?25h[?2026l[?2026h[?25l[A[1Gpulling manifest [K
pulling e7b273f96360:  12% ▕██                ▏ 1.6 GB/ 13 GB   31 MB/s   6m21s[K[?25h[?2026l[?2026h[?25l[A[1Gpulling manifest [K
pulling e7b273f96360:  12% ▕██                ▏ 1.7 GB/ 13 GB   31 MB/s   6m21s[K[?25h[?2026l[?2026h[?25l[A[1Gpulling manifest [K
pulling e7b273f96360:  12% ▕██                ▏ 1.7 GB/ 13 GB   31 MB/s   6m21s[K[?25h[?2026l[?2026h[?25l[A[1Gpulling manifest [K
pulling e7b273f96360:  12% ▕██                ▏ 1.7 GB/ 13 GB   31 MB/s   6m21s[K[?25h[?2026l[?2026h[?25l[A[1Gpulling manifest [K
pulling e7b273f96360:  12% ▕██                ▏ 1.7 GB/ 13 GB   31 MB/s   6m21s[K[?25h[?2026l[?2026h[?25l[A[1Gpulling manifest [K
pulling e7b273f96360:  12% ▕██                ▏ 1.7 GB/ 13 GB   31 MB/s   6m20s[K[?25h[?2026l[?2026h[?25l[A[1Gpulling manifest [K
pulling e7b273f96360:  12% ▕██                ▏ 1.7 GB/ 13 GB   31 MB/s   6m20s[K[?25h[?2026l[?2026h[?25l[A[1Gpulling manifest [K
pulling e7b273f96360:  12% ▕██                ▏ 1.7 GB/ 13 GB   31 MB/s   6m20s[K[?25h[?2026l[?2026h[?25l[A[1Gpulling manifest [K
pulling e7b273f96360:  12% ▕██                ▏ 1.7 GB/ 13 GB   31 MB/s   6m20s[K[?25h[?2026l[?2026h[?25l[A[1Gpulling manifest [K
pulling e7b273f96360:  12% ▕██                ▏ 1.7 GB/ 13 GB   31 MB/s   6m20s[K[?25h[?2026l[?2026h[?25l[A[1Gpulling manifest [K
pulling e7b273f96360:  12% ▕██                ▏ 1.7 GB/ 13 GB   31 MB/s   6m22s[K[?25h[?2026l[?2026h[?25l[A[1Gpulling manifest [K
pulling e7b273f96360:  12% ▕██                ▏ 1.7 GB/ 13 GB   31 MB/s   6m22s[K[?25h[?2026l[?2026h[?25l[A[1Gpulling manifest [K
pulling e7b273f96360:  12% ▕██                ▏ 1.7 GB/ 13 GB   31 MB/s   6m21s[K[?25h[?2026l[?2026h[?25l[A[1Gpulling manifest [K
pulling e7b273f96360:  12% ▕██                ▏ 1.7 GB/ 13 GB   31 MB/s   6m21s[K[?25h[?2026l[?2026h[?25l[A[1Gpulling manifest [K
pulling e7b273f96360:  12% ▕██                ▏ 1.7 GB/ 13 GB   31 MB/s   6m21s[K[?25h[?2026l[?2026h[?25l[A[1Gpulling manifest [K
pulling e7b273f96360:  12% ▕██                ▏ 1.7 GB/ 13 GB   31 MB/s   6m21s[K[?25h[?2026l[?2026h[?25l[A[1Gpulling manifest [K
pulling e7b273f96360:  12% ▕██                ▏ 1.7 GB/ 13 GB   31 MB/s   6m21s[K[?25h[?2026l[?2026h[?25l[A[1Gpulling manifest [K
pulling e7b273f96360:  12% ▕██                ▏ 1.7 GB/ 13 GB   31 MB/s   6m21s[K[?25h[?2026l[?2026h[?25l[A[1Gpulling manifest [K
pulling e7b273f96360:  12% ▕██                ▏ 1.7 GB/ 13 GB   31 MB/s   6m21s[K[?25h[?2026l[?2026h[?25l[A[1Gpulling manifest [K
pulling e7b273f96360:  12% ▕██                ▏ 1.7 GB/ 13 GB   31 MB/s   6m21s[K[?25h[?2026l[?2026h[?25l[A[1Gpulling manifest [K
pulling e7b273f96360:  12% ▕██                ▏ 1.7 GB/ 13 GB   31 MB/s   6m18s[K[?25h[?2026l[?2026h[?25l[A[1Gpulling manifest [K
pulling e7b273f96360:  12% ▕██                ▏ 1.7 GB/ 13 GB   31 MB/s   6m18s[K[?25h[?2026l[?2026h[?25l[A[1Gpulling manifest [K
pulling e7b273f96360:  12% ▕██                ▏ 1.7 GB/ 13 GB   31 MB/s   6m18s[K[?25h[?2026l[?2026h[?25l[A[1Gpulling manifest [K
pulling e7b273f96360:  12% ▕██                ▏ 1.7 GB/ 13 GB   31 MB/s   6m18s[K[?25h[?2026l[?2026h[?25l[A[1Gpulling manifest [K
pulling e7b273f96360:  12% ▕██                ▏ 1.7 GB/ 13 GB   31 MB/s   6m18s[K[?25h[?2026l[?2026h[?25l[A[1Gpulling manifest [K
pulling e7b273f96360:  12% ▕██                ▏ 1.7 GB/ 13 GB   31 MB/s   6m18s[K[?25h[?2026l[?2026h[?25l[A[1Gpulling manifest [K
pulling e7b273f96360:  13% ▕██                ▏ 1.7 GB/ 13 GB   31 MB/s   6m18s[K[?25h[?2026l[?2026h[?25l[A[1Gpulling manifest [K
pulling e7b273f96360:  13% ▕██                ▏ 1.7 GB/ 13 GB   31 MB/s   6m18s[K[?25h[?2026l[?2026h[?25l[A[1Gpulling manifest [K
pulling e7b273f96360:  13% ▕██                ▏ 1.7 GB/ 13 GB   31 MB/s   6m17s[K[?25h[?2026l[?2026h[?25l[A[1Gpulling manifest [K
pulling e7b273f96360:  13% ▕██                ▏ 1.7 GB/ 13 GB   31 MB/s   6m17s[K[?25h[?2026l[?2026h[?25l[A[1Gpulling manifest [K
pulling e7b273f96360:  13% ▕██                ▏ 1.7 GB/ 13 GB   31 MB/s   6m26s[K[?25h[?2026l[?2026h[?25l[A[1Gpulling manifest [K
pulling e7b273f96360:  13% ▕██                ▏ 1.7 GB/ 13 GB   31 MB/s   6m26s[K[?25h[?2026l[?2026h[?25l[A[1Gpulling manifest [K
pulling e7b273f96360:  13% ▕██                ▏ 1.7 GB/ 13 GB   31 MB/s   6m26s[K[?25h[?2026l[?2026h[?25l[A[1Gpulling manifest [K
pulling e7b273f96360:  13% ▕██                ▏ 1.7 GB/ 13 GB   31 MB/s   6m26s[K[?25h[?2026l[?2026h[?25l[A[1Gpulling manifest [K
pulling e7b273f96360:  13% ▕██                ▏ 1.7 GB/ 13 GB   31 MB/s   6m25s[K[?25h[?2026l[?2026h[?25l[A[1Gpulling manifest [K
pulling e7b273f96360:  13% ▕██                ▏ 1.8 GB/ 13 GB   31 MB/s   6m25s[K[?25h[?2026l[?2026h[?25l[A[1Gpulling manifest [K
pulling e7b273f96360:  13% ▕██                ▏ 1.8 GB/ 13 GB   31 MB/s   6m25s[K[?25h[?2026l[?2026h[?25l[A[1Gpulling manifest [K
pulling e7b273f96360:  13% ▕██                ▏ 1.8 GB/ 13 GB   31 MB/s   6m25s[K[?25h[?2026l[?2026h[?25l[A[1Gpulling manifest [K
pulling e7b273f96360:  13% ▕██                ▏ 1.8 GB/ 13 GB   31 MB/s   6m25s[K[?25h[?2026l[?2026h[?25l[A[1Gpulling manifest [K
pulling e7b273f96360:  13% ▕██                ▏ 1.8 GB/ 13 GB   31 MB/s   6m25s[K[?25h[?2026l[?2026h[?25l[A[1Gpulling manifest [K
pulling e7b273f96360:  13% ▕██                ▏ 1.8 GB/ 13 GB   31 MB/s   6m25s[K[?25h[?2026l[?2026h[?25l[A[1Gpulling manifest [K
pulling e7b273f96360:  13% ▕██                ▏ 1.8 GB/ 13 GB   31 MB/s   6m22s[K[?25h[?2026l[?2026h[?25l[A[1Gpulling manifest [K
pulling e7b273f96360:  13% ▕██                ▏ 1.8 GB/ 13 GB   31 MB/s   6m22s[K[?25h[?2026l[?2026h[?25l[A[1Gpulling manifest [K
pulling e7b273f96360:  13% ▕██                ▏ 1.8 GB/ 13 GB   31 MB/s   6m22s[K[?25h[?2026l[?2026h[?25l[A[1Gpulling manifest [K
pulling e7b273f96360:  13% ▕██                ▏ 1.8 GB/ 13 GB   31 MB/s   6m22s[K[?25h[?2026l[?2026h[?25l[A[1Gpulling manifest [K
pulling e7b273f96360:  13% ▕██                ▏ 1.8 GB/ 13 GB   31 MB/s   6m22s[K[?25h[?2026l[?2026h[?25l[A[1Gpulling manifest [K
pulling e7b273f96360:  13% ▕██                ▏ 1.8 GB/ 13 GB   31 MB/s   6m22s[K[?25h[?2026l[?2026h[?25l[A[1Gpulling manifest [K
pulling e7b273f96360:  13% ▕██                ▏ 1.8 GB/ 13 GB   31 MB/s   6m21s[K[?25h[?2026l[?2026h[?25l[A[1Gpulling manifest [K
pulling e7b273f96360:  13% ▕██                ▏ 1.8 GB/ 13 GB   31 MB/s   6m21s[K[?25h[?2026l[?2026h[?25l[A[1Gpulling manifest [K
pulling e7b273f96360:  13% ▕██                ▏ 1.8 GB/ 13 GB   31 MB/s   6m21s[K[?25h[?2026l[?2026h[?25l[A[1Gpulling manifest [K
pulling e7b273f96360:  13% ▕██                ▏ 1.8 GB/ 13 GB   31 MB/s   6m21s[K[?25h[?2026l[?2026h[?25l[A[1Gpulling manifest [K
pulling e7b273f96360:  13% ▕██                ▏ 1.8 GB/ 13 GB   31 MB/s   6m24s[K[?25h[?2026l[?2026h[?25l[A[1Gpulling manifest [K
pulling e7b273f96360:  13% ▕██                ▏ 1.8 GB/ 13 GB   31 MB/s   6m24s[K[?25h[?2026l[?2026h[?25l[A[1Gpulling manifest [K
pulling e7b273f96360:  13% ▕██                ▏ 1.8 GB/ 13 GB   31 MB/s   6m24s[K[?25h[?2026l[?2026h[?25l[A[1Gpulling manifest [K
pulling e7b273f96360:  13% ▕██                ▏ 1.8 GB/ 13 GB   31 MB/s   6m23s[K[?25h[?2026l[?2026h[?25l[A[1Gpulling manifest [K
pulling e7b273f96360:  13% ▕██                ▏ 1.8 GB/ 13 GB   31 MB/s   6m23s[K[?25h[?2026l[?2026h[?25l[A[1Gpulling manifest [K
pulling e7b273f96360:  13% ▕██                ▏ 1.8 GB/ 13 GB   31 MB/s   6m23s[K[?25h[?2026l[?2026h[?25l[A[1Gpulling manifest [K
pulling e7b273f96360:  13% ▕██                ▏ 1.8 GB/ 13 GB   31 MB/s   6m23s[K[?25h[?2026l[?2026h[?25l[A[1Gpulling manifest [K
pulling e7b273f96360:  13% ▕██                ▏ 1.8 GB/ 13 GB   31 MB/s   6m23s[K[?25h[?2026l[?2026h[?25l[A[1Gpulling manifest [K
pulling e7b273f96360:  13% ▕██                ▏ 1.8 GB/ 13 GB   31 MB/s   6m23s[K[?25h[?2026l[?2026h[?25l[A[1Gpulling manifest [K
pulling e7b273f96360:  13% ▕██                ▏ 1.8 GB/ 13 GB   31 MB/s   6m23s[K[?25h[?2026l[?2026h[?25l[A[1Gpulling manifest [K
pulling e7b273f96360:  13% ▕██                ▏ 1.8 GB/ 13 GB   31 MB/s   6m22s[K[?25h[?2026l[?2026h[?25l[A[1Gpulling manifest [K
pulling e7b273f96360:  13% ▕██                ▏ 1.8 GB/ 13 GB   31 MB/s   6m22s[K[?25h[?2026l[?2026h[?25l[A[1Gpulling manifest [K
pulling e7b273f96360:  13% ▕██                ▏ 1.8 GB/ 13 GB   31 MB/s   6m22s[K[?25h[?2026l[?2026h[?25l[A[1Gpulling manifest [K
pulling e7b273f96360:  13% ▕██                ▏ 1.8 GB/ 13 GB   31 MB/s   6m22s[K[?25h[?2026l[?2026h[?25l[A[1Gpulling manifest [K
pulling e7b273f96360:  13% ▕██                ▏ 1.8 GB/ 13 GB   31 MB/s   6m21s[K[?25h[?2026l[?2026h[?25l[A[1Gpulling manifest [K
pulling e7b273f96360:  13% ▕██                ▏ 1.9 GB/ 13 GB   31 MB/s   6m21s[K[?25h[?2026l[?2026h[?25l[A[1Gpulling manifest [K
pulling e7b273f96360:  13% ▕██                ▏ 1.9 GB/ 13 GB   31 MB/s   6m21s[K[?25h[?2026l[?2026h[?25l[A[1Gpulling manifest [K
pulling e7b273f96360:  13% ▕██                ▏ 1.9 GB/ 13 GB   31 MB/s   6m21s[K[?25h[?2026l[?2026h[?25l[A[1Gpulling manifest [K
pulling e7b273f96360:  13% ▕██                ▏ 1.9 GB/ 13 GB   31 MB/s   6m21s[K[?25h[?2026l[?2026h[?25l[A[1Gpulling manifest [K
pulling e7b273f96360:  13% ▕██                ▏ 1.9 GB/ 13 GB   31 MB/s   6m21s[K[?25h[?2026l[?2026h[?25l[A[1Gpulling manifest [K
pulling e7b273f96360:  14% ▕██                ▏ 1.9 GB/ 13 GB   31 MB/s   6m18s[K[?25h[?2026l[?2026h[?25l[A[1Gpulling manifest [K
pulling e7b273f96360:  14% ▕██                ▏ 1.9 GB/ 13 GB   31 MB/s   6m18s[K[?25h[?2026l[?2026h[?25l[A[1Gpulling manifest [K
pulling e7b273f96360:  14% ▕██                ▏ 1.9 GB/ 13 GB   31 MB/s   6m18s[K[?25h[?2026l[?2026h[?25l[A[1Gpulling manifest [K
pulling e7b273f96360:  14% ▕██                ▏ 1.9 GB/ 13 GB   31 MB/s   6m18s[K[?25h[?2026l[?2026h[?25l[A[1Gpulling manifest [K
pulling e7b273f96360:  14% ▕██                ▏ 1.9 GB/ 13 GB   31 MB/s   6m18s[K[?25h[?2026l[?2026h[?25l[A[1Gpulling manifest [K
pulling e7b273f96360:  14% ▕██                ▏ 1.9 GB/ 13 GB   31 MB/s   6m18s[K[?25h[?2026l[?2026h[?25l[A[1Gpulling manifest [K
pulling e7b273f96360:  14% ▕██                ▏ 1.9 GB/ 13 GB   31 MB/s   6m18s[K[?25h[?2026l[?2026h[?25l[A[1Gpulling manifest [K
pulling e7b273f96360:  14% ▕██                ▏ 1.9 GB/ 13 GB   31 MB/s   6m18s[K[?25h[?2026l[?2026h[?25l[A[1Gpulling manifest [K
pulling e7b273f96360:  14% ▕██                ▏ 1.9 GB/ 13 GB   31 MB/s   6m18s[K[?25h[?2026l[?2026h[?25l[A[1Gpulling manifest [K
pulling e7b273f96360:  14% ▕██                ▏ 1.9 GB/ 13 GB   31 MB/s   6m18s[K[?25h[?2026l[?2026h[?25l[A[1Gpulling manifest [K
pulling e7b273f96360:  14% ▕██                ▏ 1.9 GB/ 13 GB   31 MB/s   6m15s[K[?25h[?2026l[?2026h[?25l[A[1Gpulling manifest [K
pulling e7b273f96360:  14% ▕██                ▏ 1.9 GB/ 13 GB   31 MB/s   6m15s[K[?25h[?2026l[?2026h[?25l[A[1Gpulling manifest [K
pulling e7b273f96360:  14% ▕██                ▏ 1.9 GB/ 13 GB   31 MB/s   6m15s[K[?25h[?2026l[?2026h[?25l[A[1Gpulling manifest [K
pulling e7b273f96360:  14% ▕██                ▏ 1.9 GB/ 13 GB   31 MB/s   6m15s[K[?25h[?2026l[?2026h[?25l[A[1Gpulling manifest [K
pulling e7b273f96360:  14% ▕██                ▏ 1.9 GB/ 13 GB   31 MB/s   6m15s[K[?25h[?2026l[?2026h[?25l[A[1Gpulling manifest [K
pulling e7b273f96360:  14% ▕██                ▏ 1.9 GB/ 13 GB   31 MB/s   6m14s[K[?25h[?2026l[?2026h[?25l[A[1Gpulling manifest [K
pulling e7b273f96360:  14% ▕██                ▏ 1.9 GB/ 13 GB   31 MB/s   6m14s[K[?25h[?2026l[?2026h[?25l[A[1Gpulling manifest [K
pulling e7b273f96360:  14% ▕██                ▏ 1.9 GB/ 13 GB   31 MB/s   6m14s[K[?25h[?2026l[?2026h[?25l[A[1Gpulling manifest [K
pulling e7b273f96360:  14% ▕██                ▏ 1.9 GB/ 13 GB   31 MB/s   6m14s[K[?25h[?2026l[?2026h[?25l[A[1Gpulling manifest [K
pulling e7b273f96360:  14% ▕██                ▏ 1.9 GB/ 13 GB   31 MB/s   6m14s[K[?25h[?2026l[?2026h[?25l[A[1Gpulling manifest [K
pulling e7b273f96360:  14% ▕██                ▏ 1.9 GB/ 13 GB   31 MB/s   6m14s[K[?25h[?2026l[?2026h[?25l[A[1Gpulling manifest [K
pulling e7b273f96360:  14% ▕██                ▏ 1.9 GB/ 13 GB   31 MB/s   6m19s[K[?25h[?2026l[?2026h[?25l[A[1Gpulling manifest [K
pulling e7b273f96360:  14% ▕██                ▏ 1.9 GB/ 13 GB   31 MB/s   6m19s[K[?25h[?2026l[?2026h[?25l[A[1Gpulling manifest [K
pulling e7b273f96360:  14% ▕██                ▏ 1.9 GB/ 13 GB   31 MB/s   6m19s[K[?25h[?2026l[?2026h[?25l[A[1Gpulling manifest [K
pulling e7b273f96360:  14% ▕██                ▏ 1.9 GB/ 13 GB   31 MB/s   6m19s[K[?25h[?2026l[?2026h[?25l[A[1Gpulling manifest [K
pulling e7b273f96360:  14% ▕██                ▏ 1.9 GB/ 13 GB   31 MB/s   6m18s[K[?25h[?2026l[?2026h[?25l[A[1Gpulling manifest [K
pulling e7b273f96360:  14% ▕██                ▏ 1.9 GB/ 13 GB   31 MB/s   6m18s[K[?25h[?2026l[?2026h[?25l[A[1Gpulling manifest [K
pulling e7b273f96360:  14% ▕██                ▏ 1.9 GB/ 13 GB   31 MB/s   6m18s[K[?25h[?2026l[?2026h[?25l[A[1Gpulling manifest [K
pulling e7b273f96360:  14% ▕██                ▏ 1.9 GB/ 13 GB   31 MB/s   6m18s[K[?25h[?2026l[?2026h[?25l[A[1Gpulling manifest [K
pulling e7b273f96360:  14% ▕██                ▏ 2.0 GB/ 13 GB   31 MB/s   6m18s[K[?25h[?2026l[?2026h[?25l[A[1Gpulling manifest [K
pulling e7b273f96360:  14% ▕██                ▏ 2.0 GB/ 13 GB   31 MB/s   6m18s[K[?25h[?2026l[?2026h[?25l[A[1Gpulling manifest [K
pulling e7b273f96360:  14% ▕██                ▏ 2.0 GB/ 13 GB   31 MB/s   6m19s[K[?25h[?2026l[?2026h[?25l[A[1Gpulling manifest [K
pulling e7b273f96360:  14% ▕██                ▏ 2.0 GB/ 13 GB   31 MB/s   6m19s[K[?25h[?2026l[?2026h[?25l[A[1Gpulling manifest [K
pulling e7b273f96360:  14% ▕██                ▏ 2.0 GB/ 13 GB   31 MB/s   6m19s[K[?25h[?2026l[?2026h[?25l[A[1Gpulling manifest [K
pulling e7b273f96360:  14% ▕██                ▏ 2.0 GB/ 13 GB   31 MB/s   6m19s[K[?25h[?2026l[?2026h[?25l[A[1Gpulling manifest [K
pulling e7b273f96360:  14% ▕██                ▏ 2.0 GB/ 13 GB   31 MB/s   6m19s[K[?25h[?2026l[?2026h[?25l[A[1Gpulling manifest [K
pulling e7b273f96360:  14% ▕██                ▏ 2.0 GB/ 13 GB   31 MB/s   6m19s[K[?25h[?2026l[?2026h[?25l[A[1Gpulling manifest [K
pulling e7b273f96360:  14% ▕██                ▏ 2.0 GB/ 13 GB   31 MB/s   6m18s[K[?25h[?2026l[?2026h[?25l[A[1Gpulling manifest [K
pulling e7b273f96360:  14% ▕██                ▏ 2.0 GB/ 13 GB   31 MB/s   6m18s[K[?25h[?2026l[?2026h[?25l[A[1Gpulling manifest [K
pulling e7b273f96360:  14% ▕██                ▏ 2.0 GB/ 13 GB   31 MB/s   6m18s[K[?25h[?2026l[?2026h[?25l[A[1Gpulling manifest [K
pulling e7b273f96360:  14% ▕██                ▏ 2.0 GB/ 13 GB   31 MB/s   6m18s[K[?25h[?2026l[?2026h[?25l[A[1Gpulling manifest [K
pulling e7b273f96360:  14% ▕██                ▏ 2.0 GB/ 13 GB   31 MB/s   6m16s[K[?25h[?2026l[?2026h[?25l[A[1Gpulling manifest [K
pulling e7b273f96360:  14% ▕██                ▏ 2.0 GB/ 13 GB   31 MB/s   6m16s[K[?25h[?2026l[?2026h[?25l[A[1Gpulling manifest [K
pulling e7b273f96360:  14% ▕██                ▏ 2.0 GB/ 13 GB   31 MB/s   6m16s[K[?25h[?2026l[?2026h[?25l[A[1Gpulling manifest [K
pulling e7b273f96360:  14% ▕██                ▏ 2.0 GB/ 13 GB   31 MB/s   6m16s[K[?25h[?2026l[?2026h[?25l[A[1Gpulling manifest [K
pulling e7b273f96360:  15% ▕██                ▏ 2.0 GB/ 13 GB   31 MB/s   6m16s[K[?25h[?2026l[?2026h[?25l[A[1Gpulling manifest [K
pulling e7b273f96360:  15% ▕██                ▏ 2.0 GB/ 13 GB   31 MB/s   6m16s[K[?25h[?2026l[?2026h[?25l[A[1Gpulling manifest [K
pulling e7b273f96360:  15% ▕██                ▏ 2.0 GB/ 13 GB   31 MB/s   6m16s[K[?25h[?2026l[?2026h[?25l[A[1Gpulling manifest [K
pulling e7b273f96360:  15% ▕██                ▏ 2.0 GB/ 13 GB   31 MB/s   6m16s[K[?25h[?2026l[?2026h[?25l[A[1Gpulling manifest [K
pulling e7b273f96360:  15% ▕██                ▏ 2.0 GB/ 13 GB   31 MB/s   6m16s[K[?25h[?2026l[?2026h[?25l[A[1Gpulling manifest [K
pulling e7b273f96360:  15% ▕██                ▏ 2.0 GB/ 13 GB   31 MB/s   6m16s[K[?25h[?2026l[?2026h[?25l[A[1Gpulling manifest [K
pulling e7b273f96360:  15% ▕██                ▏ 2.0 GB/ 13 GB   31 MB/s   6m13s[K[?25h[?2026l[?2026h[?25l[A[1Gpulling manifest [K
pulling e7b273f96360:  15% ▕██                ▏ 2.0 GB/ 13 GB   31 MB/s   6m13s[K[?25h[?2026l[?2026h[?25l[A[1Gpulling manifest [K
pulling e7b273f96360:  15% ▕██                ▏ 2.0 GB/ 13 GB   31 MB/s   6m13s[K[?25h[?2026l[?2026h[?25l[A[1Gpulling manifest [K
pulling e7b273f96360:  15% ▕██                ▏ 2.0 GB/ 13 GB   31 MB/s   6m13s[K[?25h[?2026l[?2026h[?25l[A[1Gpulling manifest [K
pulling e7b273f96360:  15% ▕██                ▏ 2.0 GB/ 13 GB   31 MB/s   6m13s[K[?25h[?2026l[?2026h[?25l[A[1Gpulling manifest [K
pulling e7b273f96360:  15% ▕██                ▏ 2.0 GB/ 13 GB   31 MB/s   6m13s[K[?25h[?2026l[?2026h[?25l[A[1Gpulling manifest [K
pulling e7b273f96360:  15% ▕██                ▏ 2.0 GB/ 13 GB   31 MB/s   6m12s[K[?25h[?2026l[?2026h[?25l[A[1Gpulling manifest [K
pulling e7b273f96360:  15% ▕██                ▏ 2.0 GB/ 13 GB   31 MB/s   6m12s[K[?25h[?2026l[?2026h[?25l[A[1Gpulling manifest [K
pulling e7b273f96360:  15% ▕██                ▏ 2.0 GB/ 13 GB   31 MB/s   6m12s[K[?25h[?2026l[?2026h[?25l[A[1Gpulling manifest [K
pulling e7b273f96360:  15% ▕██                ▏ 2.0 GB/ 13 GB   31 MB/s   6m12s[K[?25h[?2026l[?2026h[?25l[A[1Gpulling manifest [K
pulling e7b273f96360:  15% ▕██                ▏ 2.0 GB/ 13 GB   31 MB/s   6m17s[K[?25h[?2026l[?2026h[?25l[A[1Gpulling manifest [K
pulling e7b273f96360:  15% ▕██                ▏ 2.0 GB/ 13 GB   31 MB/s   6m16s[K[?25h[?2026l[?2026h[?25l[A[1Gpulling manifest [K
pulling e7b273f96360:  15% ▕██                ▏ 2.1 GB/ 13 GB   31 MB/s   6m16s[K[?25h[?2026l[?2026h[?25l[A[1Gpulling manifest [K
pulling e7b273f96360:  15% ▕██                ▏ 2.1 GB/ 13 GB   31 MB/s   6m16s[K[?25h[?2026l[?2026h[?25l[A[1Gpulling manifest [K
pulling e7b273f96360:  15% ▕██                ▏ 2.1 GB/ 13 GB   31 MB/s   6m16s[K[?25h[?2026l[?2026h[?25l[A[1Gpulling manifest [K
pulling e7b273f96360:  15% ▕██                ▏ 2.1 GB/ 13 GB   31 MB/s   6m16s[K[?25h[?2026l[?2026h[?25l[A[1Gpulling manifest [K
pulling e7b273f96360:  15% ▕██                ▏ 2.1 GB/ 13 GB   31 MB/s   6m16s[K[?25h[?2026l[?2026h[?25l[A[1Gpulling manifest [K
pulling e7b273f96360:  15% ▕██                ▏ 2.1 GB/ 13 GB   31 MB/s   6m16s[K[?25h[?2026l[?2026h[?25l[A[1Gpulling manifest [K
pulling e7b273f96360:  15% ▕██                ▏ 2.1 GB/ 13 GB   31 MB/s   6m16s[K[?25h[?2026l[?2026h[?25l[A[1Gpulling manifest [K
pulling e7b273f96360:  15% ▕██                ▏ 2.1 GB/ 13 GB   31 MB/s   6m16s[K[?25h[?2026l[?2026h[?25l[A[1Gpulling manifest [K
pulling e7b273f96360:  15% ▕██                ▏ 2.1 GB/ 13 GB   31 MB/s   6m16s[K[?25h[?2026l[?2026h[?25l[A[1Gpulling manifest [K
pulling e7b273f96360:  15% ▕██                ▏ 2.1 GB/ 13 GB   30 MB/s   6m20s[K[?25h[?2026l[?2026h[?25l[A[1Gpulling manifest [K
pulling e7b273f96360:  15% ▕██                ▏ 2.1 GB/ 13 GB   30 MB/s   6m20s[K[?25h[?2026l[?2026h[?25l[A[1Gpulling manifest [K
pulling e7b273f96360:  15% ▕██                ▏ 2.1 GB/ 13 GB   30 MB/s   6m20s[K[?25h[?2026l[?2026h[?25l[A[1Gpulling manifest [K
pulling e7b273f96360:  15% ▕██                ▏ 2.1 GB/ 13 GB   30 MB/s   6m19s[K[?25h[?2026l[?2026h[?25l[A[1Gpulling manifest [K
pulling e7b273f96360:  15% ▕██                ▏ 2.1 GB/ 13 GB   30 MB/s   6m19s[K[?25h[?2026l[?2026h[?25l[A[1Gpulling manifest [K
pulling e7b273f96360:  15% ▕██                ▏ 2.1 GB/ 13 GB   30 MB/s   6m19s[K[?25h[?2026l[?2026h[?25l[A[1Gpulling manifest [K
pulling e7b273f96360:  15% ▕██                ▏ 2.1 GB/ 13 GB   30 MB/s   6m19s[K[?25h[?2026l[?2026h[?25l[A[1Gpulling manifest [K
pulling e7b273f96360:  15% ▕██                ▏ 2.1 GB/ 13 GB   30 MB/s   6m19s[K[?25h[?2026l[?2026h[?25l[A[1Gpulling manifest [K
pulling e7b273f96360:  15% ▕██                ▏ 2.1 GB/ 13 GB   30 MB/s   6m19s[K[?25h[?2026l[?2026h[?25l[A[1Gpulling manifest [K
pulling e7b273f96360:  15% ▕██                ▏ 2.1 GB/ 13 GB   30 MB/s   6m19s[K[?25h[?2026l[?2026h[?25l[A[1Gpulling manifest [K
pulling e7b273f96360:  15% ▕██                ▏ 2.1 GB/ 13 GB   30 MB/s   6m25s[K[?25h[?2026l[?2026h[?25l[A[1Gpulling manifest [K
pulling e7b273f96360:  15% ▕██                ▏ 2.1 GB/ 13 GB   30 MB/s   6m25s[K[?25h[?2026l[?2026h[?25l[A[1Gpulling manifest [K
pulling e7b273f96360:  15% ▕██                ▏ 2.1 GB/ 13 GB   30 MB/s   6m25s[K[?25h[?2026l[?2026h[?25l[A[1Gpulling manifest [K
pulling e7b273f96360:  15% ▕██                ▏ 2.1 GB/ 13 GB   30 MB/s   6m25s[K[?25h[?2026l[?2026h[?25l[A[1Gpulling manifest [K
pulling e7b273f96360:  15% ▕██                ▏ 2.1 GB/ 13 GB   30 MB/s   6m25s[K[?25h[?2026l[?2026h[?25l[A[1Gpulling manifest [K
pulling e7b273f96360:  15% ▕██                ▏ 2.1 GB/ 13 GB   30 MB/s   6m25s[K[?25h[?2026l[?2026h[?25l[A[1Gpulling manifest [K
pulling e7b273f96360:  15% ▕██                ▏ 2.1 GB/ 13 GB   30 MB/s   6m25s[K[?25h[?2026l[?2026h[?25l[A[1Gpulling manifest [K
pulling e7b273f96360:  15% ▕██                ▏ 2.1 GB/ 13 GB   30 MB/s   6m25s[K[?25h[?2026l[?2026h[?25l[A[1Gpulling manifest [K
pulling e7b273f96360:  15% ▕██                ▏ 2.1 GB/ 13 GB   30 MB/s   6m25s[K[?25h[?2026l[?2026h[?25l[A[1Gpulling manifest [K
pulling e7b273f96360:  15% ▕██                ▏ 2.1 GB/ 13 GB   30 MB/s   6m25s[K[?25h[?2026l[?2026h[?25l[A[1Gpulling manifest [K
pulling e7b273f96360:  15% ▕██                ▏ 2.1 GB/ 13 GB   29 MB/s   6m31s[K[?25h[?2026l[?2026h[?25l[A[1Gpulling manifest [K
pulling e7b273f96360:  15% ▕██                ▏ 2.1 GB/ 13 GB   29 MB/s   6m31s[K[?25h[?2026l[?2026h[?25l[A[1Gpulling manifest [K
pulling e7b273f96360:  16% ▕██                ▏ 2.1 GB/ 13 GB   29 MB/s   6m30s[K[?25h[?2026l[?2026h[?25l[A[1Gpulling manifest [K
pulling e7b273f96360:  16% ▕██                ▏ 2.1 GB/ 13 GB   29 MB/s   6m30s[K[?25h[?2026l[?2026h[?25l[A[1Gpulling manifest [K
pulling e7b273f96360:  16% ▕██                ▏ 2.1 GB/ 13 GB   29 MB/s   6m30s[K[?25h[?2026l[?2026h[?25l[A[1Gpulling manifest [K
pulling e7b273f96360:  16% ▕██                ▏ 2.1 GB/ 13 GB   29 MB/s   6m30s[K[?25h[?2026l[?2026h[?25l[A[1Gpulling manifest [K
pulling e7b273f96360:  16% ▕██                ▏ 2.2 GB/ 13 GB   29 MB/s   6m30s[K[?25h[?2026l[?2026h[?25l[A[1Gpulling manifest [K
pulling e7b273f96360:  16% ▕██                ▏ 2.2 GB/ 13 GB   29 MB/s   6m30s[K[?25h[?2026l[?2026h[?25l[A[1Gpulling manifest [K
pulling e7b273f96360:  16% ▕██                ▏ 2.2 GB/ 13 GB   29 MB/s   6m30s[K[?25h[?2026l[?2026h[?25l[A[1Gpulling manifest [K
pulling e7b273f96360:  16% ▕██                ▏ 2.2 GB/ 13 GB   29 MB/s   6m30s[K[?25h[?2026l[?2026h[?25l[A[1Gpulling manifest [K
pulling e7b273f96360:  16% ▕██                ▏ 2.2 GB/ 13 GB   29 MB/s   6m32s[K[?25h[?2026l[?2026h[?25l[A[1Gpulling manifest [K
pulling e7b273f96360:  16% ▕██                ▏ 2.2 GB/ 13 GB   29 MB/s   6m32s[K[?25h[?2026l[?2026h[?25l[A[1Gpulling manifest [K
pulling e7b273f96360:  16% ▕██                ▏ 2.2 GB/ 13 GB   29 MB/s   6m32s[K[?25h[?2026l[?2026h[?25l[A[1Gpulling manifest [K
pulling e7b273f96360:  16% ▕██                ▏ 2.2 GB/ 13 GB   29 MB/s   6m31s[K[?25h[?2026l[?2026h[?25l[A[1Gpulling manifest [K
pulling e7b273f96360:  16% ▕██                ▏ 2.2 GB/ 13 GB   29 MB/s   6m31s[K[?25h[?2026l[?2026h[?25l[A[1Gpulling manifest [K
pulling e7b273f96360:  16% ▕██                ▏ 2.2 GB/ 13 GB   29 MB/s   6m31s[K[?25h[?2026l[?2026h[?25l[A[1Gpulling manifest [K
pulling e7b273f96360:  16% ▕██                ▏ 2.2 GB/ 13 GB   29 MB/s   6m31s[K[?25h[?2026l[?2026h[?25l[A[1Gpulling manifest [K
pulling e7b273f96360:  16% ▕██                ▏ 2.2 GB/ 13 GB   29 MB/s   6m31s[K[?25h[?2026l[?2026h[?25l[A[1Gpulling manifest [K
pulling e7b273f96360:  16% ▕██                ▏ 2.2 GB/ 13 GB   29 MB/s   6m31s[K[?25h[?2026l[?2026h[?25l[A[1Gpulling manifest [K
pulling e7b273f96360:  16% ▕██                ▏ 2.2 GB/ 13 GB   29 MB/s   6m31s[K[?25h[?2026l[?2026h[?25l[A[1Gpulling manifest [K
pulling e7b273f96360:  16% ▕██                ▏ 2.2 GB/ 13 GB   29 MB/s   6m37s[K[?25h[?2026l[?2026h[?25l[A[1Gpulling manifest [K
pulling e7b273f96360:  16% ▕██                ▏ 2.2 GB/ 13 GB   29 MB/s   6m37s[K[?25h[?2026l[?2026h[?25l[A[1Gpulling manifest [K
pulling e7b273f96360:  16% ▕██                ▏ 2.2 GB/ 13 GB   29 MB/s   6m37s[K[?25h[?2026l[?2026h[?25l[A[1Gpulling manifest [K
pulling e7b273f96360:  16% ▕██                ▏ 2.2 GB/ 13 GB   29 MB/s   6m37s[K[?25h[?2026l[?2026h[?25l[A[1Gpulling manifest [K
pulling e7b273f96360:  16% ▕██                ▏ 2.2 GB/ 13 GB   29 MB/s   6m37s[K[?25h[?2026l[?2026h[?25l[A[1Gpulling manifest [K
pulling e7b273f96360:  16% ▕██                ▏ 2.2 GB/ 13 GB   29 MB/s   6m36s[K[?25h[?2026l[?2026h[?25l[A[1Gpulling manifest [K
pulling e7b273f96360:  16% ▕██                ▏ 2.2 GB/ 13 GB   29 MB/s   6m36s[K[?25h[?2026l[?2026h[?25l[A[1Gpulling manifest [K
pulling e7b273f96360:  16% ▕██                ▏ 2.2 GB/ 13 GB   29 MB/s   6m36s[K[?25h[?2026l[?2026h[?25l[A[1Gpulling manifest [K
pulling e7b273f96360:  16% ▕██                ▏ 2.2 GB/ 13 GB   29 MB/s   6m36s[K[?25h[?2026l[?2026h[?25l[A[1Gpulling manifest [K
pulling e7b273f96360:  16% ▕██                ▏ 2.2 GB/ 13 GB   29 MB/s   6m36s[K[?25h[?2026l[?2026h[?25l[A[1Gpulling manifest [K
pulling e7b273f96360:  16% ▕██                ▏ 2.2 GB/ 13 GB   29 MB/s   6m36s[K[?25h[?2026l[?2026h[?25l[A[1Gpulling manifest [K
pulling e7b273f96360:  16% ▕██                ▏ 2.2 GB/ 13 GB   29 MB/s   6m29s[K[?25h[?2026l[?2026h[?25l[A[1Gpulling manifest [K
pulling e7b273f96360:  16% ▕██                ▏ 2.2 GB/ 13 GB   29 MB/s   6m29s[K[?25h[?2026l[?2026h[?25l[A[1Gpulling manifest [K
pulling e7b273f96360:  16% ▕██                ▏ 2.2 GB/ 13 GB   29 MB/s   6m29s[K[?25h[?2026l[?2026h[?25l[A[1Gpulling manifest [K
pulling e7b273f96360:  16% ▕██                ▏ 2.2 GB/ 13 GB   29 MB/s   6m28s[K[?25h[?2026l[?2026h[?25l[A[1Gpulling manifest [K
pulling e7b273f96360:  16% ▕██                ▏ 2.2 GB/ 13 GB   29 MB/s   6m28s[K[?25h[?2026l[?2026h[?25l[A[1Gpulling manifest [K
pulling e7b273f96360:  16% ▕██                ▏ 2.2 GB/ 13 GB   29 MB/s   6m28s[K[?25h[?2026l[?2026h[?25l[A[1Gpulling manifest [K
pulling e7b273f96360:  16% ▕██                ▏ 2.2 GB/ 13 GB   29 MB/s   6m28s[K[?25h[?2026l[?2026h[?25l[A[1Gpulling manifest [K
pulling e7b273f96360:  16% ▕██                ▏ 2.2 GB/ 13 GB   29 MB/s   6m28s[K[?25h[?2026l[?2026h[?25l[A[1Gpulling manifest [K
pulling e7b273f96360:  16% ▕██                ▏ 2.2 GB/ 13 GB   29 MB/s   6m28s[K[?25h[?2026l[?2026h[?25l[A[1Gpulling manifest [K
pulling e7b273f96360:  16% ▕██                ▏ 2.3 GB/ 13 GB   29 MB/s   6m28s[K[?25h[?2026l[?2026h[?25l[A[1Gpulling manifest [K
pulling e7b273f96360:  16% ▕██                ▏ 2.3 GB/ 13 GB   29 MB/s   6m34s[K[?25h[?2026l[?2026h[?25l[A[1Gpulling manifest [K
pulling e7b273f96360:  16% ▕██                ▏ 2.3 GB/ 13 GB   29 MB/s   6m34s[K[?25h[?2026l[?2026h[?25l[A[1Gpulling manifest [K
pulling e7b273f96360:  16% ▕██                ▏ 2.3 GB/ 13 GB   29 MB/s   6m34s[K[?25h[?2026l[?2026h[?25l[A[1Gpulling manifest [K
pulling e7b273f96360:  16% ▕██                ▏ 2.3 GB/ 13 GB   29 MB/s   6m34s[K[?25h[?2026l[?2026h[?25l[A[1Gpulling manifest [K
pulling e7b273f96360:  16% ▕██                ▏ 2.3 GB/ 13 GB   29 MB/s   6m34s[K[?25h[?2026l[?2026h[?25l[A[1Gpulling manifest [K
pulling e7b273f96360:  16% ▕██                ▏ 2.3 GB/ 13 GB   29 MB/s   6m34s[K[?25h[?2026l[?2026h[?25l[A[1Gpulling manifest [K
pulling e7b273f96360:  16% ▕██                ▏ 2.3 GB/ 13 GB   29 MB/s   6m34s[K[?25h[?2026l[?2026h[?25l[A[1Gpulling manifest [K
pulling e7b273f96360:  16% ▕██                ▏ 2.3 GB/ 13 GB   29 MB/s   6m34s[K[?25h[?2026l[?2026h[?25l[A[1Gpulling manifest [K
pulling e7b273f96360:  16% ▕██                ▏ 2.3 GB/ 13 GB   29 MB/s   6m34s[K[?25h[?2026l[?2026h[?25l[A[1Gpulling manifest [K
pulling e7b273f96360:  16% ▕██                ▏ 2.3 GB/ 13 GB   29 MB/s   6m34s[K[?25h[?2026l[?2026h[?25l[A[1Gpulling manifest [K
pulling e7b273f96360:  16% ▕██                ▏ 2.3 GB/ 13 GB   27 MB/s   6m59s[K[?25h[?2026l[?2026h[?25l[A[1Gpulling manifest [K
pulling e7b273f96360:  16% ▕██                ▏ 2.3 GB/ 13 GB   27 MB/s   6m59s[K[?25h[?2026l[?2026h[?25l[A[1Gpulling manifest [K
pulling e7b273f96360:  17% ▕██                ▏ 2.3 GB/ 13 GB   27 MB/s   6m59s[K[?25h[?2026l[?2026h[?25l[A[1Gpulling manifest [K
pulling e7b273f96360:  17% ▕██                ▏ 2.3 GB/ 13 GB   27 MB/s   6m59s[K[?25h[?2026l[?2026h[?25l[A[1Gpulling manifest [K
pulling e7b273f96360:  17% ▕██                ▏ 2.3 GB/ 13 GB   27 MB/s   6m59s[K[?25h[?2026l[?2026h[?25l[A[1Gpulling manifest [K
pulling e7b273f96360:  17% ▕██                ▏ 2.3 GB/ 13 GB   27 MB/s   6m59s[K[?25h[?2026l[?2026h[?25l[A[1Gpulling manifest [K
pulling e7b273f96360:  17% ▕██                ▏ 2.3 GB/ 13 GB   27 MB/s   6m58s[K[?25h[?2026l[?2026h[?25l[A[1Gpulling manifest [K
pulling e7b273f96360:  17% ▕███               ▏ 2.3 GB/ 13 GB   27 MB/s   6m58s[K[?25h[?2026l[?2026h[?25l[A[1Gpulling manifest [K
pulling e7b273f96360:  17% ▕███               ▏ 2.3 GB/ 13 GB   27 MB/s   6m58s[K[?25h[?2026l[?2026h[?25l[A[1Gpulling manifest [K
pulling e7b273f96360:  17% ▕███               ▏ 2.3 GB/ 13 GB   27 MB/s   6m58s[K[?25h[?2026l[?2026h[?25l[A[1Gpulling manifest [K
pulling e7b273f96360:  17% ▕███               ▏ 2.3 GB/ 13 GB   29 MB/s   6m32s[K[?25h[?2026l[?2026h[?25l[A[1Gpulling manifest [K
pulling e7b273f96360:  17% ▕███               ▏ 2.3 GB/ 13 GB   29 MB/s   6m31s[K[?25h[?2026l[?2026h[?25l[A[1Gpulling manifest [K
pulling e7b273f96360:  17% ▕███               ▏ 2.3 GB/ 13 GB   29 MB/s   6m31s[K[?25h[?2026l[?2026h[?25l[A[1Gpulling manifest [K
pulling e7b273f96360:  17% ▕███               ▏ 2.3 GB/ 13 GB   29 MB/s   6m31s[K[?25h[?2026l[?2026h[?25l[A[1Gpulling manifest [K
pulling e7b273f96360:  17% ▕███               ▏ 2.3 GB/ 13 GB   29 MB/s   6m31s[K[?25h[?2026l[?2026h[?25l[A[1Gpulling manifest [K
pulling e7b273f96360:  17% ▕███               ▏ 2.3 GB/ 13 GB   29 MB/s   6m31s[K[?25h[?2026l[?2026h[?25l[A[1Gpulling manifest [K
pulling e7b273f96360:  17% ▕███               ▏ 2.3 GB/ 13 GB   29 MB/s   6m31s[K[?25h[?2026l[?2026h[?25l[A[1Gpulling manifest [K
pulling e7b273f96360:  17% ▕███               ▏ 2.3 GB/ 13 GB   29 MB/s   6m31s[K[?25h[?2026l[?2026h[?25l[A[1Gpulling manifest [K
pulling e7b273f96360:  17% ▕███               ▏ 2.3 GB/ 13 GB   29 MB/s   6m30s[K[?25h[?2026l[?2026h[?25l[A[1Gpulling manifest [K
pulling e7b273f96360:  17% ▕███               ▏ 2.4 GB/ 13 GB   29 MB/s   6m30s[K[?25h[?2026l[?2026h[?25l[A[1Gpulling manifest [K
pulling e7b273f96360:  17% ▕███               ▏ 2.4 GB/ 13 GB   30 MB/s   6m11s[K[?25h[?2026l[?2026h[?25l[A[1Gpulling manifest [K
pulling e7b273f96360:  17% ▕███               ▏ 2.4 GB/ 13 GB   30 MB/s   6m11s[K[?25h[?2026l[?2026h[?25l[A[1Gpulling manifest [K
pulling e7b273f96360:  17% ▕███               ▏ 2.4 GB/ 13 GB   30 MB/s   6m11s[K[?25h[?2026l[?2026h[?25l[A[1Gpulling manifest [K
pulling e7b273f96360:  17% ▕███               ▏ 2.4 GB/ 13 GB   30 MB/s   6m11s[K[?25h[?2026l[?2026h[?25l[A[1Gpulling manifest [K
pulling e7b273f96360:  17% ▕███               ▏ 2.4 GB/ 13 GB   30 MB/s   6m11s[K[?25h[?2026l[?2026h[?25l[A[1Gpulling manifest [K
pulling e7b273f96360:  17% ▕███               ▏ 2.4 GB/ 13 GB   30 MB/s   6m10s[K[?25h[?2026l[?2026h[?25l[A[1Gpulling manifest [K
pulling e7b273f96360:  17% ▕███               ▏ 2.4 GB/ 13 GB   30 MB/s   6m10s[K[?25h[?2026l[?2026h[?25l[A[1Gpulling manifest [K
pulling e7b273f96360:  17% ▕███               ▏ 2.4 GB/ 13 GB   30 MB/s   6m10s[K[?25h[?2026l[?2026h[?25l[A[1Gpulling manifest [K
pulling e7b273f96360:  17% ▕███               ▏ 2.4 GB/ 13 GB   30 MB/s   6m10s[K[?25h[?2026l[?2026h[?25l[A[1Gpulling manifest [K
pulling e7b273f96360:  17% ▕███               ▏ 2.4 GB/ 13 GB   30 MB/s   6m10s[K[?25h[?2026l[?2026h[?25l[A[1Gpulling manifest [K
pulling e7b273f96360:  17% ▕███               ▏ 2.4 GB/ 13 GB   30 MB/s   6m10s[K[?25h[?2026l[?2026h[?25l[A[1Gpulling manifest [K
pulling e7b273f96360:  17% ▕███               ▏ 2.4 GB/ 13 GB   31 MB/s    6m7s[K[?25h[?2026l[?2026h[?25l[A[1Gpulling manifest [K
pulling e7b273f96360:  17% ▕███               ▏ 2.4 GB/ 13 GB   31 MB/s    6m7s[K[?25h[?2026l[?2026h[?25l[A[1Gpulling manifest [K
pulling e7b273f96360:  17% ▕███               ▏ 2.4 GB/ 13 GB   31 MB/s    6m7s[K[?25h[?2026l[?2026h[?25l[A[1Gpulling manifest [K
pulling e7b273f96360:  17% ▕███               ▏ 2.4 GB/ 13 GB   31 MB/s    6m7s[K[?25h[?2026l[?2026h[?25l[A[1Gpulling manifest [K
pulling e7b273f96360:  17% ▕███               ▏ 2.4 GB/ 13 GB   31 MB/s    6m6s[K[?25h[?2026l[?2026h[?25l[A[1Gpulling manifest [K
pulling e7b273f96360:  17% ▕███               ▏ 2.4 GB/ 13 GB   31 MB/s    6m6s[K[?25h[?2026l[?2026h[?25l[A[1Gpulling manifest [K
pulling e7b273f96360:  17% ▕███               ▏ 2.4 GB/ 13 GB   31 MB/s    6m6s[K[?25h[?2026l[?2026h[?25l[A[1Gpulling manifest [K
pulling e7b273f96360:  17% ▕███               ▏ 2.4 GB/ 13 GB   31 MB/s    6m6s[K[?25h[?2026l[?2026h[?25l[A[1Gpulling manifest [K
pulling e7b273f96360:  17% ▕███               ▏ 2.4 GB/ 13 GB   31 MB/s    6m6s[K[?25h[?2026l[?2026h[?25l[A[1Gpulling manifest [K
pulling e7b273f96360:  18% ▕███               ▏ 2.4 GB/ 13 GB   31 MB/s    6m6s[K[?25h[?2026l[?2026h[?25l[A[1Gpulling manifest [K
pulling e7b273f96360:  18% ▕███               ▏ 2.4 GB/ 13 GB   31 MB/s    6m0s[K[?25h[?2026l[?2026h[?25l[A[1Gpulling manifest [K
pulling e7b273f96360:  18% ▕███               ▏ 2.4 GB/ 13 GB   31 MB/s    6m0s[K[?25h[?2026l[?2026h[?25l[A[1Gpulling manifest [K
pulling e7b273f96360:  18% ▕███               ▏ 2.4 GB/ 13 GB   31 MB/s   5m59s[K[?25h[?2026l[?2026h[?25l[A[1Gpulling manifest [K
pulling e7b273f96360:  18% ▕███               ▏ 2.4 GB/ 13 GB   31 MB/s   5m59s[K[?25h[?2026l[?2026h[?25l[A[1Gpulling manifest [K
pulling e7b273f96360:  18% ▕███               ▏ 2.4 GB/ 13 GB   31 MB/s   5m59s[K[?25h[?2026l[?2026h[?25l[A[1Gpulling manifest [K
pulling e7b273f96360:  18% ▕███               ▏ 2.4 GB/ 13 GB   31 MB/s   5m59s[K[?25h[?2026l[?2026h[?25l[A[1Gpulling manifest [K
pulling e7b273f96360:  18% ▕███               ▏ 2.4 GB/ 13 GB   31 MB/s   5m59s[K[?25h[?2026l[?2026h[?25l[A[1Gpulling manifest [K
pulling e7b273f96360:  18% ▕███               ▏ 2.4 GB/ 13 GB   31 MB/s   5m59s[K[?25h[?2026l[?2026h[?25l[A[1Gpulling manifest [K
pulling e7b273f96360:  18% ▕███               ▏ 2.4 GB/ 13 GB   31 MB/s   5m59s[K[?25h[?2026l[?2026h[?25l[A[1Gpulling manifest [K
pulling e7b273f96360:  18% ▕███               ▏ 2.5 GB/ 13 GB   31 MB/s   5m59s[K[?25h[?2026l[?2026h[?25l[A[1Gpulling manifest [K
pulling e7b273f96360:  18% ▕███               ▏ 2.5 GB/ 13 GB   32 MB/s   5m51s[K[?25h[?2026l[?2026h[?25l[A[1Gpulling manifest [K
pulling e7b273f96360:  18% ▕███               ▏ 2.5 GB/ 13 GB   32 MB/s   5m51s[K[?25h[?2026l[?2026h[?25l[A[1Gpulling manifest [K
pulling e7b273f96360:  18% ▕███               ▏ 2.5 GB/ 13 GB   32 MB/s   5m50s[K[?25h[?2026l[?2026h[?25l[A[1Gpulling manifest [K
pulling e7b273f96360:  18% ▕███               ▏ 2.5 GB/ 13 GB   32 MB/s   5m50s[K[?25h[?2026l[?2026h[?25l[A[1Gpulling manifest [K
pulling e7b273f96360:  18% ▕███               ▏ 2.5 GB/ 13 GB   32 MB/s   5m50s[K[?25h[?2026l[?2026h[?25l[A[1Gpulling manifest [K
pulling e7b273f96360:  18% ▕███               ▏ 2.5 GB/ 13 GB   32 MB/s   5m50s[K[?25h[?2026l[?2026h[?25l[A[1Gpulling manifest [K
pulling e7b273f96360:  18% ▕███               ▏ 2.5 GB/ 13 GB   32 MB/s   5m50s[K[?25h[?2026l[?2026h[?25l[A[1Gpulling manifest [K
pulling e7b273f96360:  18% ▕███               ▏ 2.5 GB/ 13 GB   32 MB/s   5m50s[K[?25h[?2026l[?2026h[?25l[A[1Gpulling manifest [K
pulling e7b273f96360:  18% ▕███               ▏ 2.5 GB/ 13 GB   32 MB/s   5m50s[K[?25h[?2026l[?2026h[?25l[A[1Gpulling manifest [K
pulling e7b273f96360:  18% ▕███               ▏ 2.5 GB/ 13 GB   32 MB/s   5m50s[K[?25h[?2026l[?2026h[?25l[A[1Gpulling manifest [K
pulling e7b273f96360:  18% ▕███               ▏ 2.5 GB/ 13 GB   33 MB/s   5m41s[K[?25h[?2026l[?2026h[?25l[A[1Gpulling manifest [K
pulling e7b273f96360:  18% ▕███               ▏ 2.5 GB/ 13 GB   33 MB/s   5m41s[K[?25h[?2026l[?2026h[?25l[A[1Gpulling manifest [K
pulling e7b273f96360:  18% ▕███               ▏ 2.5 GB/ 13 GB   33 MB/s   5m41s[K[?25h[?2026l[?2026h[?25l[A[1Gpulling manifest [K
pulling e7b273f96360:  18% ▕███               ▏ 2.5 GB/ 13 GB   33 MB/s   5m41s[K[?25h[?2026l[?2026h[?25l[A[1Gpulling manifest [K
pulling e7b273f96360:  18% ▕███               ▏ 2.5 GB/ 13 GB   33 MB/s   5m41s[K[?25h[?2026l[?2026h[?25l[A[1Gpulling manifest [K
pulling e7b273f96360:  18% ▕███               ▏ 2.5 GB/ 13 GB   33 MB/s   5m41s[K[?25h[?2026l[?2026h[?25l[A[1Gpulling manifest [K
pulling e7b273f96360:  18% ▕███               ▏ 2.5 GB/ 13 GB   33 MB/s   5m41s[K[?25h[?2026l[?2026h[?25l[A[1Gpulling manifest [K
pulling e7b273f96360:  18% ▕███               ▏ 2.5 GB/ 13 GB   33 MB/s   5m41s[K[?25h[?2026l[?2026h[?25l[A[1Gpulling manifest [K
pulling e7b273f96360:  18% ▕███               ▏ 2.5 GB/ 13 GB   33 MB/s   5m41s[K[?25h[?2026l[?2026h[?25l[A[1Gpulling manifest [K
pulling e7b273f96360:  18% ▕███               ▏ 2.5 GB/ 13 GB   33 MB/s   5m41s[K[?25h[?2026l[?2026h[?25l[A[1Gpulling manifest [K
pulling e7b273f96360:  18% ▕███               ▏ 2.5 GB/ 13 GB   32 MB/s   5m47s[K[?25h[?2026l[?2026h[?25l[A[1Gpulling manifest [K
pulling e7b273f96360:  18% ▕███               ▏ 2.5 GB/ 13 GB   32 MB/s   5m47s[K[?25h[?2026l[?2026h[?25l[A[1Gpulling manifest [K
pulling e7b273f96360:  18% ▕███               ▏ 2.5 GB/ 13 GB   32 MB/s   5m47s[K[?25h[?2026l[?2026h[?25l[A[1Gpulling manifest [K
pulling e7b273f96360:  18% ▕███               ▏ 2.5 GB/ 13 GB   32 MB/s   5m47s[K[?25h[?2026l[?2026h[?25l[A[1Gpulling manifest [K
pulling e7b273f96360:  18% ▕███               ▏ 2.5 GB/ 13 GB   32 MB/s   5m47s[K[?25h[?2026l[?2026h[?25l[A[1Gpulling manifest [K
pulling e7b273f96360:  18% ▕███               ▏ 2.5 GB/ 13 GB   32 MB/s   5m47s[K[?25h[?2026l[?2026h[?25l[A[1Gpulling manifest [K
pulling e7b273f96360:  18% ▕███               ▏ 2.5 GB/ 13 GB   32 MB/s   5m46s[K[?25h[?2026l[?2026h[?25l[A[1Gpulling manifest [K
pulling e7b273f96360:  18% ▕███               ▏ 2.5 GB/ 13 GB   32 MB/s   5m46s[K[?25h[?2026l[?2026h[?25l[A[1Gpulling manifest [K
pulling e7b273f96360:  18% ▕███               ▏ 2.5 GB/ 13 GB   32 MB/s   5m46s[K[?25h[?2026l[?2026h[?25l[A[1Gpulling manifest [K
pulling e7b273f96360:  18% ▕███               ▏ 2.5 GB/ 13 GB   32 MB/s   5m46s[K[?25h[?2026l[?2026h[?25l[A[1Gpulling manifest [K
pulling e7b273f96360:  18% ▕███               ▏ 2.5 GB/ 13 GB   32 MB/s   5m46s[K[?25h[?2026l[?2026h[?25l[A[1Gpulling manifest [K
pulling e7b273f96360:  18% ▕███               ▏ 2.6 GB/ 13 GB   32 MB/s   5m41s[K[?25h[?2026l[?2026h[?25l[A[1Gpulling manifest [K
pulling e7b273f96360:  19% ▕███               ▏ 2.6 GB/ 13 GB   32 MB/s   5m41s[K[?25h[?2026l[?2026h[?25l[A[1Gpulling manifest [K
pulling e7b273f96360:  19% ▕███               ▏ 2.6 GB/ 13 GB   32 MB/s   5m41s[K[?25h[?2026l[?2026h[?25l[A[1Gpulling manifest [K
pulling e7b273f96360:  19% ▕███               ▏ 2.6 GB/ 13 GB   32 MB/s   5m41s[K[?25h[?2026l[?2026h[?25l[A[1Gpulling manifest [K
pulling e7b273f96360:  19% ▕███               ▏ 2.6 GB/ 13 GB   32 MB/s   5m41s[K[?25h[?2026l[?2026h[?25l[A[1Gpulling manifest [K
pulling e7b273f96360:  19% ▕███               ▏ 2.6 GB/ 13 GB   32 MB/s   5m41s[K[?25h[?2026l[?2026h[?25l[A[1Gpulling manifest [K
pulling e7b273f96360:  19% ▕███               ▏ 2.6 GB/ 13 GB   32 MB/s   5m41s[K[?25h[?2026l[?2026h[?25l[A[1Gpulling manifest [K
pulling e7b273f96360:  19% ▕███               ▏ 2.6 GB/ 13 GB   32 MB/s   5m41s[K[?25h[?2026l[?2026h[?25l[A[1Gpulling manifest [K
pulling e7b273f96360:  19% ▕███               ▏ 2.6 GB/ 13 GB   32 MB/s   5m41s[K[?25h[?2026l[?2026h[?25l[A[1Gpulling manifest [K
pulling e7b273f96360:  19% ▕███               ▏ 2.6 GB/ 13 GB   32 MB/s   5m41s[K[?25h[?2026l[?2026h[?25l[A[1Gpulling manifest [K
pulling e7b273f96360:  19% ▕███               ▏ 2.6 GB/ 13 GB   34 MB/s   5m22s[K[?25h[?2026l[?2026h[?25l[A[1Gpulling manifest [K
pulling e7b273f96360:  19% ▕███               ▏ 2.6 GB/ 13 GB   34 MB/s   5m22s[K[?25h[?2026l[?2026h[?25l[A[1Gpulling manifest [K
pulling e7b273f96360:  19% ▕███               ▏ 2.6 GB/ 13 GB   34 MB/s   5m22s[K[?25h[?2026l[?2026h[?25l[A[1Gpulling manifest [K
pulling e7b273f96360:  19% ▕███               ▏ 2.6 GB/ 13 GB   34 MB/s   5m22s[K[?25h[?2026l[?2026h[?25l[A[1Gpulling manifest [K
pulling e7b273f96360:  19% ▕███               ▏ 2.6 GB/ 13 GB   34 MB/s   5m22s[K[?25h[?2026l[?2026h[?25l[A[1Gpulling manifest [K
pulling e7b273f96360:  19% ▕███               ▏ 2.6 GB/ 13 GB   34 MB/s   5m22s[K[?25h[?2026l[?2026h[?25l[A[1Gpulling manifest [K
pulling e7b273f96360:  19% ▕███               ▏ 2.6 GB/ 13 GB   34 MB/s   5m22s[K[?25h[?2026l[?2026h[?25l[A[1Gpulling manifest [K
pulling e7b273f96360:  19% ▕███               ▏ 2.6 GB/ 13 GB   34 MB/s   5m22s[K[?25h[?2026l[?2026h[?25l[A[1Gpulling manifest [K
pulling e7b273f96360:  19% ▕███               ▏ 2.6 GB/ 13 GB   34 MB/s   5m21s[K[?25h[?2026l[?2026h[?25l[A[1Gpulling manifest [K
pulling e7b273f96360:  19% ▕███               ▏ 2.6 GB/ 13 GB   34 MB/s   5m21s[K[?25h[?2026l[?2026h[?25l[A[1Gpulling manifest [K
pulling e7b273f96360:  19% ▕███               ▏ 2.6 GB/ 13 GB   32 MB/s   5m41s[K[?25h[?2026l[?2026h[?25l[A[1Gpulling manifest [K
pulling e7b273f96360:  19% ▕███               ▏ 2.6 GB/ 13 GB   32 MB/s   5m41s[K[?25h[?2026l[?2026h[?25l[A[1Gpulling manifest [K
pulling e7b273f96360:  19% ▕███               ▏ 2.6 GB/ 13 GB   32 MB/s   5m41s[K[?25h[?2026l[?2026h[?25l[A[1Gpulling manifest [K
pulling e7b273f96360:  19% ▕███               ▏ 2.6 GB/ 13 GB   32 MB/s   5m41s[K[?25h[?2026l[?2026h[?25l[A[1Gpulling manifest [K
pulling e7b273f96360:  19% ▕███               ▏ 2.6 GB/ 13 GB   32 MB/s   5m41s[K[?25h[?2026l[?2026h[?25l[A[1Gpulling manifest [K
pulling e7b273f96360:  19% ▕███               ▏ 2.6 GB/ 13 GB   32 MB/s   5m40s[K[?25h[?2026l[?2026h[?25l[A[1Gpulling manifest [K
pulling e7b273f96360:  19% ▕███               ▏ 2.6 GB/ 13 GB   32 MB/s   5m40s[K[?25h[?2026l[?2026h[?25l[A[1Gpulling manifest [K
pulling e7b273f96360:  19% ▕███               ▏ 2.6 GB/ 13 GB   32 MB/s   5m40s[K[?25h[?2026l[?2026h[?25l[A[1Gpulling manifest [K
pulling e7b273f96360:  19% ▕███               ▏ 2.6 GB/ 13 GB   32 MB/s   5m40s[K[?25h[?2026l[?2026h[?25l[A[1Gpulling manifest [K
pulling e7b273f96360:  19% ▕███               ▏ 2.6 GB/ 13 GB   32 MB/s   5m40s[K[?25h[?2026l[?2026h[?25l[A[1Gpulling manifest [K
pulling e7b273f96360:  19% ▕███               ▏ 2.6 GB/ 13 GB   31 MB/s   5m56s[K[?25h[?2026l[?2026h[?25l[A[1Gpulling manifest [K
pulling e7b273f96360:  19% ▕███               ▏ 2.6 GB/ 13 GB   31 MB/s   5m56s[K[?25h[?2026l[?2026h[?25l[A[1Gpulling manifest [K
pulling e7b273f96360:  19% ▕███               ▏ 2.6 GB/ 13 GB   31 MB/s   5m56s[K[?25h[?2026l[?2026h[?25l[A[1Gpulling manifest [K
pulling e7b273f96360:  19% ▕███               ▏ 2.6 GB/ 13 GB   31 MB/s   5m56s[K[?25h[?2026l[?2026h[?25l[A[1Gpulling manifest [K
pulling e7b273f96360:  19% ▕███               ▏ 2.6 GB/ 13 GB   31 MB/s   5m55s[K[?25h[?2026l[?2026h[?25l[A[1Gpulling manifest [K
pulling e7b273f96360:  19% ▕███               ▏ 2.6 GB/ 13 GB   31 MB/s   5m55s[K[?25h[?2026l[?2026h[?25l[A[1Gpulling manifest [K
pulling e7b273f96360:  19% ▕███               ▏ 2.7 GB/ 13 GB   31 MB/s   5m55s[K[?25h[?2026l[?2026h[?25l[A[1Gpulling manifest [K
pulling e7b273f96360:  19% ▕███               ▏ 2.7 GB/ 13 GB   31 MB/s   5m55s[K[?25h[?2026l[?2026h[?25l[A[1Gpulling manifest [K
pulling e7b273f96360:  19% ▕███               ▏ 2.7 GB/ 13 GB   31 MB/s   5m55s[K[?25h[?2026l[?2026h[?25l[A[1Gpulling manifest [K
pulling e7b273f96360:  19% ▕███               ▏ 2.7 GB/ 13 GB   31 MB/s   5m55s[K[?25h[?2026l[?2026h[?25l[A[1Gpulling manifest [K
pulling e7b273f96360:  19% ▕███               ▏ 2.7 GB/ 13 GB   31 MB/s   5m57s[K[?25h[?2026l[?2026h[?25l[A[1Gpulling manifest [K
pulling e7b273f96360:  19% ▕███               ▏ 2.7 GB/ 13 GB   31 MB/s   5m57s[K[?25h[?2026l[?2026h[?25l[A[1Gpulling manifest [K
pulling e7b273f96360:  19% ▕███               ▏ 2.7 GB/ 13 GB   31 MB/s   5m57s[K[?25h[?2026l[?2026h[?25l[A[1Gpulling manifest [K
pulling e7b273f96360:  19% ▕███               ▏ 2.7 GB/ 13 GB   31 MB/s   5m57s[K[?25h[?2026l[?2026h[?25l[A[1Gpulling manifest [K
pulling e7b273f96360:  19% ▕███               ▏ 2.7 GB/ 13 GB   31 MB/s   5m57s[K[?25h[?2026l[?2026h[?25l[A[1Gpulling manifest [K
pulling e7b273f96360:  19% ▕███               ▏ 2.7 GB/ 13 GB   31 MB/s   5m57s[K[?25h[?2026l[?2026h[?25l[A[1Gpulling manifest [K
pulling e7b273f96360:  19% ▕███               ▏ 2.7 GB/ 13 GB   31 MB/s   5m57s[K[?25h[?2026l[?2026h[?25l[A[1Gpulling manifest [K
pulling e7b273f96360:  19% ▕███               ▏ 2.7 GB/ 13 GB   31 MB/s   5m57s[K[?25h[?2026l[?2026h[?25l[A[1Gpulling manifest [K
pulling e7b273f96360:  19% ▕███               ▏ 2.7 GB/ 13 GB   31 MB/s   5m56s[K[?25h[?2026l[?2026h[?25l[A[1Gpulling manifest [K
pulling e7b273f96360:  20% ▕███               ▏ 2.7 GB/ 13 GB   31 MB/s   5m56s[K[?25h[?2026l[?2026h[?25l[A[1Gpulling manifest [K
pulling e7b273f96360:  20% ▕███               ▏ 2.7 GB/ 13 GB   31 MB/s   5m56s[K[?25h[?2026l[?2026h[?25l[A[1Gpulling manifest [K
pulling e7b273f96360:  20% ▕███               ▏ 2.7 GB/ 13 GB   30 MB/s   5m59s[K[?25h[?2026l[?2026h[?25l[A[1Gpulling manifest [K
pulling e7b273f96360:  20% ▕███               ▏ 2.7 GB/ 13 GB   30 MB/s   5m59s[K[?25h[?2026l[?2026h[?25l[A[1Gpulling manifest [K
pulling e7b273f96360:  20% ▕███               ▏ 2.7 GB/ 13 GB   30 MB/s   5m59s[K[?25h[?2026l[?2026h[?25l[A[1Gpulling manifest [K
pulling e7b273f96360:  20% ▕███               ▏ 2.7 GB/ 13 GB   30 MB/s   5m59s[K[?25h[?2026l[?2026h[?25l[A[1Gpulling manifest [K
pulling e7b273f96360:  20% ▕███               ▏ 2.7 GB/ 13 GB   30 MB/s   5m58s[K[?25h[?2026l[?2026h[?25l[A[1Gpulling manifest [K
pulling e7b273f96360:  20% ▕███               ▏ 2.7 GB/ 13 GB   30 MB/s   5m58s[K[?25h[?2026l[?2026h[?25l[A[1Gpulling manifest [K
pulling e7b273f96360:  20% ▕███               ▏ 2.7 GB/ 13 GB   30 MB/s   5m58s[K[?25h[?2026l[?2026h[?25l[A[1Gpulling manifest [K
pulling e7b273f96360:  20% ▕███               ▏ 2.7 GB/ 13 GB   30 MB/s   5m58s[K[?25h[?2026l[?2026h[?25l[A[1Gpulling manifest [K
pulling e7b273f96360:  20% ▕███               ▏ 2.7 GB/ 13 GB   30 MB/s   5m58s[K[?25h[?2026l[?2026h[?25l[A[1Gpulling manifest [K
pulling e7b273f96360:  20% ▕███               ▏ 2.7 GB/ 13 GB   30 MB/s   5m58s[K[?25h[?2026l[?2026h[?25l[A[1Gpulling manifest [K
pulling e7b273f96360:  20% ▕███               ▏ 2.7 GB/ 13 GB   30 MB/s    6m3s[K[?25h[?2026l[?2026h[?25l[A[1Gpulling manifest [K
pulling e7b273f96360:  20% ▕███               ▏ 2.7 GB/ 13 GB   30 MB/s    6m3s[K[?25h[?2026l[?2026h[?25l[A[1Gpulling manifest [K
pulling e7b273f96360:  20% ▕███               ▏ 2.7 GB/ 13 GB   30 MB/s    6m3s[K[?25h[?2026l[?2026h[?25l[A[1Gpulling manifest [K
pulling e7b273f96360:  20% ▕███               ▏ 2.7 GB/ 13 GB   30 MB/s    6m3s[K[?25h[?2026l[?2026h[?25l[A[1Gpulling manifest [K
pulling e7b273f96360:  20% ▕███               ▏ 2.7 GB/ 13 GB   30 MB/s    6m3s[K[?25h[?2026l[?2026h[?25l[A[1Gpulling manifest [K
pulling e7b273f96360:  20% ▕███               ▏ 2.7 GB/ 13 GB   30 MB/s    6m3s[K[?25h[?2026l[?2026h[?25l[A[1Gpulling manifest [K
pulling e7b273f96360:  20% ▕███               ▏ 2.7 GB/ 13 GB   30 MB/s    6m3s[K[?25h[?2026l[?2026h[?25l[A[1Gpulling manifest [K
pulling e7b273f96360:  20% ▕███               ▏ 2.7 GB/ 13 GB   30 MB/s    6m3s[K[?25h[?2026l[?2026h[?25l[A[1Gpulling manifest [K
pulling e7b273f96360:  20% ▕███               ▏ 2.8 GB/ 13 GB   30 MB/s    6m2s[K[?25h[?2026l[?2026h[?25l[A[1Gpulling manifest [K
pulling e7b273f96360:  20% ▕███               ▏ 2.8 GB/ 13 GB   30 MB/s    6m2s[K[?25h[?2026l[?2026h[?25l[A[1Gpulling manifest [K
pulling e7b273f96360:  20% ▕███               ▏ 2.8 GB/ 13 GB   30 MB/s    6m6s[K[?25h[?2026l[?2026h[?25l[A[1Gpulling manifest [K
pulling e7b273f96360:  20% ▕███               ▏ 2.8 GB/ 13 GB   30 MB/s    6m6s[K[?25h[?2026l[?2026h[?25l[A[1Gpulling manifest [K
pulling e7b273f96360:  20% ▕███               ▏ 2.8 GB/ 13 GB   30 MB/s    6m6s[K[?25h[?2026l[?2026h[?25l[A[1Gpulling manifest [K
pulling e7b273f96360:  20% ▕███               ▏ 2.8 GB/ 13 GB   30 MB/s    6m6s[K[?25h[?2026l[?2026h[?25l[A[1Gpulling manifest [K
pulling e7b273f96360:  20% ▕███               ▏ 2.8 GB/ 13 GB   30 MB/s    6m6s[K[?25h[?2026l[?2026h[?25l[A[1Gpulling manifest [K
pulling e7b273f96360:  20% ▕███               ▏ 2.8 GB/ 13 GB   30 MB/s    6m6s[K[?25h[?2026l[?2026h[?25l[A[1Gpulling manifest [K
pulling e7b273f96360:  20% ▕███               ▏ 2.8 GB/ 13 GB   30 MB/s    6m6s[K[?25h[?2026l[?2026h[?25l[A[1Gpulling manifest [K
pulling e7b273f96360:  20% ▕███               ▏ 2.8 GB/ 13 GB   30 MB/s    6m6s[K[?25h[?2026l[?2026h[?25l[A[1Gpulling manifest [K
pulling e7b273f96360:  20% ▕███               ▏ 2.8 GB/ 13 GB   30 MB/s    6m5s[K[?25h[?2026l[?2026h[?25l[A[1Gpulling manifest [K
pulling e7b273f96360:  20% ▕███               ▏ 2.8 GB/ 13 GB   30 MB/s    6m5s[K[?25h[?2026l[?2026h[?25l[A[1Gpulling manifest [K
pulling e7b273f96360:  20% ▕███               ▏ 2.8 GB/ 13 GB   30 MB/s   5m58s[K[?25h[?2026l[?2026h[?25l[A[1Gpulling manifest [K
pulling e7b273f96360:  20% ▕███               ▏ 2.8 GB/ 13 GB   30 MB/s   5m58s[K[?25h[?2026l[?2026h[?25l[A[1Gpulling manifest [K
pulling e7b273f96360:  20% ▕███               ▏ 2.8 GB/ 13 GB   30 MB/s   5m58s[K[?25h[?2026l[?2026h[?25l[A[1Gpulling manifest [K
pulling e7b273f96360:  20% ▕███               ▏ 2.8 GB/ 13 GB   30 MB/s   5m58s[K[?25h[?2026l[?2026h[?25l[A[1Gpulling manifest [K
pulling e7b273f96360:  20% ▕███               ▏ 2.8 GB/ 13 GB   30 MB/s   5m58s[K[?25h[?2026l[?2026h[?25l[A[1Gpulling manifest [K
pulling e7b273f96360:  20% ▕███               ▏ 2.8 GB/ 13 GB   30 MB/s   5m58s[K[?25h[?2026l[?2026h[?25l[A[1Gpulling manifest [K
pulling e7b273f96360:  20% ▕███               ▏ 2.8 GB/ 13 GB   30 MB/s   5m57s[K[?25h[?2026l[?2026h[?25l[A[1Gpulling manifest [K
pulling e7b273f96360:  20% ▕███               ▏ 2.8 GB/ 13 GB   30 MB/s   5m57s[K[?25h[?2026l[?2026h[?25l[A[1Gpulling manifest [K
pulling e7b273f96360:  20% ▕███               ▏ 2.8 GB/ 13 GB   30 MB/s   5m57s[K[?25h[?2026l[?2026h[?25l[A[1Gpulling manifest [K
pulling e7b273f96360:  20% ▕███               ▏ 2.8 GB/ 13 GB   30 MB/s   5m57s[K[?25h[?2026l[?2026h[?25l[A[1Gpulling manifest [K
pulling e7b273f96360:  20% ▕███               ▏ 2.8 GB/ 13 GB   30 MB/s    6m1s[K[?25h[?2026l[?2026h[?25l[A[1Gpulling manifest [K
pulling e7b273f96360:  20% ▕███               ▏ 2.8 GB/ 13 GB   30 MB/s    6m0s[K[?25h[?2026l[?2026h[?25l[A[1Gpulling manifest [K
pulling e7b273f96360:  20% ▕███               ▏ 2.8 GB/ 13 GB   30 MB/s    6m0s[K[?25h[?2026l[?2026h[?25l[A[1Gpulling manifest [K
pulling e7b273f96360:  21% ▕███               ▏ 2.8 GB/ 13 GB   30 MB/s    6m0s[K[?25h[?2026l[?2026h[?25l[A[1Gpulling manifest [K
pulling e7b273f96360:  21% ▕███               ▏ 2.8 GB/ 13 GB   30 MB/s    6m0s[K[?25h[?2026l[?2026h[?25l[A[1Gpulling manifest [K
pulling e7b273f96360:  21% ▕███               ▏ 2.8 GB/ 13 GB   30 MB/s    6m0s[K[?25h[?2026l[?2026h[?25l[A[1Gpulling manifest [K
pulling e7b273f96360:  21% ▕███               ▏ 2.8 GB/ 13 GB   30 MB/s    6m0s[K[?25h[?2026l[?2026h[?25l[A[1Gpulling manifest [K
pulling e7b273f96360:  21% ▕███               ▏ 2.8 GB/ 13 GB   30 MB/s    6m0s[K[?25h[?2026l[?2026h[?25l[A[1Gpulling manifest [K
pulling e7b273f96360:  21% ▕███               ▏ 2.8 GB/ 13 GB   30 MB/s    6m0s[K[?25h[?2026l[?2026h[?25l[A[1Gpulling manifest [K
pulling e7b273f96360:  21% ▕███               ▏ 2.8 GB/ 13 GB   30 MB/s    6m0s[K[?25h[?2026l[?2026h[?25l[A[1Gpulling manifest [K
pulling e7b273f96360:  21% ▕███               ▏ 2.8 GB/ 13 GB   30 MB/s    6m0s[K[?25h[?2026l[?2026h[?25l[A[1Gpulling manifest [K
pulling e7b273f96360:  21% ▕███               ▏ 2.9 GB/ 13 GB   30 MB/s    6m1s[K[?25h[?2026l[?2026h[?25l[A[1Gpulling manifest [K
pulling e7b273f96360:  21% ▕███               ▏ 2.9 GB/ 13 GB   30 MB/s    6m1s[K[?25h[?2026l[?2026h[?25l[A[1Gpulling manifest [K
pulling e7b273f96360:  21% ▕███               ▏ 2.9 GB/ 13 GB   30 MB/s    6m1s[K[?25h[?2026l[?2026h[?25l[A[1Gpulling manifest [K
pulling e7b273f96360:  21% ▕███               ▏ 2.9 GB/ 13 GB   30 MB/s    6m1s[K[?25h[?2026l[?2026h[?25l[A[1Gpulling manifest [K
pulling e7b273f96360:  21% ▕███               ▏ 2.9 GB/ 13 GB   30 MB/s    6m1s[K[?25h[?2026l[?2026h[?25l[A[1Gpulling manifest [K
pulling e7b273f96360:  21% ▕███               ▏ 2.9 GB/ 13 GB   30 MB/s    6m1s[K[?25h[?2026l[?2026h[?25l[A[1Gpulling manifest [K
pulling e7b273f96360:  21% ▕███               ▏ 2.9 GB/ 13 GB   30 MB/s    6m1s[K[?25h[?2026l[?2026h[?25l[A[1Gpulling manifest [K
pulling e7b273f96360:  21% ▕███               ▏ 2.9 GB/ 13 GB   30 MB/s    6m1s[K[?25h[?2026l[?2026h[?25l[A[1Gpulling manifest [K
pulling e7b273f96360:  21% ▕███               ▏ 2.9 GB/ 13 GB   30 MB/s    6m1s[K[?25h[?2026l[?2026h[?25l[A[1Gpulling manifest [K
pulling e7b273f96360:  21% ▕███               ▏ 2.9 GB/ 13 GB   30 MB/s    6m1s[K[?25h[?2026l[?2026h[?25l[A[1Gpulling manifest [K
pulling e7b273f96360:  21% ▕███               ▏ 2.9 GB/ 13 GB   30 MB/s   5m59s[K[?25h[?2026l[?2026h[?25l[A[1Gpulling manifest [K
pulling e7b273f96360:  21% ▕███               ▏ 2.9 GB/ 13 GB   30 MB/s   5m59s[K[?25h[?2026l[?2026h[?25l[A[1Gpulling manifest [K
pulling e7b273f96360:  21% ▕███               ▏ 2.9 GB/ 13 GB   30 MB/s   5m59s[K[?25h[?2026l[?2026h[?25l[A[1Gpulling manifest [K
pulling e7b273f96360:  21% ▕███               ▏ 2.9 GB/ 13 GB   30 MB/s   5m58s[K[?25h[?2026l[?2026h[?25l[A[1Gpulling manifest [K
pulling e7b273f96360:  21% ▕███               ▏ 2.9 GB/ 13 GB   30 MB/s   5m58s[K[?25h[?2026l[?2026h[?25l[A[1Gpulling manifest [K
pulling e7b273f96360:  21% ▕███               ▏ 2.9 GB/ 13 GB   30 MB/s   5m58s[K[?25h[?2026l[?2026h[?25l[A[1Gpulling manifest [K
pulling e7b273f96360:  21% ▕███               ▏ 2.9 GB/ 13 GB   30 MB/s   5m58s[K[?25h[?2026l[?2026h[?25l[A[1Gpulling manifest [K
pulling e7b273f96360:  21% ▕███               ▏ 2.9 GB/ 13 GB   30 MB/s   5m58s[K[?25h[?2026l[?2026h[?25l[A[1Gpulling manifest [K
pulling e7b273f96360:  21% ▕███               ▏ 2.9 GB/ 13 GB   30 MB/s   5m58s[K[?25h[?2026l[?2026h[?25l[A[1Gpulling manifest [K
pulling e7b273f96360:  21% ▕███               ▏ 2.9 GB/ 13 GB   30 MB/s   5m58s[K[?25h[?2026l[?2026h[?25l[A[1Gpulling manifest [K
pulling e7b273f96360:  21% ▕███               ▏ 2.9 GB/ 13 GB   30 MB/s   5m59s[K[?25h[?2026l[?2026h[?25l[A[1Gpulling manifest [K
pulling e7b273f96360:  21% ▕███               ▏ 2.9 GB/ 13 GB   30 MB/s   5m59s[K[?25h[?2026l[?2026h[?25l[A[1Gpulling manifest [K
pulling e7b273f96360:  21% ▕███               ▏ 2.9 GB/ 13 GB   30 MB/s   5m59s[K[?25h[?2026l[?2026h[?25l[A[1Gpulling manifest [K
pulling e7b273f96360:  21% ▕███               ▏ 2.9 GB/ 13 GB   30 MB/s   5m59s[K[?25h[?2026l[?2026h[?25l[A[1Gpulling manifest [K
pulling e7b273f96360:  21% ▕███               ▏ 2.9 GB/ 13 GB   30 MB/s   5m59s[K[?25h[?2026l[?2026h[?25l[A[1Gpulling manifest [K
pulling e7b273f96360:  21% ▕███               ▏ 2.9 GB/ 13 GB   30 MB/s   5m59s[K[?25h[?2026l[?2026h[?25l[A[1Gpulling manifest [K
pulling e7b273f96360:  21% ▕███               ▏ 2.9 GB/ 13 GB   30 MB/s   5m59s[K[?25h[?2026l[?2026h[?25l[A[1Gpulling manifest [K
pulling e7b273f96360:  21% ▕███               ▏ 2.9 GB/ 13 GB   30 MB/s   5m58s[K[?25h[?2026l[?2026h[?25l[A[1Gpulling manifest [K
pulling e7b273f96360:  21% ▕███               ▏ 2.9 GB/ 13 GB   30 MB/s   5m58s[K[?25h[?2026l[?2026h[?25l[A[1Gpulling manifest [K
pulling e7b273f96360:  21% ▕███               ▏ 2.9 GB/ 13 GB   30 MB/s   5m58s[K[?25h[?2026l[?2026h[?25l[A[1Gpulling manifest [K
pulling e7b273f96360:  21% ▕███               ▏ 2.9 GB/ 13 GB   30 MB/s   5m55s[K[?25h[?2026l[?2026h[?25l[A[1Gpulling manifest [K
pulling e7b273f96360:  21% ▕███               ▏ 2.9 GB/ 13 GB   30 MB/s   5m55s[K[?25h[?2026l[?2026h[?25l[A[1Gpulling manifest [K
pulling e7b273f96360:  21% ▕███               ▏ 2.9 GB/ 13 GB   30 MB/s   5m55s[K[?25h[?2026l[?2026h[?25l[A[1Gpulling manifest [K
pulling e7b273f96360:  21% ▕███               ▏ 2.9 GB/ 13 GB   30 MB/s   5m55s[K[?25h[?2026l[?2026h[?25l[A[1Gpulling manifest [K
pulling e7b273f96360:  21% ▕███               ▏ 3.0 GB/ 13 GB   30 MB/s   5m55s[K[?25h[?2026l[?2026h[?25l[A[1Gpulling manifest [K
pulling e7b273f96360:  21% ▕███               ▏ 3.0 GB/ 13 GB   30 MB/s   5m54s[K[?25h[?2026l[?2026h[?25l[A[1Gpulling manifest [K
pulling e7b273f96360:  21% ▕███               ▏ 3.0 GB/ 13 GB   30 MB/s   5m54s[K[?25h[?2026l[?2026h[?25l[A[1Gpulling manifest [K
pulling e7b273f96360:  21% ▕███               ▏ 3.0 GB/ 13 GB   30 MB/s   5m54s[K[?25h[?2026l[?2026h[?25l[A[1Gpulling manifest [K
pulling e7b273f96360:  21% ▕███               ▏ 3.0 GB/ 13 GB   30 MB/s   5m54s[K[?25h[?2026l[?2026h[?25l[A[1Gpulling manifest [K
pulling e7b273f96360:  21% ▕███               ▏ 3.0 GB/ 13 GB   30 MB/s   5m54s[K[?25h[?2026l[?2026h[?25l[A[1Gpulling manifest [K
pulling e7b273f96360:  22% ▕███               ▏ 3.0 GB/ 13 GB   30 MB/s   5m57s[K[?25h[?2026l[?2026h[?25l[A[1Gpulling manifest [K
pulling e7b273f96360:  22% ▕███               ▏ 3.0 GB/ 13 GB   30 MB/s   5m57s[K[?25h[?2026l[?2026h[?25l[A[1Gpulling manifest [K
pulling e7b273f96360:  22% ▕███               ▏ 3.0 GB/ 13 GB   30 MB/s   5m57s[K[?25h[?2026l[?2026h[?25l[A[1Gpulling manifest [K
pulling e7b273f96360:  22% ▕███               ▏ 3.0 GB/ 13 GB   30 MB/s   5m57s[K[?25h[?2026l[?2026h[?25l[A[1Gpulling manifest [K
pulling e7b273f96360:  22% ▕███               ▏ 3.0 GB/ 13 GB   30 MB/s   5m57s[K[?25h[?2026l[?2026h[?25l[A[1Gpulling manifest [K
pulling e7b273f96360:  22% ▕███               ▏ 3.0 GB/ 13 GB   30 MB/s   5m57s[K[?25h[?2026l[?2026h[?25l[A[1Gpulling manifest [K
pulling e7b273f96360:  22% ▕███               ▏ 3.0 GB/ 13 GB   30 MB/s   5m57s[K[?25h[?2026l[?2026h[?25l[A[1Gpulling manifest [K
pulling e7b273f96360:  22% ▕███               ▏ 3.0 GB/ 13 GB   30 MB/s   5m57s[K[?25h[?2026l[?2026h[?25l[A[1Gpulling manifest [K
pulling e7b273f96360:  22% ▕███               ▏ 3.0 GB/ 13 GB   30 MB/s   5m56s[K[?25h[?2026l[?2026h[?25l[A[1Gpulling manifest [K
pulling e7b273f96360:  22% ▕███               ▏ 3.0 GB/ 13 GB   30 MB/s   5m56s[K[?25h[?2026l[?2026h[?25l[A[1Gpulling manifest [K
pulling e7b273f96360:  22% ▕███               ▏ 3.0 GB/ 13 GB   30 MB/s   5m56s[K[?25h[?2026l[?2026h[?25l[A[1Gpulling manifest [K
pulling e7b273f96360:  22% ▕███               ▏ 3.0 GB/ 13 GB   31 MB/s   5m46s[K[?25h[?2026l[?2026h[?25l[A[1Gpulling manifest [K
pulling e7b273f96360:  22% ▕███               ▏ 3.0 GB/ 13 GB   31 MB/s   5m46s[K[?25h[?2026l[?2026h[?25l[A[1Gpulling manifest [K
pulling e7b273f96360:  22% ▕███               ▏ 3.0 GB/ 13 GB   31 MB/s   5m46s[K[?25h[?2026l[?2026h[?25l[A[1Gpulling manifest [K
pulling e7b273f96360:  22% ▕███               ▏ 3.0 GB/ 13 GB   31 MB/s   5m46s[K[?25h[?2026l[?2026h[?25l[A[1Gpulling manifest [K
pulling e7b273f96360:  22% ▕███               ▏ 3.0 GB/ 13 GB   31 MB/s   5m46s[K[?25h[?2026l[?2026h[?25l[A[1Gpulling manifest [K
pulling e7b273f96360:  22% ▕███               ▏ 3.0 GB/ 13 GB   31 MB/s   5m46s[K[?25h[?2026l[?2026h[?25l[A[1Gpulling manifest [K
pulling e7b273f96360:  22% ▕███               ▏ 3.0 GB/ 13 GB   31 MB/s   5m46s[K[?25h[?2026l[?2026h[?25l[A[1Gpulling manifest [K
pulling e7b273f96360:  22% ▕███               ▏ 3.0 GB/ 13 GB   31 MB/s   5m45s[K[?25h[?2026l[?2026h[?25l[A[1Gpulling manifest [K
pulling e7b273f96360:  22% ▕███               ▏ 3.0 GB/ 13 GB   31 MB/s   5m45s[K[?25h[?2026l[?2026h[?25l[A[1Gpulling manifest [K
pulling e7b273f96360:  22% ▕███               ▏ 3.0 GB/ 13 GB   31 MB/s   5m45s[K[?25h[?2026l[?2026h[?25l[A[1Gpulling manifest [K
pulling e7b273f96360:  22% ▕███               ▏ 3.0 GB/ 13 GB   31 MB/s   5m40s[K[?25h[?2026l[?2026h[?25l[A[1Gpulling manifest [K
pulling e7b273f96360:  22% ▕███               ▏ 3.0 GB/ 13 GB   31 MB/s   5m39s[K[?25h[?2026l[?2026h[?25l[A[1Gpulling manifest [K
pulling e7b273f96360:  22% ▕███               ▏ 3.1 GB/ 13 GB   31 MB/s   5m39s[K[?25h[?2026l[?2026h[?25l[A[1Gpulling manifest [K
pulling e7b273f96360:  22% ▕███               ▏ 3.1 GB/ 13 GB   31 MB/s   5m39s[K[?25h[?2026l[?2026h[?25l[A[1Gpulling manifest [K
pulling e7b273f96360:  22% ▕███               ▏ 3.1 GB/ 13 GB   31 MB/s   5m39s[K[?25h[?2026l[?2026h[?25l[A[1Gpulling manifest [K
pulling e7b273f96360:  22% ▕███               ▏ 3.1 GB/ 13 GB   31 MB/s   5m39s[K[?25h[?2026l[?2026h[?25l[A[1Gpulling manifest [K
pulling e7b273f96360:  22% ▕███               ▏ 3.1 GB/ 13 GB   31 MB/s   5m39s[K[?25h[?2026l[?2026h[?25l[A[1Gpulling manifest [K
pulling e7b273f96360:  22% ▕████              ▏ 3.1 GB/ 13 GB   31 MB/s   5m39s[K[?25h[?2026l[?2026h[?25l[A[1Gpulling manifest [K
pulling e7b273f96360:  22% ▕████              ▏ 3.1 GB/ 13 GB   31 MB/s   5m39s[K[?25h[?2026l[?2026h[?25l[A[1Gpulling manifest [K
pulling e7b273f96360:  22% ▕████              ▏ 3.1 GB/ 13 GB   31 MB/s   5m39s[K[?25h[?2026l[?2026h[?25l[A[1Gpulling manifest [K
pulling e7b273f96360:  22% ▕████              ▏ 3.1 GB/ 13 GB   31 MB/s   5m40s[K[?25h[?2026l[?2026h[?25l[A[1Gpulling manifest [K
pulling e7b273f96360:  22% ▕████              ▏ 3.1 GB/ 13 GB   31 MB/s   5m40s[K[?25h[?2026l[?2026h[?25l[A[1Gpulling manifest [K
pulling e7b273f96360:  22% ▕████              ▏ 3.1 GB/ 13 GB   31 MB/s   5m40s[K[?25h[?2026l[?2026h[?25l[A[1Gpulling manifest [K
pulling e7b273f96360:  22% ▕████              ▏ 3.1 GB/ 13 GB   31 MB/s   5m40s[K[?25h[?2026l[?2026h[?25l[A[1Gpulling manifest [K
pulling e7b273f96360:  22% ▕████              ▏ 3.1 GB/ 13 GB   31 MB/s   5m40s[K[?25h[?2026l[?2026h[?25l[A[1Gpulling manifest [K
pulling e7b273f96360:  22% ▕████              ▏ 3.1 GB/ 13 GB   31 MB/s   5m39s[K[?25h[?2026l[?2026h[?25l[A[1Gpulling manifest [K
pulling e7b273f96360:  22% ▕████              ▏ 3.1 GB/ 13 GB   31 MB/s   5m39s[K[?25h[?2026l[?2026h[?25l[A[1Gpulling manifest [K
pulling e7b273f96360:  22% ▕████              ▏ 3.1 GB/ 13 GB   31 MB/s   5m39s[K[?25h[?2026l[?2026h[?25l[A[1Gpulling manifest [K
pulling e7b273f96360:  22% ▕████              ▏ 3.1 GB/ 13 GB   31 MB/s   5m39s[K[?25h[?2026l[?2026h[?25l[A[1Gpulling manifest [K
pulling e7b273f96360:  23% ▕████              ▏ 3.1 GB/ 13 GB   31 MB/s   5m39s[K[?25h[?2026l[?2026h[?25l[A[1Gpulling manifest [K
pulling e7b273f96360:  23% ▕████              ▏ 3.1 GB/ 13 GB   31 MB/s   5m36s[K[?25h[?2026l[?2026h[?25l[A[1Gpulling manifest [K
pulling e7b273f96360:  23% ▕████              ▏ 3.1 GB/ 13 GB   31 MB/s   5m36s[K[?25h[?2026l[?2026h[?25l[A[1Gpulling manifest [K
pulling e7b273f96360:  23% ▕████              ▏ 3.1 GB/ 13 GB   31 MB/s   5m36s[K[?25h[?2026l[?2026h[?25l[A[1Gpulling manifest [K
pulling e7b273f96360:  23% ▕████              ▏ 3.1 GB/ 13 GB   31 MB/s   5m35s[K[?25h[?2026l[?2026h[?25l[A[1Gpulling manifest [K
pulling e7b273f96360:  23% ▕████              ▏ 3.1 GB/ 13 GB   31 MB/s   5m35s[K[?25h[?2026l[?2026h[?25l[A[1Gpulling manifest [K
pulling e7b273f96360:  23% ▕████              ▏ 3.1 GB/ 13 GB   31 MB/s   5m35s[K[?25h[?2026l[?2026h[?25l[A[1Gpulling manifest [K
pulling e7b273f96360:  23% ▕████              ▏ 3.1 GB/ 13 GB   31 MB/s   5m35s[K[?25h[?2026l[?2026h[?25l[A[1Gpulling manifest [K
pulling e7b273f96360:  23% ▕████              ▏ 3.1 GB/ 13 GB   31 MB/s   5m35s[K[?25h[?2026l[?2026h[?25l[A[1Gpulling manifest [K
pulling e7b273f96360:  23% ▕████              ▏ 3.1 GB/ 13 GB   31 MB/s   5m35s[K[?25h[?2026l[?2026h[?25l[A[1Gpulling manifest [K
pulling e7b273f96360:  23% ▕████              ▏ 3.1 GB/ 13 GB   31 MB/s   5m35s[K[?25h[?2026l[?2026h[?25l[A[1Gpulling manifest [K
pulling e7b273f96360:  23% ▕████              ▏ 3.1 GB/ 13 GB   32 MB/s   5m31s[K[?25h[?2026l[?2026h[?25l[A[1Gpulling manifest [K
pulling e7b273f96360:  23% ▕████              ▏ 3.1 GB/ 13 GB   32 MB/s   5m31s[K[?25h[?2026l[?2026h[?25l[A[1Gpulling manifest [K
pulling e7b273f96360:  23% ▕████              ▏ 3.1 GB/ 13 GB   32 MB/s   5m30s[K[?25h[?2026l[?2026h[?25l[A[1Gpulling manifest [K
pulling e7b273f96360:  23% ▕████              ▏ 3.1 GB/ 13 GB   32 MB/s   5m30s[K[?25h[?2026l[?2026h[?25l[A[1Gpulling manifest [K
pulling e7b273f96360:  23% ▕████              ▏ 3.2 GB/ 13 GB   32 MB/s   5m30s[K[?25h[?2026l[?2026h[?25l[A[1Gpulling manifest [K
pulling e7b273f96360:  23% ▕████              ▏ 3.2 GB/ 13 GB   32 MB/s   5m30s[K[?25h[?2026l[?2026h[?25l[A[1Gpulling manifest [K
pulling e7b273f96360:  23% ▕████              ▏ 3.2 GB/ 13 GB   32 MB/s   5m30s[K[?25h[?2026l[?2026h[?25l[A[1Gpulling manifest [K
pulling e7b273f96360:  23% ▕████              ▏ 3.2 GB/ 13 GB   32 MB/s   5m30s[K[?25h[?2026l[?2026h[?25l[A[1Gpulling manifest [K
pulling e7b273f96360:  23% ▕████              ▏ 3.2 GB/ 13 GB   32 MB/s   5m30s[K[?25h[?2026l[?2026h[?25l[A[1Gpulling manifest [K
pulling e7b273f96360:  23% ▕████              ▏ 3.2 GB/ 13 GB   32 MB/s   5m30s[K[?25h[?2026l[?2026h[?25l[A[1Gpulling manifest [K
pulling e7b273f96360:  23% ▕████              ▏ 3.2 GB/ 13 GB   32 MB/s   5m30s[K[?25h[?2026l[?2026h[?25l[A[1Gpulling manifest [K
pulling e7b273f96360:  23% ▕████              ▏ 3.2 GB/ 13 GB   32 MB/s   5m28s[K[?25h[?2026l[?2026h[?25l[A[1Gpulling manifest [K
pulling e7b273f96360:  23% ▕████              ▏ 3.2 GB/ 13 GB   32 MB/s   5m28s[K[?25h[?2026l[?2026h[?25l[A[1Gpulling manifest [K
pulling e7b273f96360:  23% ▕████              ▏ 3.2 GB/ 13 GB   32 MB/s   5m28s[K[?25h[?2026l[?2026h[?25l[A[1Gpulling manifest [K
pulling e7b273f96360:  23% ▕████              ▏ 3.2 GB/ 13 GB   32 MB/s   5m28s[K[?25h[?2026l[?2026h[?25l[A[1Gpulling manifest [K
pulling e7b273f96360:  23% ▕████              ▏ 3.2 GB/ 13 GB   32 MB/s   5m28s[K[?25h[?2026l[?2026h[?25l[A[1Gpulling manifest [K
pulling e7b273f96360:  23% ▕████              ▏ 3.2 GB/ 13 GB   32 MB/s   5m28s[K[?25h[?2026l[?2026h[?25l[A[1Gpulling manifest [K
pulling e7b273f96360:  23% ▕████              ▏ 3.2 GB/ 13 GB   32 MB/s   5m27s[K[?25h[?2026l[?2026h[?25l[A[1Gpulling manifest [K
pulling e7b273f96360:  23% ▕████              ▏ 3.2 GB/ 13 GB   32 MB/s   5m27s[K[?25h[?2026l[?2026h[?25l[A[1Gpulling manifest [K
pulling e7b273f96360:  23% ▕████              ▏ 3.2 GB/ 13 GB   32 MB/s   5m27s[K[?25h[?2026l[?2026h[?25l[A[1Gpulling manifest [K
pulling e7b273f96360:  23% ▕████              ▏ 3.2 GB/ 13 GB   32 MB/s   5m27s[K[?25h[?2026l[?2026h[?25l[A[1Gpulling manifest [K
pulling e7b273f96360:  23% ▕████              ▏ 3.2 GB/ 13 GB   32 MB/s   5m21s[K[?25h[?2026l[?2026h[?25l[A[1Gpulling manifest [K
pulling e7b273f96360:  23% ▕████              ▏ 3.2 GB/ 13 GB   32 MB/s   5m21s[K[?25h[?2026l[?2026h[?25l[A[1Gpulling manifest [K
pulling e7b273f96360:  23% ▕████              ▏ 3.2 GB/ 13 GB   32 MB/s   5m21s[K[?25h[?2026l[?2026h[?25l[A[1Gpulling manifest [K
pulling e7b273f96360:  23% ▕████              ▏ 3.2 GB/ 13 GB   32 MB/s   5m21s[K[?25h[?2026l[?2026h[?25l[A[1Gpulling manifest [K
pulling e7b273f96360:  23% ▕████              ▏ 3.2 GB/ 13 GB   32 MB/s   5m21s[K[?25h[?2026l[?2026h[?25l[A[1Gpulling manifest [K
pulling e7b273f96360:  23% ▕████              ▏ 3.2 GB/ 13 GB   32 MB/s   5m21s[K[?25h[?2026l[?2026h[?25l[A[1Gpulling manifest [K
pulling e7b273f96360:  23% ▕████              ▏ 3.2 GB/ 13 GB   32 MB/s   5m21s[K[?25h[?2026l[?2026h[?25l[A[1Gpulling manifest [K
pulling e7b273f96360:  23% ▕████              ▏ 3.2 GB/ 13 GB   32 MB/s   5m21s[K[?25h[?2026l[?2026h[?25l[A[1Gpulling manifest [K
pulling e7b273f96360:  23% ▕████              ▏ 3.2 GB/ 13 GB   32 MB/s   5m21s[K[?25h[?2026l[?2026h[?25l[A[1Gpulling manifest [K
pulling e7b273f96360:  23% ▕████              ▏ 3.2 GB/ 13 GB   32 MB/s   5m21s[K[?25h[?2026l[?2026h[?25l[A[1Gpulling manifest [K
pulling e7b273f96360:  23% ▕████              ▏ 3.2 GB/ 13 GB   32 MB/s   5m22s[K[?25h[?2026l[?2026h[?25l[A[1Gpulling manifest [K
pulling e7b273f96360:  23% ▕████              ▏ 3.2 GB/ 13 GB   32 MB/s   5m22s[K[?25h[?2026l[?2026h[?25l[A[1Gpulling manifest [K
pulling e7b273f96360:  24% ▕████              ▏ 3.2 GB/ 13 GB   32 MB/s   5m22s[K[?25h[?2026l[?2026h[?25l[A[1Gpulling manifest [K
pulling e7b273f96360:  24% ▕████              ▏ 3.2 GB/ 13 GB   32 MB/s   5m22s[K[?25h[?2026l[?2026h[?25l[A[1Gpulling manifest [K
pulling e7b273f96360:  24% ▕████              ▏ 3.2 GB/ 13 GB   32 MB/s   5m22s[K[?25h[?2026l[?2026h[?25l[A[1Gpulling manifest [K
pulling e7b273f96360:  24% ▕████              ▏ 3.3 GB/ 13 GB   32 MB/s   5m21s[K[?25h[?2026l[?2026h[?25l[A[1Gpulling manifest [K
pulling e7b273f96360:  24% ▕████              ▏ 3.3 GB/ 13 GB   32 MB/s   5m21s[K[?25h[?2026l[?2026h[?25l[A[1Gpulling manifest [K
pulling e7b273f96360:  24% ▕████              ▏ 3.3 GB/ 13 GB   32 MB/s   5m21s[K[?25h[?2026l[?2026h[?25l[A[1Gpulling manifest [K
pulling e7b273f96360:  24% ▕████              ▏ 3.3 GB/ 13 GB   32 MB/s   5m21s[K[?25h[?2026l[?2026h[?25l[A[1Gpulling manifest [K
pulling e7b273f96360:  24% ▕████              ▏ 3.3 GB/ 13 GB   32 MB/s   5m21s[K[?25h[?2026l[?2026h[?25l[A[1Gpulling manifest [K
pulling e7b273f96360:  24% ▕████              ▏ 3.3 GB/ 13 GB   32 MB/s   5m20s[K[?25h[?2026l[?2026h[?25l[A[1Gpulling manifest [K
pulling e7b273f96360:  24% ▕████              ▏ 3.3 GB/ 13 GB   32 MB/s   5m20s[K[?25h[?2026l[?2026h[?25l[A[1Gpulling manifest [K
pulling e7b273f96360:  24% ▕████              ▏ 3.3 GB/ 13 GB   32 MB/s   5m20s[K[?25h[?2026l[?2026h[?25l[A[1Gpulling manifest [K
pulling e7b273f96360:  24% ▕████              ▏ 3.3 GB/ 13 GB   32 MB/s   5m20s[K[?25h[?2026l[?2026h[?25l[A[1Gpulling manifest [K
pulling e7b273f96360:  24% ▕████              ▏ 3.3 GB/ 13 GB   32 MB/s   5m20s[K[?25h[?2026l[?2026h[?25l[A[1Gpulling manifest [K
pulling e7b273f96360:  24% ▕████              ▏ 3.3 GB/ 13 GB   32 MB/s   5m20s[K[?25h[?2026l[?2026h[?25l[A[1Gpulling manifest [K
pulling e7b273f96360:  24% ▕████              ▏ 3.3 GB/ 13 GB   32 MB/s   5m20s[K[?25h[?2026l[?2026h[?25l[A[1Gpulling manifest [K
pulling e7b273f96360:  24% ▕████              ▏ 3.3 GB/ 13 GB   32 MB/s   5m20s[K[?25h[?2026l[?2026h[?25l[A[1Gpulling manifest [K
pulling e7b273f96360:  24% ▕████              ▏ 3.3 GB/ 13 GB   32 MB/s   5m20s[K[?25h[?2026l[?2026h[?25l[A[1Gpulling manifest [K
pulling e7b273f96360:  24% ▕████              ▏ 3.3 GB/ 13 GB   32 MB/s   5m20s[K[?25h[?2026l[?2026h[?25l[A[1Gpulling manifest [K
pulling e7b273f96360:  24% ▕████              ▏ 3.3 GB/ 13 GB   31 MB/s   5m28s[K[?25h[?2026l[?2026h[?25l[A[1Gpulling manifest [K
pulling e7b273f96360:  24% ▕████              ▏ 3.3 GB/ 13 GB   31 MB/s   5m28s[K[?25h[?2026l[?2026h[?25l[A[1Gpulling manifest [K
pulling e7b273f96360:  24% ▕████              ▏ 3.3 GB/ 13 GB   31 MB/s   5m28s[K[?25h[?2026l[?2026h[?25l[A[1Gpulling manifest [K
pulling e7b273f96360:  24% ▕████              ▏ 3.3 GB/ 13 GB   31 MB/s   5m28s[K[?25h[?2026l[?2026h[?25l[A[1Gpulling manifest [K
pulling e7b273f96360:  24% ▕████              ▏ 3.3 GB/ 13 GB   31 MB/s   5m28s[K[?25h[?2026l[?2026h[?25l[A[1Gpulling manifest [K
pulling e7b273f96360:  24% ▕████              ▏ 3.3 GB/ 13 GB   31 MB/s   5m28s[K[?25h[?2026l[?2026h[?25l[A[1Gpulling manifest [K
pulling e7b273f96360:  24% ▕████              ▏ 3.3 GB/ 13 GB   31 MB/s   5m28s[K[?25h[?2026l[?2026h[?25l[A[1Gpulling manifest [K
pulling e7b273f96360:  24% ▕████              ▏ 3.3 GB/ 13 GB   31 MB/s   5m28s[K[?25h[?2026l[?2026h[?25l[A[1Gpulling manifest [K
pulling e7b273f96360:  24% ▕████              ▏ 3.3 GB/ 13 GB   31 MB/s   5m28s[K[?25h[?2026l[?2026h[?25l[A[1Gpulling manifest [K
pulling e7b273f96360:  24% ▕████              ▏ 3.3 GB/ 13 GB   31 MB/s   5m27s[K[?25h[?2026l[?2026h[?25l[A[1Gpulling manifest [K
pulling e7b273f96360:  24% ▕████              ▏ 3.3 GB/ 13 GB   31 MB/s   5m27s[K[?25h[?2026l[?2026h[?25l[A[1Gpulling manifest [K
pulling e7b273f96360:  24% ▕████              ▏ 3.3 GB/ 13 GB   31 MB/s   5m34s[K[?25h[?2026l[?2026h[?25l[A[1Gpulling manifest [K
pulling e7b273f96360:  24% ▕████              ▏ 3.3 GB/ 13 GB   31 MB/s   5m34s[K[?25h[?2026l[?2026h[?25l[A[1Gpulling manifest [K
pulling e7b273f96360:  24% ▕████              ▏ 3.3 GB/ 13 GB   31 MB/s   5m34s[K[?25h[?2026l[?2026h[?25l[A[1Gpulling manifest [K
pulling e7b273f96360:  24% ▕████              ▏ 3.3 GB/ 13 GB   31 MB/s   5m34s[K[?25h[?2026l[?2026h[?25l[A[1Gpulling manifest [K
pulling e7b273f96360:  24% ▕████              ▏ 3.3 GB/ 13 GB   31 MB/s   5m33s[K[?25h[?2026l[?2026h[?25l[A[1Gpulling manifest [K
pulling e7b273f96360:  24% ▕████              ▏ 3.3 GB/ 13 GB   31 MB/s   5m33s[K[?25h[?2026l[?2026h[?25l[A[1Gpulling manifest [K
pulling e7b273f96360:  24% ▕████              ▏ 3.3 GB/ 13 GB   31 MB/s   5m33s[K[?25h[?2026l[?2026h[?25l[A[1Gpulling manifest [K
pulling e7b273f96360:  24% ▕████              ▏ 3.3 GB/ 13 GB   31 MB/s   5m33s[K[?25h[?2026l[?2026h[?25l[A[1Gpulling manifest [K
pulling e7b273f96360:  24% ▕████              ▏ 3.3 GB/ 13 GB   31 MB/s   5m33s[K[?25h[?2026l[?2026h[?25l[A[1Gpulling manifest [K
pulling e7b273f96360:  24% ▕████              ▏ 3.4 GB/ 13 GB   31 MB/s   5m33s[K[?25h[?2026l[?2026h[?25l[A[1Gpulling manifest [K
pulling e7b273f96360:  24% ▕████              ▏ 3.4 GB/ 13 GB   31 MB/s   5m35s[K[?25h[?2026l[?2026h[?25l[A[1Gpulling manifest [K
pulling e7b273f96360:  24% ▕████              ▏ 3.4 GB/ 13 GB   31 MB/s   5m35s[K[?25h[?2026l[?2026h[?25l[A[1Gpulling manifest [K
pulling e7b273f96360:  24% ▕████              ▏ 3.4 GB/ 13 GB   31 MB/s   5m35s[K[?25h[?2026l[?2026h[?25l[A[1Gpulling manifest [K
pulling e7b273f96360:  24% ▕████              ▏ 3.4 GB/ 13 GB   31 MB/s   5m35s[K[?25h[?2026l[?2026h[?25l[A[1Gpulling manifest [K
pulling e7b273f96360:  24% ▕████              ▏ 3.4 GB/ 13 GB   31 MB/s   5m35s[K[?25h[?2026l[?2026h[?25l[A[1Gpulling manifest [K
pulling e7b273f96360:  24% ▕████              ▏ 3.4 GB/ 13 GB   31 MB/s   5m35s[K[?25h[?2026l[?2026h[?25l[A[1Gpulling manifest [K
pulling e7b273f96360:  24% ▕████              ▏ 3.4 GB/ 13 GB   31 MB/s   5m35s[K[?25h[?2026l[?2026h[?25l[A[1Gpulling manifest [K
pulling e7b273f96360:  24% ▕████              ▏ 3.4 GB/ 13 GB   31 MB/s   5m35s[K[?25h[?2026l[?2026h[?25l[A[1Gpulling manifest [K
pulling e7b273f96360:  25% ▕████              ▏ 3.4 GB/ 13 GB   31 MB/s   5m34s[K[?25h[?2026l[?2026h[?25l[A[1Gpulling manifest [K
pulling e7b273f96360:  25% ▕████              ▏ 3.4 GB/ 13 GB   31 MB/s   5m34s[K[?25h[?2026l[?2026h[?25l[A[1Gpulling manifest [K
pulling e7b273f96360:  25% ▕████              ▏ 3.4 GB/ 13 GB   30 MB/s   5m38s[K[?25h[?2026l[?2026h[?25l[A[1Gpulling manifest [K
pulling e7b273f96360:  25% ▕████              ▏ 3.4 GB/ 13 GB   30 MB/s   5m38s[K[?25h[?2026l[?2026h[?25l[A[1Gpulling manifest [K
pulling e7b273f96360:  25% ▕████              ▏ 3.4 GB/ 13 GB   30 MB/s   5m38s[K[?25h[?2026l[?2026h[?25l[A[1Gpulling manifest [K
pulling e7b273f96360:  25% ▕████              ▏ 3.4 GB/ 13 GB   30 MB/s   5m38s[K[?25h[?2026l[?2026h[?25l[A[1Gpulling manifest [K
pulling e7b273f96360:  25% ▕████              ▏ 3.4 GB/ 13 GB   30 MB/s   5m38s[K[?25h[?2026l[?2026h[?25l[A[1Gpulling manifest [K
pulling e7b273f96360:  25% ▕████              ▏ 3.4 GB/ 13 GB   30 MB/s   5m38s[K[?25h[?2026l[?2026h[?25l[A[1Gpulling manifest [K
pulling e7b273f96360:  25% ▕████              ▏ 3.4 GB/ 13 GB   30 MB/s   5m38s[K[?25h[?2026l[?2026h[?25l[A[1Gpulling manifest [K
pulling e7b273f96360:  25% ▕████              ▏ 3.4 GB/ 13 GB   30 MB/s   5m38s[K[?25h[?2026l[?2026h[?25l[A[1Gpulling manifest [K
pulling e7b273f96360:  25% ▕████              ▏ 3.4 GB/ 13 GB   30 MB/s   5m38s[K[?25h[?2026l[?2026h[?25l[A[1Gpulling manifest [K
pulling e7b273f96360:  25% ▕████              ▏ 3.4 GB/ 13 GB   30 MB/s   5m37s[K[?25h[?2026l[?2026h[?25l[A[1Gpulling manifest [K
pulling e7b273f96360:  25% ▕████              ▏ 3.4 GB/ 13 GB   30 MB/s   5m34s[K[?25h[?2026l[?2026h[?25l[A[1Gpulling manifest [K
pulling e7b273f96360:  25% ▕████              ▏ 3.4 GB/ 13 GB   30 MB/s   5m34s[K[?25h[?2026l[?2026h[?25l[A[1Gpulling manifest [K
pulling e7b273f96360:  25% ▕████              ▏ 3.4 GB/ 13 GB   30 MB/s   5m34s[K[?25h[?2026l[?2026h[?25l[A[1Gpulling manifest [K
pulling e7b273f96360:  25% ▕████              ▏ 3.4 GB/ 13 GB   30 MB/s   5m34s[K[?25h[?2026l[?2026h[?25l[A[1Gpulling manifest [K
pulling e7b273f96360:  25% ▕████              ▏ 3.4 GB/ 13 GB   30 MB/s   5m34s[K[?25h[?2026l[?2026h[?25l[A[1Gpulling manifest [K
pulling e7b273f96360:  25% ▕████              ▏ 3.4 GB/ 13 GB   30 MB/s   5m34s[K[?25h[?2026l[?2026h[?25l[A[1Gpulling manifest [K
pulling e7b273f96360:  25% ▕████              ▏ 3.4 GB/ 13 GB   30 MB/s   5m34s[K[?25h[?2026l[?2026h[?25l[A[1Gpulling manifest [K
pulling e7b273f96360:  25% ▕████              ▏ 3.4 GB/ 13 GB   30 MB/s   5m34s[K[?25h[?2026l[?2026h[?25l[A[1Gpulling manifest [K
pulling e7b273f96360:  25% ▕████              ▏ 3.4 GB/ 13 GB   30 MB/s   5m34s[K[?25h[?2026l[?2026h[?25l[A[1Gpulling manifest [K
pulling e7b273f96360:  25% ▕████              ▏ 3.4 GB/ 13 GB   30 MB/s   5m34s[K[?25h[?2026l[?2026h[?25l[A[1Gpulling manifest [K
pulling e7b273f96360:  25% ▕████              ▏ 3.5 GB/ 13 GB   31 MB/s   5m32s[K[?25h[?2026l[?2026h[?25l[A[1Gpulling manifest [K
pulling e7b273f96360:  25% ▕████              ▏ 3.5 GB/ 13 GB   31 MB/s   5m32s[K[?25h[?2026l[?2026h[?25l[A[1Gpulling manifest [K
pulling e7b273f96360:  25% ▕████              ▏ 3.5 GB/ 13 GB   31 MB/s   5m32s[K[?25h[?2026l[?2026h[?25l[A[1Gpulling manifest [K
pulling e7b273f96360:  25% ▕████              ▏ 3.5 GB/ 13 GB   31 MB/s   5m32s[K[?25h[?2026l[?2026h[?25l[A[1Gpulling manifest [K
pulling e7b273f96360:  25% ▕████              ▏ 3.5 GB/ 13 GB   31 MB/s   5m32s[K[?25h[?2026l[?2026h[?25l[A[1Gpulling manifest [K
pulling e7b273f96360:  25% ▕████              ▏ 3.5 GB/ 13 GB   31 MB/s   5m32s[K[?25h[?2026l[?2026h[?25l[A[1Gpulling manifest [K
pulling e7b273f96360:  25% ▕████              ▏ 3.5 GB/ 13 GB   31 MB/s   5m31s[K[?25h[?2026l[?2026h[?25l[A[1Gpulling manifest [K
pulling e7b273f96360:  25% ▕████              ▏ 3.5 GB/ 13 GB   31 MB/s   5m31s[K[?25h[?2026l[?2026h[?25l[A[1Gpulling manifest [K
pulling e7b273f96360:  25% ▕████              ▏ 3.5 GB/ 13 GB   31 MB/s   5m31s[K[?25h[?2026l[?2026h[?25l[A[1Gpulling manifest [K
pulling e7b273f96360:  25% ▕████              ▏ 3.5 GB/ 13 GB   31 MB/s   5m31s[K[?25h[?2026l[?2026h[?25l[A[1Gpulling manifest [K
pulling e7b273f96360:  25% ▕████              ▏ 3.5 GB/ 13 GB   31 MB/s   5m31s[K[?25h[?2026l[?2026h[?25l[A[1Gpulling manifest [K
pulling e7b273f96360:  25% ▕████              ▏ 3.5 GB/ 13 GB   30 MB/s   5m34s[K[?25h[?2026l[?2026h[?25l[A[1Gpulling manifest [K
pulling e7b273f96360:  25% ▕████              ▏ 3.5 GB/ 13 GB   30 MB/s   5m34s[K[?25h[?2026l[?2026h[?25l[A[1Gpulling manifest [K
pulling e7b273f96360:  25% ▕████              ▏ 3.5 GB/ 13 GB   30 MB/s   5m34s[K[?25h[?2026l[?2026h[?25l[A[1Gpulling manifest [K
pulling e7b273f96360:  25% ▕████              ▏ 3.5 GB/ 13 GB   30 MB/s   5m34s[K[?25h[?2026l[?2026h[?25l[A[1Gpulling manifest [K
pulling e7b273f96360:  25% ▕████              ▏ 3.5 GB/ 13 GB   30 MB/s   5m34s[K[?25h[?2026l[?2026h[?25l[A[1Gpulling manifest [K
pulling e7b273f96360:  25% ▕████              ▏ 3.5 GB/ 13 GB   30 MB/s   5m34s[K[?25h[?2026l[?2026h[?25l[A[1Gpulling manifest [K
pulling e7b273f96360:  25% ▕████              ▏ 3.5 GB/ 13 GB   30 MB/s   5m34s[K[?25h[?2026l[?2026h[?25l[A[1Gpulling manifest [K
pulling e7b273f96360:  25% ▕████              ▏ 3.5 GB/ 13 GB   30 MB/s   5m34s[K[?25h[?2026l[?2026h[?25l[A[1Gpulling manifest [K
pulling e7b273f96360:  25% ▕████              ▏ 3.5 GB/ 13 GB   30 MB/s   5m33s[K[?25h[?2026l[?2026h[?25l[A[1Gpulling manifest [K
pulling e7b273f96360:  25% ▕████              ▏ 3.5 GB/ 13 GB   30 MB/s   5m33s[K[?25h[?2026l[?2026h[?25l[A[1Gpulling manifest [K
pulling e7b273f96360:  25% ▕████              ▏ 3.5 GB/ 13 GB   31 MB/s   5m30s[K[?25h[?2026l[?2026h[?25l[A[1Gpulling manifest [K
pulling e7b273f96360:  26% ▕████              ▏ 3.5 GB/ 13 GB   31 MB/s   5m30s[K[?25h[?2026l[?2026h[?25l[A[1Gpulling manifest [K
pulling e7b273f96360:  26% ▕████              ▏ 3.5 GB/ 13 GB   31 MB/s   5m30s[K[?25h[?2026l[?2026h[?25l[A[1Gpulling manifest [K
pulling e7b273f96360:  26% ▕████              ▏ 3.5 GB/ 13 GB   31 MB/s   5m30s[K[?25h[?2026l[?2026h[?25l[A[1Gpulling manifest [K
pulling e7b273f96360:  26% ▕████              ▏ 3.5 GB/ 13 GB   31 MB/s   5m30s[K[?25h[?2026l[?2026h[?25l[A[1Gpulling manifest [K
pulling e7b273f96360:  26% ▕████              ▏ 3.5 GB/ 13 GB   31 MB/s   5m30s[K[?25h[?2026l[?2026h[?25l[A[1Gpulling manifest [K
pulling e7b273f96360:  26% ▕████              ▏ 3.5 GB/ 13 GB   31 MB/s   5m29s[K[?25h[?2026l[?2026h[?25l[A[1Gpulling manifest [K
pulling e7b273f96360:  26% ▕████              ▏ 3.5 GB/ 13 GB   31 MB/s   5m29s[K[?25h[?2026l[?2026h[?25l[A[1Gpulling manifest [K
pulling e7b273f96360:  26% ▕████              ▏ 3.5 GB/ 13 GB   31 MB/s   5m29s[K[?25h[?2026l[?2026h[?25l[A[1Gpulling manifest [K
pulling e7b273f96360:  26% ▕████              ▏ 3.5 GB/ 13 GB   31 MB/s   5m29s[K[?25h[?2026l[?2026h[?25l[A[1Gpulling manifest [K
pulling e7b273f96360:  26% ▕████              ▏ 3.5 GB/ 13 GB   31 MB/s   5m25s[K[?25h[?2026l[?2026h[?25l[A[1Gpulling manifest [K
pulling e7b273f96360:  26% ▕████              ▏ 3.6 GB/ 13 GB   31 MB/s   5m25s[K[?25h[?2026l[?2026h[?25l[A[1Gpulling manifest [K
pulling e7b273f96360:  26% ▕████              ▏ 3.6 GB/ 13 GB   31 MB/s   5m25s[K[?25h[?2026l[?2026h[?25l[A[1Gpulling manifest [K
pulling e7b273f96360:  26% ▕████              ▏ 3.6 GB/ 13 GB   31 MB/s   5m25s[K[?25h[?2026l[?2026h[?25l[A[1Gpulling manifest [K
pulling e7b273f96360:  26% ▕████              ▏ 3.6 GB/ 13 GB   31 MB/s   5m25s[K[?25h[?2026l[?2026h[?25l[A[1Gpulling manifest [K
pulling e7b273f96360:  26% ▕████              ▏ 3.6 GB/ 13 GB   31 MB/s   5m25s[K[?25h[?2026l[?2026h[?25l[A[1Gpulling manifest [K
pulling e7b273f96360:  26% ▕████              ▏ 3.6 GB/ 13 GB   31 MB/s   5m25s[K[?25h[?2026l[?2026h[?25l[A[1Gpulling manifest [K
pulling e7b273f96360:  26% ▕████              ▏ 3.6 GB/ 13 GB   31 MB/s   5m25s[K[?25h[?2026l[?2026h[?25l[A[1Gpulling manifest [K
pulling e7b273f96360:  26% ▕████              ▏ 3.6 GB/ 13 GB   31 MB/s   5m24s[K[?25h[?2026l[?2026h[?25l[A[1Gpulling manifest [K
pulling e7b273f96360:  26% ▕████              ▏ 3.6 GB/ 13 GB   31 MB/s   5m24s[K[?25h[?2026l[?2026h[?25l[A[1Gpulling manifest [K
pulling e7b273f96360:  26% ▕████              ▏ 3.6 GB/ 13 GB   31 MB/s   5m24s[K[?25h[?2026l[?2026h[?25l[A[1Gpulling manifest [K
pulling e7b273f96360:  26% ▕████              ▏ 3.6 GB/ 13 GB   31 MB/s   5m24s[K[?25h[?2026l[?2026h[?25l[A[1Gpulling manifest [K
pulling e7b273f96360:  26% ▕████              ▏ 3.6 GB/ 13 GB   31 MB/s   5m24s[K[?25h[?2026l[?2026h[?25l[A[1Gpulling manifest [K
pulling e7b273f96360:  26% ▕████              ▏ 3.6 GB/ 13 GB   31 MB/s   5m24s[K[?25h[?2026l[?2026h[?25l[A[1Gpulling manifest [K
pulling e7b273f96360:  26% ▕████              ▏ 3.6 GB/ 13 GB   31 MB/s   5m23s[K[?25h[?2026l[?2026h[?25l[A[1Gpulling manifest [K
pulling e7b273f96360:  26% ▕████              ▏ 3.6 GB/ 13 GB   31 MB/s   5m23s[K[?25h[?2026l[?2026h[?25l[A[1Gpulling manifest [K
pulling e7b273f96360:  26% ▕████              ▏ 3.6 GB/ 13 GB   31 MB/s   5m23s[K[?25h[?2026l[?2026h[?25l[A[1Gpulling manifest [K
pulling e7b273f96360:  26% ▕████              ▏ 3.6 GB/ 13 GB   31 MB/s   5m23s[K[?25h[?2026l[?2026h[?25l[A[1Gpulling manifest [K
pulling e7b273f96360:  26% ▕████              ▏ 3.6 GB/ 13 GB   31 MB/s   5m23s[K[?25h[?2026l[?2026h[?25l[A[1Gpulling manifest [K
pulling e7b273f96360:  26% ▕████              ▏ 3.6 GB/ 13 GB   31 MB/s   5m23s[K[?25h[?2026l[?2026h[?25l[A[1Gpulling manifest [K
pulling e7b273f96360:  26% ▕████              ▏ 3.6 GB/ 13 GB   31 MB/s   5m24s[K[?25h[?2026l[?2026h[?25l[A[1Gpulling manifest [K
pulling e7b273f96360:  26% ▕████              ▏ 3.6 GB/ 13 GB   31 MB/s   5m24s[K[?25h[?2026l[?2026h[?25l[A[1Gpulling manifest [K
pulling e7b273f96360:  26% ▕████              ▏ 3.6 GB/ 13 GB   31 MB/s   5m24s[K[?25h[?2026l[?2026h[?25l[A[1Gpulling manifest [K
pulling e7b273f96360:  26% ▕████              ▏ 3.6 GB/ 13 GB   31 MB/s   5m24s[K[?25h[?2026l[?2026h[?25l[A[1Gpulling manifest [K
pulling e7b273f96360:  26% ▕████              ▏ 3.6 GB/ 13 GB   31 MB/s   5m24s[K[?25h[?2026l[?2026h[?25l[A[1Gpulling manifest [K
pulling e7b273f96360:  26% ▕████              ▏ 3.6 GB/ 13 GB   31 MB/s   5m24s[K[?25h[?2026l[?2026h[?25l[A[1Gpulling manifest [K
pulling e7b273f96360:  26% ▕████              ▏ 3.6 GB/ 13 GB   31 MB/s   5m23s[K[?25h[?2026l[?2026h[?25l[A[1Gpulling manifest [K
pulling e7b273f96360:  26% ▕████              ▏ 3.6 GB/ 13 GB   31 MB/s   5m23s[K[?25h[?2026l[?2026h[?25l[A[1Gpulling manifest [K
pulling e7b273f96360:  26% ▕████              ▏ 3.6 GB/ 13 GB   31 MB/s   5m23s[K[?25h[?2026l[?2026h[?25l[A[1Gpulling manifest [K
pulling e7b273f96360:  26% ▕████              ▏ 3.6 GB/ 13 GB   31 MB/s   5m23s[K[?25h[?2026l[?2026h[?25l[A[1Gpulling manifest [K
pulling e7b273f96360:  26% ▕████              ▏ 3.6 GB/ 13 GB   31 MB/s   5m23s[K[?25h[?2026l[?2026h[?25l[A[1Gpulling manifest [K
pulling e7b273f96360:  26% ▕████              ▏ 3.6 GB/ 13 GB   31 MB/s   5m24s[K[?25h[?2026l[?2026h[?25l[A[1Gpulling manifest [K
pulling e7b273f96360:  26% ▕████              ▏ 3.6 GB/ 13 GB   31 MB/s   5m24s[K[?25h[?2026l[?2026h[?25l[A[1Gpulling manifest [K
pulling e7b273f96360:  26% ▕████              ▏ 3.6 GB/ 13 GB   31 MB/s   5m24s[K[?25h[?2026l[?2026h[?25l[A[1Gpulling manifest [K
pulling e7b273f96360:  26% ▕████              ▏ 3.6 GB/ 13 GB   31 MB/s   5m24s[K[?25h[?2026l[?2026h[?25l[A[1Gpulling manifest [K
pulling e7b273f96360:  26% ▕████              ▏ 3.7 GB/ 13 GB   31 MB/s   5m24s[K[?25h[?2026l[?2026h[?25l[A[1Gpulling manifest [K
pulling e7b273f96360:  26% ▕████              ▏ 3.7 GB/ 13 GB   31 MB/s   5m24s[K[?25h[?2026l[?2026h[?25l[A[1Gpulling manifest [K
pulling e7b273f96360:  27% ▕████              ▏ 3.7 GB/ 13 GB   31 MB/s   5m24s[K[?25h[?2026l[?2026h[?25l[A[1Gpulling manifest [K
pulling e7b273f96360:  27% ▕████              ▏ 3.7 GB/ 13 GB   31 MB/s   5m24s[K[?25h[?2026l[?2026h[?25l[A[1Gpulling manifest [K
pulling e7b273f96360:  27% ▕████              ▏ 3.7 GB/ 13 GB   31 MB/s   5m24s[K[?25h[?2026l[?2026h[?25l[A[1Gpulling manifest [K
pulling e7b273f96360:  27% ▕████              ▏ 3.7 GB/ 13 GB   31 MB/s   5m24s[K[?25h[?2026l[?2026h[?25l[A[1Gpulling manifest [K
pulling e7b273f96360:  27% ▕████              ▏ 3.7 GB/ 13 GB   31 MB/s   5m24s[K[?25h[?2026l[?2026h[?25l[A[1Gpulling manifest [K
pulling e7b273f96360:  27% ▕████              ▏ 3.7 GB/ 13 GB   31 MB/s   5m24s[K[?25h[?2026l[?2026h[?25l[A[1Gpulling manifest [K
pulling e7b273f96360:  27% ▕████              ▏ 3.7 GB/ 13 GB   31 MB/s   5m24s[K[?25h[?2026l[?2026h[?25l[A[1Gpulling manifest [K
pulling e7b273f96360:  27% ▕████              ▏ 3.7 GB/ 13 GB   31 MB/s   5m23s[K[?25h[?2026l[?2026h[?25l[A[1Gpulling manifest [K
pulling e7b273f96360:  27% ▕████              ▏ 3.7 GB/ 13 GB   31 MB/s   5m23s[K[?25h[?2026l[?2026h[?25l[A[1Gpulling manifest [K
pulling e7b273f96360:  27% ▕████              ▏ 3.7 GB/ 13 GB   31 MB/s   5m23s[K[?25h[?2026l[?2026h[?25l[A[1Gpulling manifest [K
pulling e7b273f96360:  27% ▕████              ▏ 3.7 GB/ 13 GB   31 MB/s   5m23s[K[?25h[?2026l[?2026h[?25l[A[1Gpulling manifest [K
pulling e7b273f96360:  27% ▕████              ▏ 3.7 GB/ 13 GB   31 MB/s   5m23s[K[?25h[?2026l[?2026h[?25l[A[1Gpulling manifest [K
pulling e7b273f96360:  27% ▕████              ▏ 3.7 GB/ 13 GB   31 MB/s   5m23s[K[?25h[?2026l[?2026h[?25l[A[1Gpulling manifest [K
pulling e7b273f96360:  27% ▕████              ▏ 3.7 GB/ 13 GB   31 MB/s   5m23s[K[?25h[?2026l[?2026h[?25l[A[1Gpulling manifest [K
pulling e7b273f96360:  27% ▕████              ▏ 3.7 GB/ 13 GB   30 MB/s   5m30s[K[?25h[?2026l[?2026h[?25l[A[1Gpulling manifest [K
pulling e7b273f96360:  27% ▕████              ▏ 3.7 GB/ 13 GB   30 MB/s   5m30s[K[?25h[?2026l[?2026h[?25l[A[1Gpulling manifest [K
pulling e7b273f96360:  27% ▕████              ▏ 3.7 GB/ 13 GB   30 MB/s   5m30s[K[?25h[?2026l[?2026h[?25l[A[1Gpulling manifest [K
pulling e7b273f96360:  27% ▕████              ▏ 3.7 GB/ 13 GB   30 MB/s   5m30s[K[?25h[?2026l[?2026h[?25l[A[1Gpulling manifest [K
pulling e7b273f96360:  27% ▕████              ▏ 3.7 GB/ 13 GB   30 MB/s   5m30s[K[?25h[?2026l[?2026h[?25l[A[1Gpulling manifest [K
pulling e7b273f96360:  27% ▕████              ▏ 3.7 GB/ 13 GB   30 MB/s   5m30s[K[?25h[?2026l[?2026h[?25l[A[1Gpulling manifest [K
pulling e7b273f96360:  27% ▕████              ▏ 3.7 GB/ 13 GB   30 MB/s   5m30s[K[?25h[?2026l[?2026h[?25l[A[1Gpulling manifest [K
pulling e7b273f96360:  27% ▕████              ▏ 3.7 GB/ 13 GB   30 MB/s   5m29s[K[?25h[?2026l[?2026h[?25l[A[1Gpulling manifest [K
pulling e7b273f96360:  27% ▕████              ▏ 3.7 GB/ 13 GB   30 MB/s   5m29s[K[?25h[?2026l[?2026h[?25l[A[1Gpulling manifest [K
pulling e7b273f96360:  27% ▕████              ▏ 3.7 GB/ 13 GB   30 MB/s   5m29s[K[?25h[?2026l[?2026h[?25l[A[1Gpulling manifest [K
pulling e7b273f96360:  27% ▕████              ▏ 3.7 GB/ 13 GB   30 MB/s   5m33s[K[?25h[?2026l[?2026h[?25l[A[1Gpulling manifest [K
pulling e7b273f96360:  27% ▕████              ▏ 3.7 GB/ 13 GB   30 MB/s   5m33s[K[?25h[?2026l[?2026h[?25l[A[1Gpulling manifest [K
pulling e7b273f96360:  27% ▕████              ▏ 3.7 GB/ 13 GB   30 MB/s   5m33s[K[?25h[?2026l[?2026h[?25l[A[1Gpulling manifest [K
pulling e7b273f96360:  27% ▕████              ▏ 3.7 GB/ 13 GB   30 MB/s   5m33s[K[?25h[?2026l[?2026h[?25l[A[1Gpulling manifest [K
pulling e7b273f96360:  27% ▕████              ▏ 3.7 GB/ 13 GB   30 MB/s   5m33s[K[?25h[?2026l[?2026h[?25l[A[1Gpulling manifest [K
pulling e7b273f96360:  27% ▕████              ▏ 3.7 GB/ 13 GB   30 MB/s   5m33s[K[?25h[?2026l[?2026h[?25l[A[1Gpulling manifest [K
pulling e7b273f96360:  27% ▕████              ▏ 3.7 GB/ 13 GB   30 MB/s   5m32s[K[?25h[?2026l[?2026h[?25l[A[1Gpulling manifest [K
pulling e7b273f96360:  27% ▕████              ▏ 3.7 GB/ 13 GB   30 MB/s   5m32s[K[?25h[?2026l[?2026h[?25l[A[1Gpulling manifest [K
pulling e7b273f96360:  27% ▕████              ▏ 3.7 GB/ 13 GB   30 MB/s   5m32s[K[?25h[?2026l[?2026h[?25l[A[1Gpulling manifest [K
pulling e7b273f96360:  27% ▕████              ▏ 3.7 GB/ 13 GB   30 MB/s   5m32s[K[?25h[?2026l[?2026h[?25l[A[1Gpulling manifest [K
pulling e7b273f96360:  27% ▕████              ▏ 3.8 GB/ 13 GB   30 MB/s   5m33s[K[?25h[?2026l[?2026h[?25l[A[1Gpulling manifest [K
pulling e7b273f96360:  27% ▕████              ▏ 3.8 GB/ 13 GB   30 MB/s   5m33s[K[?25h[?2026l[?2026h[?25l[A[1Gpulling manifest [K
pulling e7b273f96360:  27% ▕████              ▏ 3.8 GB/ 13 GB   30 MB/s   5m33s[K[?25h[?2026l[?2026h[?25l[A[1Gpulling manifest [K
pulling e7b273f96360:  27% ▕████              ▏ 3.8 GB/ 13 GB   30 MB/s   5m33s[K[?25h[?2026l[?2026h[?25l[A[1Gpulling manifest [K
pulling e7b273f96360:  27% ▕████              ▏ 3.8 GB/ 13 GB   30 MB/s   5m33s[K[?25h[?2026l[?2026h[?25l[A[1Gpulling manifest [K
pulling e7b273f96360:  27% ▕████              ▏ 3.8 GB/ 13 GB   30 MB/s   5m32s[K[?25h[?2026l[?2026h[?25l[A[1Gpulling manifest [K
pulling e7b273f96360:  27% ▕████              ▏ 3.8 GB/ 13 GB   30 MB/s   5m32s[K[?25h[?2026l[?2026h[?25l[A[1Gpulling manifest [K
pulling e7b273f96360:  27% ▕████              ▏ 3.8 GB/ 13 GB   30 MB/s   5m32s[K[?25h[?2026l[?2026h[?25l[A[1Gpulling manifest [K
pulling e7b273f96360:  27% ▕████              ▏ 3.8 GB/ 13 GB   30 MB/s   5m32s[K[?25h[?2026l[?2026h[?25l[A[1Gpulling manifest [K
pulling e7b273f96360:  27% ▕████              ▏ 3.8 GB/ 13 GB   30 MB/s   5m32s[K[?25h[?2026l[?2026h[?25l[A[1Gpulling manifest [K
pulling e7b273f96360:  27% ▕████              ▏ 3.8 GB/ 13 GB   30 MB/s   5m32s[K[?25h[?2026l[?2026h[?25l[A[1Gpulling manifest [K
pulling e7b273f96360:  27% ▕████              ▏ 3.8 GB/ 13 GB   29 MB/s   5m37s[K[?25h[?2026l[?2026h[?25l[A[1Gpulling manifest [K
pulling e7b273f96360:  27% ▕████              ▏ 3.8 GB/ 13 GB   29 MB/s   5m37s[K[?25h[?2026l[?2026h[?25l[A[1Gpulling manifest [K
pulling e7b273f96360:  27% ▕████              ▏ 3.8 GB/ 13 GB   29 MB/s   5m37s[K[?25h[?2026l[?2026h[?25l[A[1Gpulling manifest [K
pulling e7b273f96360:  27% ▕████              ▏ 3.8 GB/ 13 GB   29 MB/s   5m37s[K[?25h[?2026l[?2026h[?25l[A[1Gpulling manifest [K
pulling e7b273f96360:  28% ▕████              ▏ 3.8 GB/ 13 GB   29 MB/s   5m36s[K[?25h[?2026l[?2026h[?25l[A[1Gpulling manifest [K
pulling e7b273f96360:  28% ▕████              ▏ 3.8 GB/ 13 GB   29 MB/s   5m36s[K[?25h[?2026l[?2026h[?25l[A[1Gpulling manifest [K
pulling e7b273f96360:  28% ▕████              ▏ 3.8 GB/ 13 GB   29 MB/s   5m36s[K[?25h[?2026l[?2026h[?25l[A[1Gpulling manifest [K
pulling e7b273f96360:  28% ▕████              ▏ 3.8 GB/ 13 GB   29 MB/s   5m36s[K[?25h[?2026l[?2026h[?25l[A[1Gpulling manifest [K
pulling e7b273f96360:  28% ▕████              ▏ 3.8 GB/ 13 GB   29 MB/s   5m36s[K[?25h[?2026l[?2026h[?25l[A[1Gpulling manifest [K
pulling e7b273f96360:  28% ▕████              ▏ 3.8 GB/ 13 GB   29 MB/s   5m36s[K[?25h[?2026l[?2026h[?25l[A[1Gpulling manifest [K
pulling e7b273f96360:  28% ▕████              ▏ 3.8 GB/ 13 GB   29 MB/s   5m39s[K[?25h[?2026l[?2026h[?25l[A[1Gpulling manifest [K
pulling e7b273f96360:  28% ▕████              ▏ 3.8 GB/ 13 GB   29 MB/s   5m39s[K[?25h[?2026l[?2026h[?25l[A[1Gpulling manifest [K
pulling e7b273f96360:  28% ▕████              ▏ 3.8 GB/ 13 GB   29 MB/s   5m39s[K[?25h[?2026l[?2026h[?25l[A[1Gpulling manifest [K
pulling e7b273f96360:  28% ▕████              ▏ 3.8 GB/ 13 GB   29 MB/s   5m39s[K[?25h[?2026l[?2026h[?25l[A[1Gpulling manifest [K
pulling e7b273f96360:  28% ▕████              ▏ 3.8 GB/ 13 GB   29 MB/s   5m39s[K[?25h[?2026l[?2026h[?25l[A[1Gpulling manifest [K
pulling e7b273f96360:  28% ▕████              ▏ 3.8 GB/ 13 GB   29 MB/s   5m39s[K[?25h[?2026l[?2026h[?25l[A[1Gpulling manifest [K
pulling e7b273f96360:  28% ▕█████             ▏ 3.8 GB/ 13 GB   29 MB/s   5m39s[K[?25h[?2026l[?2026h[?25l[A[1Gpulling manifest [K
pulling e7b273f96360:  28% ▕█████             ▏ 3.8 GB/ 13 GB   29 MB/s   5m39s[K[?25h[?2026l[?2026h[?25l[A[1Gpulling manifest [K
pulling e7b273f96360:  28% ▕█████             ▏ 3.8 GB/ 13 GB   29 MB/s   5m39s[K[?25h[?2026l[?2026h[?25l[A[1Gpulling manifest [K
pulling e7b273f96360:  28% ▕█████             ▏ 3.8 GB/ 13 GB   29 MB/s   5m38s[K[?25h[?2026l[?2026h[?25l[A[1Gpulling manifest [K
pulling e7b273f96360:  28% ▕█████             ▏ 3.8 GB/ 13 GB   29 MB/s   5m39s[K[?25h[?2026l[?2026h[?25l[A[1Gpulling manifest [K
pulling e7b273f96360:  28% ▕█████             ▏ 3.8 GB/ 13 GB   29 MB/s   5m39s[K[?25h[?2026l[?2026h[?25l[A[1Gpulling manifest [K
pulling e7b273f96360:  28% ▕█████             ▏ 3.8 GB/ 13 GB   29 MB/s   5m38s[K[?25h[?2026l[?2026h[?25l[A[1Gpulling manifest [K
pulling e7b273f96360:  28% ▕█████             ▏ 3.9 GB/ 13 GB   29 MB/s   5m38s[K[?25h[?2026l[?2026h[?25l[A[1Gpulling manifest [K
pulling e7b273f96360:  28% ▕█████             ▏ 3.9 GB/ 13 GB   29 MB/s   5m38s[K[?25h[?2026l[?2026h[?25l[A[1Gpulling manifest [K
pulling e7b273f96360:  28% ▕█████             ▏ 3.9 GB/ 13 GB   29 MB/s   5m38s[K[?25h[?2026l[?2026h[?25l[A[1Gpulling manifest [K
pulling e7b273f96360:  28% ▕█████             ▏ 3.9 GB/ 13 GB   29 MB/s   5m38s[K[?25h[?2026l[?2026h[?25l[A[1Gpulling manifest [K
pulling e7b273f96360:  28% ▕█████             ▏ 3.9 GB/ 13 GB   29 MB/s   5m38s[K[?25h[?2026l[?2026h[?25l[A[1Gpulling manifest [K
pulling e7b273f96360:  28% ▕█████             ▏ 3.9 GB/ 13 GB   29 MB/s   5m38s[K[?25h[?2026l[?2026h[?25l[A[1Gpulling manifest [K
pulling e7b273f96360:  28% ▕█████             ▏ 3.9 GB/ 13 GB   29 MB/s   5m38s[K[?25h[?2026l[?2026h[?25l[A[1Gpulling manifest [K
pulling e7b273f96360:  28% ▕█████             ▏ 3.9 GB/ 13 GB   29 MB/s   5m35s[K[?25h[?2026l[?2026h[?25l[A[1Gpulling manifest [K
pulling e7b273f96360:  28% ▕█████             ▏ 3.9 GB/ 13 GB   29 MB/s   5m35s[K[?25h[?2026l[?2026h[?25l[A[1Gpulling manifest [K
pulling e7b273f96360:  28% ▕█████             ▏ 3.9 GB/ 13 GB   29 MB/s   5m35s[K[?25h[?2026l[?2026h[?25l[A[1Gpulling manifest [K
pulling e7b273f96360:  28% ▕█████             ▏ 3.9 GB/ 13 GB   29 MB/s   5m35s[K[?25h[?2026l[?2026h[?25l[A[1Gpulling manifest [K
pulling e7b273f96360:  28% ▕█████             ▏ 3.9 GB/ 13 GB   29 MB/s   5m35s[K[?25h[?2026l[?2026h[?25l[A[1Gpulling manifest [K
pulling e7b273f96360:  28% ▕█████             ▏ 3.9 GB/ 13 GB   29 MB/s   5m35s[K[?25h[?2026l[?2026h[?25l[A[1Gpulling manifest [K
pulling e7b273f96360:  28% ▕█████             ▏ 3.9 GB/ 13 GB   29 MB/s   5m34s[K[?25h[?2026l[?2026h[?25l[A[1Gpulling manifest [K
pulling e7b273f96360:  28% ▕█████             ▏ 3.9 GB/ 13 GB   29 MB/s   5m34s[K[?25h[?2026l[?2026h[?25l[A[1Gpulling manifest [K
pulling e7b273f96360:  28% ▕█████             ▏ 3.9 GB/ 13 GB   29 MB/s   5m34s[K[?25h[?2026l[?2026h[?25l[A[1Gpulling manifest [K
pulling e7b273f96360:  28% ▕█████             ▏ 3.9 GB/ 13 GB   29 MB/s   5m34s[K[?25h[?2026l[?2026h[?25l[A[1Gpulling manifest [K
pulling e7b273f96360:  28% ▕█████             ▏ 3.9 GB/ 13 GB   29 MB/s   5m35s[K[?25h[?2026l[?2026h[?25l[A[1Gpulling manifest [K
pulling e7b273f96360:  28% ▕█████             ▏ 3.9 GB/ 13 GB   29 MB/s   5m35s[K[?25h[?2026l[?2026h[?25l[A[1Gpulling manifest [K
pulling e7b273f96360:  28% ▕█████             ▏ 3.9 GB/ 13 GB   29 MB/s   5m35s[K[?25h[?2026l[?2026h[?25l[A[1Gpulling manifest [K
pulling e7b273f96360:  28% ▕█████             ▏ 3.9 GB/ 13 GB   29 MB/s   5m35s[K[?25h[?2026l[?2026h[?25l[A[1Gpulling manifest [K
pulling e7b273f96360:  28% ▕█████             ▏ 3.9 GB/ 13 GB   29 MB/s   5m35s[K[?25h[?2026l[?2026h[?25l[A[1Gpulling manifest [K
pulling e7b273f96360:  28% ▕█████             ▏ 3.9 GB/ 13 GB   29 MB/s   5m34s[K[?25h[?2026l[?2026h[?25l[A[1Gpulling manifest [K
pulling e7b273f96360:  28% ▕█████             ▏ 3.9 GB/ 13 GB   29 MB/s   5m34s[K[?25h[?2026l[?2026h[?25l[A[1Gpulling manifest [K
pulling e7b273f96360:  28% ▕█████             ▏ 3.9 GB/ 13 GB   29 MB/s   5m34s[K[?25h[?2026l[?2026h[?25l[A[1Gpulling manifest [K
pulling e7b273f96360:  28% ▕█████             ▏ 3.9 GB/ 13 GB   29 MB/s   5m34s[K[?25h[?2026l[?2026h[?25l[A[1Gpulling manifest [K
pulling e7b273f96360:  28% ▕█████             ▏ 3.9 GB/ 13 GB   29 MB/s   5m34s[K[?25h[?2026l[?2026h[?25l[A[1Gpulling manifest [K
pulling e7b273f96360:  28% ▕█████             ▏ 3.9 GB/ 13 GB   29 MB/s   5m34s[K[?25h[?2026l[?2026h[?25l[A[1Gpulling manifest [K
pulling e7b273f96360:  29% ▕█████             ▏ 3.9 GB/ 13 GB   29 MB/s   5m34s[K[?25h[?2026l[?2026h[?25l[A[1Gpulling manifest [K
pulling e7b273f96360:  29% ▕█████             ▏ 3.9 GB/ 13 GB   29 MB/s   5m33s[K[?25h[?2026l[?2026h[?25l[A[1Gpulling manifest [K
pulling e7b273f96360:  29% ▕█████             ▏ 3.9 GB/ 13 GB   29 MB/s   5m33s[K[?25h[?2026l[?2026h[?25l[A[1Gpulling manifest [K
pulling e7b273f96360:  29% ▕█████             ▏ 3.9 GB/ 13 GB   29 MB/s   5m33s[K[?25h[?2026l[?2026h[?25l[A[1Gpulling manifest [K
pulling e7b273f96360:  29% ▕█████             ▏ 3.9 GB/ 13 GB   29 MB/s   5m33s[K[?25h[?2026l[?2026h[?25l[A[1Gpulling manifest [K
pulling e7b273f96360:  29% ▕█████             ▏ 3.9 GB/ 13 GB   29 MB/s   5m33s[K[?25h[?2026l[?2026h[?25l[A[1Gpulling manifest [K
pulling e7b273f96360:  29% ▕█████             ▏ 4.0 GB/ 13 GB   29 MB/s   5m33s[K[?25h[?2026l[?2026h[?25l[A[1Gpulling manifest [K
pulling e7b273f96360:  29% ▕█████             ▏ 4.0 GB/ 13 GB   29 MB/s   5m33s[K[?25h[?2026l[?2026h[?25l[A[1Gpulling manifest [K
pulling e7b273f96360:  29% ▕█████             ▏ 4.0 GB/ 13 GB   29 MB/s   5m33s[K[?25h[?2026l[?2026h[?25l[A[1Gpulling manifest [K
pulling e7b273f96360:  29% ▕█████             ▏ 4.0 GB/ 13 GB   29 MB/s   5m33s[K[?25h[?2026l[?2026h[?25l[A[1Gpulling manifest [K
pulling e7b273f96360:  29% ▕█████             ▏ 4.0 GB/ 13 GB   29 MB/s   5m29s[K[?25h[?2026l[?2026h[?25l[A[1Gpulling manifest [K
pulling e7b273f96360:  29% ▕█████             ▏ 4.0 GB/ 13 GB   29 MB/s   5m29s[K[?25h[?2026l[?2026h[?25l[A[1Gpulling manifest [K
pulling e7b273f96360:  29% ▕█████             ▏ 4.0 GB/ 13 GB   29 MB/s   5m28s[K[?25h[?2026l[?2026h[?25l[A[1Gpulling manifest [K
pulling e7b273f96360:  29% ▕█████             ▏ 4.0 GB/ 13 GB   29 MB/s   5m28s[K[?25h[?2026l[?2026h[?25l[A[1Gpulling manifest [K
pulling e7b273f96360:  29% ▕█████             ▏ 4.0 GB/ 13 GB   29 MB/s   5m28s[K[?25h[?2026l[?2026h[?25l[A[1Gpulling manifest [K
pulling e7b273f96360:  29% ▕█████             ▏ 4.0 GB/ 13 GB   29 MB/s   5m28s[K[?25h[?2026l[?2026h[?25l[A[1Gpulling manifest [K
pulling e7b273f96360:  29% ▕█████             ▏ 4.0 GB/ 13 GB   29 MB/s   5m28s[K[?25h[?2026l[?2026h[?25l[A[1Gpulling manifest [K
pulling e7b273f96360:  29% ▕█████             ▏ 4.0 GB/ 13 GB   29 MB/s   5m28s[K[?25h[?2026l[?2026h[?25l[A[1Gpulling manifest [K
pulling e7b273f96360:  29% ▕█████             ▏ 4.0 GB/ 13 GB   29 MB/s   5m28s[K[?25h[?2026l[?2026h[?25l[A[1Gpulling manifest [K
pulling e7b273f96360:  29% ▕█████             ▏ 4.0 GB/ 13 GB   29 MB/s   5m28s[K[?25h[?2026l[?2026h[?25l[A[1Gpulling manifest [K
pulling e7b273f96360:  29% ▕█████             ▏ 4.0 GB/ 13 GB   30 MB/s   5m26s[K[?25h[?2026l[?2026h[?25l[A[1Gpulling manifest [K
pulling e7b273f96360:  29% ▕█████             ▏ 4.0 GB/ 13 GB   30 MB/s   5m26s[K[?25h[?2026l[?2026h[?25l[A[1Gpulling manifest [K
pulling e7b273f96360:  29% ▕█████             ▏ 4.0 GB/ 13 GB   30 MB/s   5m25s[K[?25h[?2026l[?2026h[?25l[A[1Gpulling manifest [K
pulling e7b273f96360:  29% ▕█████             ▏ 4.0 GB/ 13 GB   30 MB/s   5m25s[K[?25h[?2026l[?2026h[?25l[A[1Gpulling manifest [K
pulling e7b273f96360:  29% ▕█████             ▏ 4.0 GB/ 13 GB   30 MB/s   5m25s[K[?25h[?2026l[?2026h[?25l[A[1Gpulling manifest [K
pulling e7b273f96360:  29% ▕█████             ▏ 4.0 GB/ 13 GB   30 MB/s   5m25s[K[?25h[?2026l[?2026h[?25l[A[1Gpulling manifest [K
pulling e7b273f96360:  29% ▕█████             ▏ 4.0 GB/ 13 GB   30 MB/s   5m25s[K[?25h[?2026l[?2026h[?25l[A[1Gpulling manifest [K
pulling e7b273f96360:  29% ▕█████             ▏ 4.0 GB/ 13 GB   30 MB/s   5m25s[K[?25h[?2026l[?2026h[?25l[A[1Gpulling manifest [K
pulling e7b273f96360:  29% ▕█████             ▏ 4.0 GB/ 13 GB   30 MB/s   5m25s[K[?25h[?2026l[?2026h[?25l[A[1Gpulling manifest [K
pulling e7b273f96360:  29% ▕█████             ▏ 4.0 GB/ 13 GB   30 MB/s   5m25s[K[?25h[?2026l[?2026h[?25l[A[1Gpulling manifest [K
pulling e7b273f96360:  29% ▕█████             ▏ 4.0 GB/ 13 GB   30 MB/s   5m19s[K[?25h[?2026l[?2026h[?25l[A[1Gpulling manifest [K
pulling e7b273f96360:  29% ▕█████             ▏ 4.0 GB/ 13 GB   30 MB/s   5m19s[K[?25h[?2026l[?2026h[?25l[A[1Gpulling manifest [K
pulling e7b273f96360:  29% ▕█████             ▏ 4.0 GB/ 13 GB   30 MB/s   5m19s[K[?25h[?2026l[?2026h[?25l[A[1Gpulling manifest [K
pulling e7b273f96360:  29% ▕█████             ▏ 4.0 GB/ 13 GB   30 MB/s   5m18s[K[?25h[?2026l[?2026h[?25l[A[1Gpulling manifest [K
pulling e7b273f96360:  29% ▕█████             ▏ 4.0 GB/ 13 GB   30 MB/s   5m18s[K[?25h[?2026l[?2026h[?25l[A[1Gpulling manifest [K
pulling e7b273f96360:  29% ▕█████             ▏ 4.0 GB/ 13 GB   30 MB/s   5m18s[K[?25h[?2026l[?2026h[?25l[A[1Gpulling manifest [K
pulling e7b273f96360:  29% ▕█████             ▏ 4.0 GB/ 13 GB   30 MB/s   5m18s[K[?25h[?2026l[?2026h[?25l[A[1Gpulling manifest [K
pulling e7b273f96360:  29% ▕█████             ▏ 4.0 GB/ 13 GB   30 MB/s   5m18s[K[?25h[?2026l[?2026h[?25l[A[1Gpulling manifest [K
pulling e7b273f96360:  29% ▕█████             ▏ 4.1 GB/ 13 GB   30 MB/s   5m18s[K[?25h[?2026l[?2026h[?25l[A[1Gpulling manifest [K
pulling e7b273f96360:  29% ▕█████             ▏ 4.1 GB/ 13 GB   30 MB/s   5m18s[K[?25h[?2026l[?2026h[?25l[A[1Gpulling manifest [K
pulling e7b273f96360:  29% ▕█████             ▏ 4.1 GB/ 13 GB   30 MB/s   5m16s[K[?25h[?2026l[?2026h[?25l[A[1Gpulling manifest [K
pulling e7b273f96360:  29% ▕█████             ▏ 4.1 GB/ 13 GB   30 MB/s   5m16s[K[?25h[?2026l[?2026h[?25l[A[1Gpulling manifest [K
pulling e7b273f96360:  29% ▕█████             ▏ 4.1 GB/ 13 GB   30 MB/s   5m16s[K[?25h[?2026l[?2026h[?25l[A[1Gpulling manifest [K
pulling e7b273f96360:  29% ▕█████             ▏ 4.1 GB/ 13 GB   30 MB/s   5m16s[K[?25h[?2026l[?2026h[?25l[A[1Gpulling manifest [K
pulling e7b273f96360:  30% ▕█████             ▏ 4.1 GB/ 13 GB   30 MB/s   5m16s[K[?25h[?2026l[?2026h[?25l[A[1Gpulling manifest [K
pulling e7b273f96360:  30% ▕█████             ▏ 4.1 GB/ 13 GB   30 MB/s   5m16s[K[?25h[?2026l[?2026h[?25l[A[1Gpulling manifest [K
pulling e7b273f96360:  30% ▕█████             ▏ 4.1 GB/ 13 GB   30 MB/s   5m16s[K[?25h[?2026l[?2026h[?25l[A[1Gpulling manifest [K
pulling e7b273f96360:  30% ▕█████             ▏ 4.1 GB/ 13 GB   30 MB/s   5m16s[K[?25h[?2026l[?2026h[?25l[A[1Gpulling manifest [K
pulling e7b273f96360:  30% ▕█████             ▏ 4.1 GB/ 13 GB   30 MB/s   5m16s[K[?25h[?2026l[?2026h[?25l[A[1Gpulling manifest [K
pulling e7b273f96360:  30% ▕█████             ▏ 4.1 GB/ 13 GB   30 MB/s   5m16s[K[?25h[?2026l[?2026h[?25l[A[1Gpulling manifest [K
pulling e7b273f96360:  30% ▕█████             ▏ 4.1 GB/ 13 GB   30 MB/s   5m15s[K[?25h[?2026l[?2026h[?25l[A[1Gpulling manifest [K
pulling e7b273f96360:  30% ▕█████             ▏ 4.1 GB/ 13 GB   30 MB/s   5m15s[K[?25h[?2026l[?2026h[?25l[A[1Gpulling manifest [K
pulling e7b273f96360:  30% ▕█████             ▏ 4.1 GB/ 13 GB   30 MB/s   5m15s[K[?25h[?2026l[?2026h[?25l[A[1Gpulling manifest [K
pulling e7b273f96360:  30% ▕█████             ▏ 4.1 GB/ 13 GB   30 MB/s   5m15s[K[?25h[?2026l[?2026h[?25l[A[1Gpulling manifest [K
pulling e7b273f96360:  30% ▕█████             ▏ 4.1 GB/ 13 GB   30 MB/s   5m15s[K[?25h[?2026l[?2026h[?25l[A[1Gpulling manifest [K
pulling e7b273f96360:  30% ▕█████             ▏ 4.1 GB/ 13 GB   30 MB/s   5m15s[K[?25h[?2026l[?2026h[?25l[A[1Gpulling manifest [K
pulling e7b273f96360:  30% ▕█████             ▏ 4.1 GB/ 13 GB   30 MB/s   5m15s[K[?25h[?2026l[?2026h[?25l[A[1Gpulling manifest [K
pulling e7b273f96360:  30% ▕█████             ▏ 4.1 GB/ 13 GB   30 MB/s   5m15s[K[?25h[?2026l[?2026h[?25l[A[1Gpulling manifest [K
pulling e7b273f96360:  30% ▕█████             ▏ 4.1 GB/ 13 GB   30 MB/s   5m15s[K[?25h[?2026l[?2026h[?25l[A[1Gpulling manifest [K
pulling e7b273f96360:  30% ▕█████             ▏ 4.1 GB/ 13 GB   30 MB/s   5m15s[K[?25h[?2026l[?2026h[?25l[A[1Gpulling manifest [K
pulling e7b273f96360:  30% ▕█████             ▏ 4.1 GB/ 13 GB   30 MB/s   5m15s[K[?25h[?2026l[?2026h[?25l[A[1Gpulling manifest [K
pulling e7b273f96360:  30% ▕█████             ▏ 4.1 GB/ 13 GB   30 MB/s   5m18s[K[?25h[?2026l[?2026h[?25l[A[1Gpulling manifest [K
pulling e7b273f96360:  30% ▕█████             ▏ 4.1 GB/ 13 GB   30 MB/s   5m18s[K[?25h[?2026l[?2026h[?25l[A[1Gpulling manifest [K
pulling e7b273f96360:  30% ▕█████             ▏ 4.1 GB/ 13 GB   30 MB/s   5m18s[K[?25h[?2026l[?2026h[?25l[A[1Gpulling manifest [K
pulling e7b273f96360:  30% ▕█████             ▏ 4.1 GB/ 13 GB   30 MB/s   5m18s[K[?25h[?2026l[?2026h[?25l[A[1Gpulling manifest [K
pulling e7b273f96360:  30% ▕█████             ▏ 4.1 GB/ 13 GB   30 MB/s   5m18s[K[?25h[?2026l[?2026h[?25l[A[1Gpulling manifest [K
pulling e7b273f96360:  30% ▕█████             ▏ 4.1 GB/ 13 GB   30 MB/s   5m18s[K[?25h[?2026l[?2026h[?25l[A[1Gpulling manifest [K
pulling e7b273f96360:  30% ▕█████             ▏ 4.1 GB/ 13 GB   30 MB/s   5m18s[K[?25h[?2026l[?2026h[?25l[A[1Gpulling manifest [K
pulling e7b273f96360:  30% ▕█████             ▏ 4.1 GB/ 13 GB   30 MB/s   5m17s[K[?25h[?2026l[?2026h[?25l[A[1Gpulling manifest [K
pulling e7b273f96360:  30% ▕█████             ▏ 4.1 GB/ 13 GB   30 MB/s   5m17s[K[?25h[?2026l[?2026h[?25l[A[1Gpulling manifest [K
pulling e7b273f96360:  30% ▕█████             ▏ 4.1 GB/ 13 GB   30 MB/s   5m17s[K[?25h[?2026l[?2026h[?25l[A[1Gpulling manifest [K
pulling e7b273f96360:  30% ▕█████             ▏ 4.1 GB/ 13 GB   30 MB/s   5m20s[K[?25h[?2026l[?2026h[?25l[A[1Gpulling manifest [K
pulling e7b273f96360:  30% ▕█████             ▏ 4.1 GB/ 13 GB   30 MB/s   5m20s[K[?25h[?2026l[?2026h[?25l[A[1Gpulling manifest [K
pulling e7b273f96360:  30% ▕█████             ▏ 4.2 GB/ 13 GB   30 MB/s   5m20s[K[?25h[?2026l[?2026h[?25l[A[1Gpulling manifest [K
pulling e7b273f96360:  30% ▕█████             ▏ 4.2 GB/ 13 GB   30 MB/s   5m20s[K[?25h[?2026l[?2026h[?25l[A[1Gpulling manifest [K
pulling e7b273f96360:  30% ▕█████             ▏ 4.2 GB/ 13 GB   30 MB/s   5m20s[K[?25h[?2026l[?2026h[?25l[A[1Gpulling manifest [K
pulling e7b273f96360:  30% ▕█████             ▏ 4.2 GB/ 13 GB   30 MB/s   5m19s[K[?25h[?2026l[?2026h[?25l[A[1Gpulling manifest [K
pulling e7b273f96360:  30% ▕█████             ▏ 4.2 GB/ 13 GB   30 MB/s   5m19s[K[?25h[?2026l[?2026h[?25l[A[1Gpulling manifest [K
pulling e7b273f96360:  30% ▕█████             ▏ 4.2 GB/ 13 GB   30 MB/s   5m19s[K[?25h[?2026l[?2026h[?25l[A[1Gpulling manifest [K
pulling e7b273f96360:  30% ▕█████             ▏ 4.2 GB/ 13 GB   30 MB/s   5m19s[K[?25h[?2026l[?2026h[?25l[A[1Gpulling manifest [K
pulling e7b273f96360:  30% ▕█████             ▏ 4.2 GB/ 13 GB   30 MB/s   5m19s[K[?25h[?2026l[?2026h[?25l[A[1Gpulling manifest [K
pulling e7b273f96360:  30% ▕█████             ▏ 4.2 GB/ 13 GB   29 MB/s   5m21s[K[?25h[?2026l[?2026h[?25l[A[1Gpulling manifest [K
pulling e7b273f96360:  30% ▕█████             ▏ 4.2 GB/ 13 GB   29 MB/s   5m21s[K[?25h[?2026l[?2026h[?25l[A[1Gpulling manifest [K
pulling e7b273f96360:  30% ▕█████             ▏ 4.2 GB/ 13 GB   29 MB/s   5m20s[K[?25h[?2026l[?2026h[?25l[A[1Gpulling manifest [K
pulling e7b273f96360:  30% ▕█████             ▏ 4.2 GB/ 13 GB   29 MB/s   5m20s[K[?25h[?2026l[?2026h[?25l[A[1Gpulling manifest [K
pulling e7b273f96360:  30% ▕█████             ▏ 4.2 GB/ 13 GB   29 MB/s   5m20s[K[?25h[?2026l[?2026h[?25l[A[1Gpulling manifest [K
pulling e7b273f96360:  30% ▕█████             ▏ 4.2 GB/ 13 GB   29 MB/s   5m20s[K[?25h[?2026l[?2026h[?25l[A[1Gpulling manifest [K
pulling e7b273f96360:  30% ▕█████             ▏ 4.2 GB/ 13 GB   29 MB/s   5m20s[K[?25h[?2026l[?2026h[?25l[A[1Gpulling manifest [K
pulling e7b273f96360:  30% ▕█████             ▏ 4.2 GB/ 13 GB   29 MB/s   5m20s[K[?25h[?2026l[?2026h[?25l[A[1Gpulling manifest [K
pulling e7b273f96360:  30% ▕█████             ▏ 4.2 GB/ 13 GB   29 MB/s   5m20s[K[?25h[?2026l[?2026h[?25l[A[1Gpulling manifest [K
pulling e7b273f96360:  30% ▕█████             ▏ 4.2 GB/ 13 GB   29 MB/s   5m20s[K[?25h[?2026l[?2026h[?25l[A[1Gpulling manifest [K
pulling e7b273f96360:  30% ▕█████             ▏ 4.2 GB/ 13 GB   29 MB/s   5m21s[K[?25h[?2026l[?2026h[?25l[A[1Gpulling manifest [K
pulling e7b273f96360:  30% ▕█████             ▏ 4.2 GB/ 13 GB   29 MB/s   5m21s[K[?25h[?2026l[?2026h[?25l[A[1Gpulling manifest [K
pulling e7b273f96360:  30% ▕█████             ▏ 4.2 GB/ 13 GB   29 MB/s   5m21s[K[?25h[?2026l[?2026h[?25l[A[1Gpulling manifest [K
pulling e7b273f96360:  31% ▕█████             ▏ 4.2 GB/ 13 GB   29 MB/s   5m20s[K[?25h[?2026l[?2026h[?25l[A[1Gpulling manifest [K
pulling e7b273f96360:  31% ▕█████             ▏ 4.2 GB/ 13 GB   29 MB/s   5m20s[K[?25h[?2026l[?2026h[?25l[A[1Gpulling manifest [K
pulling e7b273f96360:  31% ▕█████             ▏ 4.2 GB/ 13 GB   29 MB/s   5m20s[K[?25h[?2026l[?2026h[?25l[A[1Gpulling manifest [K
pulling e7b273f96360:  31% ▕█████             ▏ 4.2 GB/ 13 GB   29 MB/s   5m20s[K[?25h[?2026l[?2026h[?25l[A[1Gpulling manifest [K
pulling e7b273f96360:  31% ▕█████             ▏ 4.2 GB/ 13 GB   29 MB/s   5m20s[K[?25h[?2026l[?2026h[?25l[A[1Gpulling manifest [K
pulling e7b273f96360:  31% ▕█████             ▏ 4.2 GB/ 13 GB   29 MB/s   5m20s[K[?25h[?2026l[?2026h[?25l[A[1Gpulling manifest [K
pulling e7b273f96360:  31% ▕█████             ▏ 4.2 GB/ 13 GB   29 MB/s   5m20s[K[?25h[?2026l[?2026h[?25l[A[1Gpulling manifest [K
pulling e7b273f96360:  31% ▕█████             ▏ 4.2 GB/ 13 GB   29 MB/s   5m20s[K[?25h[?2026l[?2026h[?25l[A[1Gpulling manifest [K
pulling e7b273f96360:  31% ▕█████             ▏ 4.2 GB/ 13 GB   29 MB/s   5m23s[K[?25h[?2026l[?2026h[?25l[A[1Gpulling manifest [K
pulling e7b273f96360:  31% ▕█████             ▏ 4.2 GB/ 13 GB   29 MB/s   5m23s[K[?25h[?2026l[?2026h[?25l[A[1Gpulling manifest [K
pulling e7b273f96360:  31% ▕█████             ▏ 4.2 GB/ 13 GB   29 MB/s   5m23s[K[?25h[?2026l[?2026h[?25l[A[1Gpulling manifest [K
pulling e7b273f96360:  31% ▕█████             ▏ 4.2 GB/ 13 GB   29 MB/s   5m23s[K[?25h[?2026l[?2026h[?25l[A[1Gpulling manifest [K
pulling e7b273f96360:  31% ▕█████             ▏ 4.2 GB/ 13 GB   29 MB/s   5m23s[K[?25h[?2026l[?2026h[?25l[A[1Gpulling manifest [K
pulling e7b273f96360:  31% ▕█████             ▏ 4.2 GB/ 13 GB   29 MB/s   5m23s[K[?25h[?2026l[?2026h[?25l[A[1Gpulling manifest [K
pulling e7b273f96360:  31% ▕█████             ▏ 4.2 GB/ 13 GB   29 MB/s   5m23s[K[?25h[?2026l[?2026h[?25l[A[1Gpulling manifest [K
pulling e7b273f96360:  31% ▕█████             ▏ 4.3 GB/ 13 GB   29 MB/s   5m22s[K[?25h[?2026l[?2026h[?25l[A[1Gpulling manifest [K
pulling e7b273f96360:  31% ▕█████             ▏ 4.3 GB/ 13 GB   29 MB/s   5m22s[K[?25h[?2026l[?2026h[?25l[A[1Gpulling manifest [K
pulling e7b273f96360:  31% ▕█████             ▏ 4.3 GB/ 13 GB   29 MB/s   5m22s[K[?25h[?2026l[?2026h[?25l[A[1Gpulling manifest [K
pulling e7b273f96360:  31% ▕█████             ▏ 4.3 GB/ 13 GB   29 MB/s   5m21s[K[?25h[?2026l[?2026h[?25l[A[1Gpulling manifest [K
pulling e7b273f96360:  31% ▕█████             ▏ 4.3 GB/ 13 GB   29 MB/s   5m21s[K[?25h[?2026l[?2026h[?25l[A[1Gpulling manifest [K
pulling e7b273f96360:  31% ▕█████             ▏ 4.3 GB/ 13 GB   29 MB/s   5m21s[K[?25h[?2026l[?2026h[?25l[A[1Gpulling manifest [K
pulling e7b273f96360:  31% ▕█████             ▏ 4.3 GB/ 13 GB   29 MB/s   5m21s[K[?25h[?2026l[?2026h[?25l[A[1Gpulling manifest [K
pulling e7b273f96360:  31% ▕█████             ▏ 4.3 GB/ 13 GB   29 MB/s   5m21s[K[?25h[?2026l[?2026h[?25l[A[1Gpulling manifest [K
pulling e7b273f96360:  31% ▕█████             ▏ 4.3 GB/ 13 GB   29 MB/s   5m21s[K[?25h[?2026l[?2026h[?25l[A[1Gpulling manifest [K
pulling e7b273f96360:  31% ▕█████             ▏ 4.3 GB/ 13 GB   29 MB/s   5m21s[K[?25h[?2026l[?2026h[?25l[A[1Gpulling manifest [K
pulling e7b273f96360:  31% ▕█████             ▏ 4.3 GB/ 13 GB   29 MB/s   5m21s[K[?25h[?2026l[?2026h[?25l[A[1Gpulling manifest [K
pulling e7b273f96360:  31% ▕█████             ▏ 4.3 GB/ 13 GB   29 MB/s   5m20s[K[?25h[?2026l[?2026h[?25l[A[1Gpulling manifest [K
pulling e7b273f96360:  31% ▕█████             ▏ 4.3 GB/ 13 GB   29 MB/s   5m20s[K[?25h[?2026l[?2026h[?25l[A[1Gpulling manifest [K
pulling e7b273f96360:  31% ▕█████             ▏ 4.3 GB/ 13 GB   29 MB/s   5m23s[K[?25h[?2026l[?2026h[?25l[A[1Gpulling manifest [K
pulling e7b273f96360:  31% ▕█████             ▏ 4.3 GB/ 13 GB   29 MB/s   5m23s[K[?25h[?2026l[?2026h[?25l[A[1Gpulling manifest [K
pulling e7b273f96360:  31% ▕█████             ▏ 4.3 GB/ 13 GB   29 MB/s   5m23s[K[?25h[?2026l[?2026h[?25l[A[1Gpulling manifest [K
pulling e7b273f96360:  31% ▕█████             ▏ 4.3 GB/ 13 GB   29 MB/s   5m23s[K[?25h[?2026l[?2026h[?25l[A[1Gpulling manifest [K
pulling e7b273f96360:  31% ▕█████             ▏ 4.3 GB/ 13 GB   29 MB/s   5m23s[K[?25h[?2026l[?2026h[?25l[A[1Gpulling manifest [K
pulling e7b273f96360:  31% ▕█████             ▏ 4.3 GB/ 13 GB   29 MB/s   5m23s[K[?25h[?2026l[?2026h[?25l[A[1Gpulling manifest [K
pulling e7b273f96360:  31% ▕█████             ▏ 4.3 GB/ 13 GB   29 MB/s   5m23s[K[?25h[?2026l[?2026h[?25l[A[1Gpulling manifest [K
pulling e7b273f96360:  31% ▕█████             ▏ 4.3 GB/ 13 GB   29 MB/s   5m23s[K[?25h[?2026l[?2026h[?25l[A[1Gpulling manifest [K
pulling e7b273f96360:  31% ▕█████             ▏ 4.3 GB/ 13 GB   29 MB/s   5m22s[K[?25h[?2026l[?2026h[?25l[A[1Gpulling manifest [K
pulling e7b273f96360:  31% ▕█████             ▏ 4.3 GB/ 13 GB   29 MB/s   5m22s[K[?25h[?2026l[?2026h[?25l[A[1Gpulling manifest [K
pulling e7b273f96360:  31% ▕█████             ▏ 4.3 GB/ 13 GB   29 MB/s   5m23s[K[?25h[?2026l[?2026h[?25l[A[1Gpulling manifest [K
pulling e7b273f96360:  31% ▕█████             ▏ 4.3 GB/ 13 GB   29 MB/s   5m23s[K[?25h[?2026l[?2026h[?25l[A[1Gpulling manifest [K
pulling e7b273f96360:  31% ▕█████             ▏ 4.3 GB/ 13 GB   29 MB/s   5m23s[K[?25h[?2026l[?2026h[?25l[A[1Gpulling manifest [K
pulling e7b273f96360:  31% ▕█████             ▏ 4.3 GB/ 13 GB   29 MB/s   5m23s[K[?25h[?2026l[?2026h[?25l[A[1Gpulling manifest [K
pulling e7b273f96360:  31% ▕█████             ▏ 4.3 GB/ 13 GB   29 MB/s   5m23s[K[?25h[?2026l[?2026h[?25l[A[1Gpulling manifest [K
pulling e7b273f96360:  31% ▕█████             ▏ 4.3 GB/ 13 GB   29 MB/s   5m23s[K[?25h[?2026l[?2026h[?25l[A[1Gpulling manifest [K
pulling e7b273f96360:  31% ▕█████             ▏ 4.3 GB/ 13 GB   29 MB/s   5m23s[K[?25h[?2026l[?2026h[?25l[A[1Gpulling manifest [K
pulling e7b273f96360:  31% ▕█████             ▏ 4.3 GB/ 13 GB   29 MB/s   5m22s[K[?25h[?2026l[?2026h[?25l[A[1Gpulling manifest [K
pulling e7b273f96360:  32% ▕█████             ▏ 4.3 GB/ 13 GB   29 MB/s   5m22s[K[?25h[?2026l[?2026h[?25l[A[1Gpulling manifest [K
pulling e7b273f96360:  32% ▕█████             ▏ 4.4 GB/ 13 GB   29 MB/s   5m22s[K[?25h[?2026l[?2026h[?25l[A[1Gpulling manifest [K
pulling e7b273f96360:  32% ▕█████             ▏ 4.4 GB/ 13 GB   29 MB/s   5m19s[K[?25h[?2026l[?2026h[?25l[A[1Gpulling manifest [K
pulling e7b273f96360:  32% ▕█████             ▏ 4.4 GB/ 13 GB   29 MB/s   5m19s[K[?25h[?2026l[?2026h[?25l[A[1Gpulling manifest [K
pulling e7b273f96360:  32% ▕█████             ▏ 4.4 GB/ 13 GB   29 MB/s   5m19s[K[?25h[?2026l[?2026h[?25l[A[1Gpulling manifest [K
pulling e7b273f96360:  32% ▕█████             ▏ 4.4 GB/ 13 GB   29 MB/s   5m19s[K[?25h[?2026l[?2026h[?25l[A[1Gpulling manifest [K
pulling e7b273f96360:  32% ▕█████             ▏ 4.4 GB/ 13 GB   29 MB/s   5m19s[K[?25h[?2026l[?2026h[?25l[A[1Gpulling manifest [K
pulling e7b273f96360:  32% ▕█████             ▏ 4.4 GB/ 13 GB   29 MB/s   5m19s[K[?25h[?2026l[?2026h[?25l[A[1Gpulling manifest [K
pulling e7b273f96360:  32% ▕█████             ▏ 4.4 GB/ 13 GB   29 MB/s   5m19s[K[?25h[?2026l[?2026h[?25l[A[1Gpulling manifest [K
pulling e7b273f96360:  32% ▕█████             ▏ 4.4 GB/ 13 GB   29 MB/s   5m18s[K[?25h[?2026l[?2026h[?25l[A[1Gpulling manifest [K
pulling e7b273f96360:  32% ▕█████             ▏ 4.4 GB/ 13 GB   29 MB/s   5m18s[K[?25h[?2026l[?2026h[?25l[A[1Gpulling manifest [K
pulling e7b273f96360:  32% ▕█████             ▏ 4.4 GB/ 13 GB   29 MB/s   5m18s[K[?25h[?2026l[?2026h[?25l[A[1Gpulling manifest [K
pulling e7b273f96360:  32% ▕█████             ▏ 4.4 GB/ 13 GB   29 MB/s   5m18s[K[?25h[?2026l[?2026h[?25l[A[1Gpulling manifest [K
pulling e7b273f96360:  32% ▕█████             ▏ 4.4 GB/ 13 GB   29 MB/s   5m14s[K[?25h[?2026l[?2026h[?25l[A[1Gpulling manifest [K
pulling e7b273f96360:  32% ▕█████             ▏ 4.4 GB/ 13 GB   29 MB/s   5m14s[K[?25h[?2026l[?2026h[?25l[A[1Gpulling manifest [K
pulling e7b273f96360:  32% ▕█████             ▏ 4.4 GB/ 13 GB   29 MB/s   5m14s[K[?25h[?2026l[?2026h[?25l[A[1Gpulling manifest [K
pulling e7b273f96360:  32% ▕█████             ▏ 4.4 GB/ 13 GB   29 MB/s   5m14s[K[?25h[?2026l[?2026h[?25l[A[1Gpulling manifest [K
pulling e7b273f96360:  32% ▕█████             ▏ 4.4 GB/ 13 GB   29 MB/s   5m13s[K[?25h[?2026l[?2026h[?25l[A[1Gpulling manifest [K
pulling e7b273f96360:  32% ▕█████             ▏ 4.4 GB/ 13 GB   29 MB/s   5m13s[K[?25h[?2026l[?2026h[?25l[A[1Gpulling manifest [K
pulling e7b273f96360:  32% ▕█████             ▏ 4.4 GB/ 13 GB   29 MB/s   5m13s[K[?25h[?2026l[?2026h[?25l[A[1Gpulling manifest [K
pulling e7b273f96360:  32% ▕█████             ▏ 4.4 GB/ 13 GB   29 MB/s   5m13s[K[?25h[?2026l[?2026h[?25l[A[1Gpulling manifest [K
pulling e7b273f96360:  32% ▕█████             ▏ 4.4 GB/ 13 GB   29 MB/s   5m13s[K[?25h[?2026l[?2026h[?25l[A[1Gpulling manifest [K
pulling e7b273f96360:  32% ▕█████             ▏ 4.4 GB/ 13 GB   29 MB/s   5m13s[K[?25h[?2026l[?2026h[?25l[A[1Gpulling manifest [K
pulling e7b273f96360:  32% ▕█████             ▏ 4.4 GB/ 13 GB   29 MB/s   5m12s[K[?25h[?2026l[?2026h[?25l[A[1Gpulling manifest [K
pulling e7b273f96360:  32% ▕█████             ▏ 4.4 GB/ 13 GB   29 MB/s   5m12s[K[?25h[?2026l[?2026h[?25l[A[1Gpulling manifest [K
pulling e7b273f96360:  32% ▕█████             ▏ 4.4 GB/ 13 GB   29 MB/s   5m12s[K[?25h[?2026l[?2026h[?25l[A[1Gpulling manifest [K
pulling e7b273f96360:  32% ▕█████             ▏ 4.4 GB/ 13 GB   29 MB/s   5m12s[K[?25h[?2026l[?2026h[?25l[A[1Gpulling manifest [K
pulling e7b273f96360:  32% ▕█████             ▏ 4.4 GB/ 13 GB   29 MB/s   5m12s[K[?25h[?2026l[?2026h[?25l[A[1Gpulling manifest [K
pulling e7b273f96360:  32% ▕█████             ▏ 4.4 GB/ 13 GB   29 MB/s   5m12s[K[?25h[?2026l[?2026h[?25l[A[1Gpulling manifest [K
pulling e7b273f96360:  32% ▕█████             ▏ 4.4 GB/ 13 GB   29 MB/s   5m12s[K[?25h[?2026l[?2026h[?25l[A[1Gpulling manifest [K
pulling e7b273f96360:  32% ▕█████             ▏ 4.4 GB/ 13 GB   29 MB/s   5m11s[K[?25h[?2026l[?2026h[?25l[A[1Gpulling manifest [K
pulling e7b273f96360:  32% ▕█████             ▏ 4.4 GB/ 13 GB   29 MB/s   5m11s[K[?25h[?2026l[?2026h[?25l[A[1Gpulling manifest [K
pulling e7b273f96360:  32% ▕█████             ▏ 4.4 GB/ 13 GB   29 MB/s   5m11s[K[?25h[?2026l[?2026h[?25l[A[1Gpulling manifest [K
pulling e7b273f96360:  32% ▕█████             ▏ 4.4 GB/ 13 GB   30 MB/s    5m5s[K[?25h[?2026l[?2026h[?25l[A[1Gpulling manifest [K
pulling e7b273f96360:  32% ▕█████             ▏ 4.5 GB/ 13 GB   30 MB/s    5m5s[K[?25h[?2026l[?2026h[?25l[A[1Gpulling manifest [K
pulling e7b273f96360:  32% ▕█████             ▏ 4.5 GB/ 13 GB   30 MB/s    5m5s[K[?25h[?2026l[?2026h[?25l[A[1Gpulling manifest [K
pulling e7b273f96360:  32% ▕█████             ▏ 4.5 GB/ 13 GB   30 MB/s    5m5s[K[?25h[?2026l[?2026h[?25l[A[1Gpulling manifest [K
pulling e7b273f96360:  32% ▕█████             ▏ 4.5 GB/ 13 GB   30 MB/s    5m5s[K[?25h[?2026l[?2026h[?25l[A[1Gpulling manifest [K
pulling e7b273f96360:  32% ▕█████             ▏ 4.5 GB/ 13 GB   30 MB/s    5m4s[K[?25h[?2026l[?2026h[?25l[A[1Gpulling manifest [K
pulling e7b273f96360:  32% ▕█████             ▏ 4.5 GB/ 13 GB   30 MB/s    5m4s[K[?25h[?2026l[?2026h[?25l[A[1Gpulling manifest [K
pulling e7b273f96360:  32% ▕█████             ▏ 4.5 GB/ 13 GB   30 MB/s    5m4s[K[?25h[?2026l[?2026h[?25l[A[1Gpulling manifest [K
pulling e7b273f96360:  32% ▕█████             ▏ 4.5 GB/ 13 GB   30 MB/s    5m4s[K[?25h[?2026l[?2026h[?25l[A[1Gpulling manifest [K
pulling e7b273f96360:  32% ▕█████             ▏ 4.5 GB/ 13 GB   30 MB/s    5m4s[K[?25h[?2026l[?2026h[?25l[A[1Gpulling manifest [K
pulling e7b273f96360:  32% ▕█████             ▏ 4.5 GB/ 13 GB   31 MB/s   4m57s[K[?25h[?2026l[?2026h[?25l[A[1Gpulling manifest [K
pulling e7b273f96360:  33% ▕█████             ▏ 4.5 GB/ 13 GB   31 MB/s   4m57s[K[?25h[?2026l[?2026h[?25l[A[1Gpulling manifest [K
pulling e7b273f96360:  33% ▕█████             ▏ 4.5 GB/ 13 GB   31 MB/s   4m57s[K[?25h[?2026l[?2026h[?25l[A[1Gpulling manifest [K
pulling e7b273f96360:  33% ▕█████             ▏ 4.5 GB/ 13 GB   31 MB/s   4m57s[K[?25h[?2026l[?2026h[?25l[A[1Gpulling manifest [K
pulling e7b273f96360:  33% ▕█████             ▏ 4.5 GB/ 13 GB   31 MB/s   4m56s[K[?25h[?2026l[?2026h[?25l[A[1Gpulling manifest [K
pulling e7b273f96360:  33% ▕█████             ▏ 4.5 GB/ 13 GB   31 MB/s   4m56s[K[?25h[?2026l[?2026h[?25l[A[1Gpulling manifest [K
pulling e7b273f96360:  33% ▕█████             ▏ 4.5 GB/ 13 GB   31 MB/s   4m56s[K[?25h[?2026l[?2026h[?25l[A[1Gpulling manifest [K
pulling e7b273f96360:  33% ▕█████             ▏ 4.5 GB/ 13 GB   31 MB/s   4m56s[K[?25h[?2026l[?2026h[?25l[A[1Gpulling manifest [K
pulling e7b273f96360:  33% ▕█████             ▏ 4.5 GB/ 13 GB   31 MB/s   4m56s[K[?25h[?2026l[?2026h[?25l[A[1Gpulling manifest [K
pulling e7b273f96360:  33% ▕█████             ▏ 4.5 GB/ 13 GB   31 MB/s   4m56s[K[?25h[?2026l[?2026h[?25l[A[1Gpulling manifest [K
pulling e7b273f96360:  33% ▕█████             ▏ 4.5 GB/ 13 GB   32 MB/s   4m49s[K[?25h[?2026l[?2026h[?25l[A[1Gpulling manifest [K
pulling e7b273f96360:  33% ▕█████             ▏ 4.5 GB/ 13 GB   32 MB/s   4m49s[K[?25h[?2026l[?2026h[?25l[A[1Gpulling manifest [K
pulling e7b273f96360:  33% ▕█████             ▏ 4.5 GB/ 13 GB   32 MB/s   4m49s[K[?25h[?2026l[?2026h[?25l[A[1Gpulling manifest [K
pulling e7b273f96360:  33% ▕█████             ▏ 4.5 GB/ 13 GB   32 MB/s   4m49s[K[?25h[?2026l[?2026h[?25l[A[1Gpulling manifest [K
pulling e7b273f96360:  33% ▕█████             ▏ 4.5 GB/ 13 GB   32 MB/s   4m49s[K[?25h[?2026l[?2026h[?25l[A[1Gpulling manifest [K
pulling e7b273f96360:  33% ▕█████             ▏ 4.5 GB/ 13 GB   32 MB/s   4m48s[K[?25h[?2026l[?2026h[?25l[A[1Gpulling manifest [K
pulling e7b273f96360:  33% ▕█████             ▏ 4.5 GB/ 13 GB   32 MB/s   4m48s[K[?25h[?2026l[?2026h[?25l[A[1Gpulling manifest [K
pulling e7b273f96360:  33% ▕█████             ▏ 4.5 GB/ 13 GB   32 MB/s   4m48s[K[?25h[?2026l[?2026h[?25l[A[1Gpulling manifest [K
pulling e7b273f96360:  33% ▕█████             ▏ 4.5 GB/ 13 GB   32 MB/s   4m48s[K[?25h[?2026l[?2026h[?25l[A[1Gpulling manifest [K
pulling e7b273f96360:  33% ▕█████             ▏ 4.5 GB/ 13 GB   32 MB/s   4m48s[K[?25h[?2026l[?2026h[?25l[A[1Gpulling manifest [K
pulling e7b273f96360:  33% ▕█████             ▏ 4.6 GB/ 13 GB   32 MB/s   4m48s[K[?25h[?2026l[?2026h[?25l[A[1Gpulling manifest [K
pulling e7b273f96360:  33% ▕█████             ▏ 4.6 GB/ 13 GB   32 MB/s   4m43s[K[?25h[?2026l[?2026h[?25l[A[1Gpulling manifest [K
pulling e7b273f96360:  33% ▕█████             ▏ 4.6 GB/ 13 GB   32 MB/s   4m43s[K[?25h[?2026l[?2026h[?25l[A[1Gpulling manifest [K
pulling e7b273f96360:  33% ▕█████             ▏ 4.6 GB/ 13 GB   32 MB/s   4m43s[K[?25h[?2026l[?2026h[?25l[A[1Gpulling manifest [K
pulling e7b273f96360:  33% ▕█████             ▏ 4.6 GB/ 13 GB   32 MB/s   4m42s[K[?25h[?2026l[?2026h[?25l[A[1Gpulling manifest [K
pulling e7b273f96360:  33% ▕█████             ▏ 4.6 GB/ 13 GB   32 MB/s   4m42s[K[?25h[?2026l[?2026h[?25l[A[1Gpulling manifest [K
pulling e7b273f96360:  33% ▕█████             ▏ 4.6 GB/ 13 GB   32 MB/s   4m42s[K[?25h[?2026l[?2026h[?25l[A[1Gpulling manifest [K
pulling e7b273f96360:  33% ▕█████             ▏ 4.6 GB/ 13 GB   32 MB/s   4m42s[K[?25h[?2026l[?2026h[?25l[A[1Gpulling manifest [K
pulling e7b273f96360:  33% ▕█████             ▏ 4.6 GB/ 13 GB   32 MB/s   4m42s[K[?25h[?2026l[?2026h[?25l[A[1Gpulling manifest [K
pulling e7b273f96360:  33% ▕█████             ▏ 4.6 GB/ 13 GB   32 MB/s   4m42s[K[?25h[?2026l[?2026h[?25l[A[1Gpulling manifest [K
pulling e7b273f96360:  33% ▕█████             ▏ 4.6 GB/ 13 GB   32 MB/s   4m42s[K[?25h[?2026l[?2026h[?25l[A[1Gpulling manifest [K
pulling e7b273f96360:  33% ▕█████             ▏ 4.6 GB/ 13 GB   32 MB/s   4m41s[K[?25h[?2026l[?2026h[?25l[A[1Gpulling manifest [K
pulling e7b273f96360:  33% ▕█████             ▏ 4.6 GB/ 13 GB   32 MB/s   4m41s[K[?25h[?2026l[?2026h[?25l[A[1Gpulling manifest [K
pulling e7b273f96360:  33% ▕█████             ▏ 4.6 GB/ 13 GB   32 MB/s   4m41s[K[?25h[?2026l[?2026h[?25l[A[1Gpulling manifest [K
pulling e7b273f96360:  33% ▕█████             ▏ 4.6 GB/ 13 GB   32 MB/s   4m41s[K[?25h[?2026l[?2026h[?25l[A[1Gpulling manifest [K
pulling e7b273f96360:  33% ▕██████            ▏ 4.6 GB/ 13 GB   32 MB/s   4m41s[K[?25h[?2026l[?2026h[?25l[A[1Gpulling manifest [K
pulling e7b273f96360:  33% ▕██████            ▏ 4.6 GB/ 13 GB   32 MB/s   4m40s[K[?25h[?2026l[?2026h[?25l[A[1Gpulling manifest [K
pulling e7b273f96360:  33% ▕██████            ▏ 4.6 GB/ 13 GB   32 MB/s   4m40s[K[?25h[?2026l[?2026h[?25l[A[1Gpulling manifest [K
pulling e7b273f96360:  33% ▕██████            ▏ 4.6 GB/ 13 GB   32 MB/s   4m40s[K[?25h[?2026l[?2026h[?25l[A[1Gpulling manifest [K
pulling e7b273f96360:  33% ▕██████            ▏ 4.6 GB/ 13 GB   32 MB/s   4m40s[K[?25h[?2026l[?2026h[?25l[A[1Gpulling manifest [K
pulling e7b273f96360:  33% ▕██████            ▏ 4.6 GB/ 13 GB   32 MB/s   4m40s[K[?25h[?2026l[?2026h[?25l[A[1Gpulling manifest [K
pulling e7b273f96360:  33% ▕██████            ▏ 4.6 GB/ 13 GB   32 MB/s   4m40s[K[?25h[?2026l[?2026h[?25l[A[1Gpulling manifest [K
pulling e7b273f96360:  33% ▕██████            ▏ 4.6 GB/ 13 GB   32 MB/s   4m40s[K[?25h[?2026l[?2026h[?25l[A[1Gpulling manifest [K
pulling e7b273f96360:  34% ▕██████            ▏ 4.6 GB/ 13 GB   32 MB/s   4m40s[K[?25h[?2026l[?2026h[?25l[A[1Gpulling manifest [K
pulling e7b273f96360:  34% ▕██████            ▏ 4.6 GB/ 13 GB   32 MB/s   4m40s[K[?25h[?2026l[?2026h[?25l[A[1Gpulling manifest [K
pulling e7b273f96360:  34% ▕██████            ▏ 4.6 GB/ 13 GB   32 MB/s   4m40s[K[?25h[?2026l[?2026h[?25l[A[1Gpulling manifest [K
pulling e7b273f96360:  34% ▕██████            ▏ 4.6 GB/ 13 GB   32 MB/s   4m40s[K[?25h[?2026l[?2026h[?25l[A[1Gpulling manifest [K
pulling e7b273f96360:  34% ▕██████            ▏ 4.6 GB/ 13 GB   32 MB/s   4m40s[K[?25h[?2026l[?2026h[?25l[A[1Gpulling manifest [K
pulling e7b273f96360:  34% ▕██████            ▏ 4.6 GB/ 13 GB   32 MB/s   4m40s[K[?25h[?2026l[?2026h[?25l[A[1Gpulling manifest [K
pulling e7b273f96360:  34% ▕██████            ▏ 4.6 GB/ 13 GB   32 MB/s   4m40s[K[?25h[?2026l[?2026h[?25l[A[1Gpulling manifest [K
pulling e7b273f96360:  34% ▕██████            ▏ 4.6 GB/ 13 GB   32 MB/s   4m40s[K[?25h[?2026l[?2026h[?25l[A[1Gpulling manifest [K
pulling e7b273f96360:  34% ▕██████            ▏ 4.6 GB/ 13 GB   32 MB/s   4m41s[K[?25h[?2026l[?2026h[?25l[A[1Gpulling manifest [K
pulling e7b273f96360:  34% ▕██████            ▏ 4.7 GB/ 13 GB   32 MB/s   4m41s[K[?25h[?2026l[?2026h[?25l[A[1Gpulling manifest [K
pulling e7b273f96360:  34% ▕██████            ▏ 4.7 GB/ 13 GB   32 MB/s   4m41s[K[?25h[?2026l[?2026h[?25l[A[1Gpulling manifest [K
pulling e7b273f96360:  34% ▕██████            ▏ 4.7 GB/ 13 GB   32 MB/s   4m41s[K[?25h[?2026l[?2026h[?25l[A[1Gpulling manifest [K
pulling e7b273f96360:  34% ▕██████            ▏ 4.7 GB/ 13 GB   32 MB/s   4m41s[K[?25h[?2026l[?2026h[?25l[A[1Gpulling manifest [K
pulling e7b273f96360:  34% ▕██████            ▏ 4.7 GB/ 13 GB   32 MB/s   4m41s[K[?25h[?2026l[?2026h[?25l[A[1Gpulling manifest [K
pulling e7b273f96360:  34% ▕██████            ▏ 4.7 GB/ 13 GB   32 MB/s   4m41s[K[?25h[?2026l[?2026h[?25l[A[1Gpulling manifest [K
pulling e7b273f96360:  34% ▕██████            ▏ 4.7 GB/ 13 GB   32 MB/s   4m41s[K[?25h[?2026l[?2026h[?25l[A[1Gpulling manifest [K
pulling e7b273f96360:  34% ▕██████            ▏ 4.7 GB/ 13 GB   32 MB/s   4m40s[K[?25h[?2026l[?2026h[?25l[A[1Gpulling manifest [K
pulling e7b273f96360:  34% ▕██████            ▏ 4.7 GB/ 13 GB   32 MB/s   4m40s[K[?25h[?2026l[?2026h[?25l[A[1Gpulling manifest [K
pulling e7b273f96360:  34% ▕██████            ▏ 4.7 GB/ 13 GB   32 MB/s   4m41s[K[?25h[?2026l[?2026h[?25l[A[1Gpulling manifest [K
pulling e7b273f96360:  34% ▕██████            ▏ 4.7 GB/ 13 GB   32 MB/s   4m41s[K[?25h[?2026l[?2026h[?25l[A[1Gpulling manifest [K
pulling e7b273f96360:  34% ▕██████            ▏ 4.7 GB/ 13 GB   32 MB/s   4m41s[K[?25h[?2026l[?2026h[?25l[A[1Gpulling manifest [K
pulling e7b273f96360:  34% ▕██████            ▏ 4.7 GB/ 13 GB   32 MB/s   4m41s[K[?25h[?2026l[?2026h[?25l[A[1Gpulling manifest [K
pulling e7b273f96360:  34% ▕██████            ▏ 4.7 GB/ 13 GB   32 MB/s   4m41s[K[?25h[?2026l[?2026h[?25l[A[1Gpulling manifest [K
pulling e7b273f96360:  34% ▕██████            ▏ 4.7 GB/ 13 GB   32 MB/s   4m40s[K[?25h[?2026l[?2026h[?25l[A[1Gpulling manifest [K
pulling e7b273f96360:  34% ▕██████            ▏ 4.7 GB/ 13 GB   32 MB/s   4m40s[K[?25h[?2026l[?2026h[?25l[A[1Gpulling manifest [K
pulling e7b273f96360:  34% ▕██████            ▏ 4.7 GB/ 13 GB   32 MB/s   4m40s[K[?25h[?2026l[?2026h[?25l[A[1Gpulling manifest [K
pulling e7b273f96360:  34% ▕██████            ▏ 4.7 GB/ 13 GB   32 MB/s   4m40s[K[?25h[?2026l[?2026h[?25l[A[1Gpulling manifest [K
pulling e7b273f96360:  34% ▕██████            ▏ 4.7 GB/ 13 GB   32 MB/s   4m40s[K[?25h[?2026l[?2026h[?25l[A[1Gpulling manifest [K
pulling e7b273f96360:  34% ▕██████            ▏ 4.7 GB/ 13 GB   32 MB/s   4m40s[K[?25h[?2026l[?2026h[?25l[A[1Gpulling manifest [K
pulling e7b273f96360:  34% ▕██████            ▏ 4.7 GB/ 13 GB   32 MB/s   4m38s[K[?25h[?2026l[?2026h[?25l[A[1Gpulling manifest [K
pulling e7b273f96360:  34% ▕██████            ▏ 4.7 GB/ 13 GB   32 MB/s   4m38s[K[?25h[?2026l[?2026h[?25l[A[1Gpulling manifest [K
pulling e7b273f96360:  34% ▕██████            ▏ 4.7 GB/ 13 GB   32 MB/s   4m38s[K[?25h[?2026l[?2026h[?25l[A[1Gpulling manifest [K
pulling e7b273f96360:  34% ▕██████            ▏ 4.7 GB/ 13 GB   32 MB/s   4m38s[K[?25h[?2026l[?2026h[?25l[A[1Gpulling manifest [K
pulling e7b273f96360:  34% ▕██████            ▏ 4.7 GB/ 13 GB   32 MB/s   4m38s[K[?25h[?2026l[?2026h[?25l[A[1Gpulling manifest [K
pulling e7b273f96360:  34% ▕██████            ▏ 4.7 GB/ 13 GB   32 MB/s   4m38s[K[?25h[?2026l[?2026h[?25l[A[1Gpulling manifest [K
pulling e7b273f96360:  34% ▕██████            ▏ 4.7 GB/ 13 GB   32 MB/s   4m38s[K[?25h[?2026l[?2026h[?25l[A[1Gpulling manifest [K
pulling e7b273f96360:  34% ▕██████            ▏ 4.7 GB/ 13 GB   32 MB/s   4m37s[K[?25h[?2026l[?2026h[?25l[A[1Gpulling manifest [K
pulling e7b273f96360:  34% ▕██████            ▏ 4.7 GB/ 13 GB   32 MB/s   4m37s[K[?25h[?2026l[?2026h[?25l[A[1Gpulling manifest [K
pulling e7b273f96360:  34% ▕██████            ▏ 4.7 GB/ 13 GB   32 MB/s   4m37s[K[?25h[?2026l[?2026h[?25l[A[1Gpulling manifest [K
pulling e7b273f96360:  34% ▕██████            ▏ 4.7 GB/ 13 GB   32 MB/s   4m40s[K[?25h[?2026l[?2026h[?25l[A[1Gpulling manifest [K
pulling e7b273f96360:  34% ▕██████            ▏ 4.7 GB/ 13 GB   32 MB/s   4m40s[K[?25h[?2026l[?2026h[?25l[A[1Gpulling manifest [K
pulling e7b273f96360:  34% ▕██████            ▏ 4.7 GB/ 13 GB   32 MB/s   4m40s[K[?25h[?2026l[?2026h[?25l[A[1Gpulling manifest [K
pulling e7b273f96360:  34% ▕██████            ▏ 4.7 GB/ 13 GB   32 MB/s   4m40s[K[?25h[?2026l[?2026h[?25l[A[1Gpulling manifest [K
pulling e7b273f96360:  34% ▕██████            ▏ 4.7 GB/ 13 GB   32 MB/s   4m40s[K[?25h[?2026l[?2026h[?25l[A[1Gpulling manifest [K
pulling e7b273f96360:  34% ▕██████            ▏ 4.8 GB/ 13 GB   32 MB/s   4m40s[K[?25h[?2026l[?2026h[?25l[A[1Gpulling manifest [K
pulling e7b273f96360:  35% ▕██████            ▏ 4.8 GB/ 13 GB   32 MB/s   4m40s[K[?25h[?2026l[?2026h[?25l[A[1Gpulling manifest [K
pulling e7b273f96360:  35% ▕██████            ▏ 4.8 GB/ 13 GB   32 MB/s   4m40s[K[?25h[?2026l[?2026h[?25l[A[1Gpulling manifest [K
pulling e7b273f96360:  35% ▕██████            ▏ 4.8 GB/ 13 GB   32 MB/s   4m40s[K[?25h[?2026l[?2026h[?25l[A[1Gpulling manifest [K
pulling e7b273f96360:  35% ▕██████            ▏ 4.8 GB/ 13 GB   32 MB/s   4m39s[K[?25h[?2026l[?2026h[?25l[A[1Gpulling manifest [K
pulling e7b273f96360:  35% ▕██████            ▏ 4.8 GB/ 13 GB   32 MB/s   4m37s[K[?25h[?2026l[?2026h[?25l[A[1Gpulling manifest [K
pulling e7b273f96360:  35% ▕██████            ▏ 4.8 GB/ 13 GB   32 MB/s   4m37s[K[?25h[?2026l[?2026h[?25l[A[1Gpulling manifest [K
pulling e7b273f96360:  35% ▕██████            ▏ 4.8 GB/ 13 GB   32 MB/s   4m36s[K[?25h[?2026l[?2026h[?25l[A[1Gpulling manifest [K
pulling e7b273f96360:  35% ▕██████            ▏ 4.8 GB/ 13 GB   32 MB/s   4m36s[K[?25h[?2026l[?2026h[?25l[A[1Gpulling manifest [K
pulling e7b273f96360:  35% ▕██████            ▏ 4.8 GB/ 13 GB   32 MB/s   4m36s[K[?25h[?2026l[?2026h[?25l[A[1Gpulling manifest [K
pulling e7b273f96360:  35% ▕██████            ▏ 4.8 GB/ 13 GB   32 MB/s   4m36s[K[?25h[?2026l[?2026h[?25l[A[1Gpulling manifest [K
pulling e7b273f96360:  35% ▕██████            ▏ 4.8 GB/ 13 GB   32 MB/s   4m36s[K[?25h[?2026l[?2026h[?25l[A[1Gpulling manifest [K
pulling e7b273f96360:  35% ▕██████            ▏ 4.8 GB/ 13 GB   32 MB/s   4m36s[K[?25h[?2026l[?2026h[?25l[A[1Gpulling manifest [K
pulling e7b273f96360:  35% ▕██████            ▏ 4.8 GB/ 13 GB   32 MB/s   4m36s[K[?25h[?2026l[?2026h[?25l[A[1Gpulling manifest [K
pulling e7b273f96360:  35% ▕██████            ▏ 4.8 GB/ 13 GB   32 MB/s   4m36s[K[?25h[?2026l[?2026h[?25l[A[1Gpulling manifest [K
pulling e7b273f96360:  35% ▕██████            ▏ 4.8 GB/ 13 GB   32 MB/s   4m38s[K[?25h[?2026l[?2026h[?25l[A[1Gpulling manifest [K
pulling e7b273f96360:  35% ▕██████            ▏ 4.8 GB/ 13 GB   32 MB/s   4m38s[K[?25h[?2026l[?2026h[?25l[A[1Gpulling manifest [K
pulling e7b273f96360:  35% ▕██████            ▏ 4.8 GB/ 13 GB   32 MB/s   4m38s[K[?25h[?2026l[?2026h[?25l[A[1Gpulling manifest [K
pulling e7b273f96360:  35% ▕██████            ▏ 4.8 GB/ 13 GB   32 MB/s   4m38s[K[?25h[?2026l[?2026h[?25l[A[1Gpulling manifest [K
pulling e7b273f96360:  35% ▕██████            ▏ 4.8 GB/ 13 GB   32 MB/s   4m38s[K[?25h[?2026l[?2026h[?25l[A[1Gpulling manifest [K
pulling e7b273f96360:  35% ▕██████            ▏ 4.8 GB/ 13 GB   32 MB/s   4m38s[K[?25h[?2026l[?2026h[?25l[A[1Gpulling manifest [K
pulling e7b273f96360:  35% ▕██████            ▏ 4.8 GB/ 13 GB   32 MB/s   4m38s[K[?25h[?2026l[?2026h[?25l[A[1Gpulling manifest [K
pulling e7b273f96360:  35% ▕██████            ▏ 4.8 GB/ 13 GB   32 MB/s   4m37s[K[?25h[?2026l[?2026h[?25l[A[1Gpulling manifest [K
pulling e7b273f96360:  35% ▕██████            ▏ 4.8 GB/ 13 GB   32 MB/s   4m37s[K[?25h[?2026l[?2026h[?25l[A[1Gpulling manifest [K
pulling e7b273f96360:  35% ▕██████            ▏ 4.8 GB/ 13 GB   32 MB/s   4m37s[K[?25h[?2026l[?2026h[?25l[A[1Gpulling manifest [K
pulling e7b273f96360:  35% ▕██████            ▏ 4.8 GB/ 13 GB   31 MB/s   4m41s[K[?25h[?2026l[?2026h[?25l[A[1Gpulling manifest [K
pulling e7b273f96360:  35% ▕██████            ▏ 4.8 GB/ 13 GB   31 MB/s   4m41s[K[?25h[?2026l[?2026h[?25l[A[1Gpulling manifest [K
pulling e7b273f96360:  35% ▕██████            ▏ 4.8 GB/ 13 GB   31 MB/s   4m40s[K[?25h[?2026l[?2026h[?25l[A[1Gpulling manifest [K
pulling e7b273f96360:  35% ▕██████            ▏ 4.8 GB/ 13 GB   31 MB/s   4m40s[K[?25h[?2026l[?2026h[?25l[A[1Gpulling manifest [K
pulling e7b273f96360:  35% ▕██████            ▏ 4.9 GB/ 13 GB   31 MB/s   4m40s[K[?25h[?2026l[?2026h[?25l[A[1Gpulling manifest [K
pulling e7b273f96360:  35% ▕██████            ▏ 4.9 GB/ 13 GB   31 MB/s   4m40s[K[?25h[?2026l[?2026h[?25l[A[1Gpulling manifest [K
pulling e7b273f96360:  35% ▕██████            ▏ 4.9 GB/ 13 GB   31 MB/s   4m40s[K[?25h[?2026l[?2026h[?25l[A[1Gpulling manifest [K
pulling e7b273f96360:  35% ▕██████            ▏ 4.9 GB/ 13 GB   31 MB/s   4m40s[K[?25h[?2026l[?2026h[?25l[A[1Gpulling manifest [K
pulling e7b273f96360:  35% ▕██████            ▏ 4.9 GB/ 13 GB   31 MB/s   4m40s[K[?25h[?2026l[?2026h[?25l[A[1Gpulling manifest [K
pulling e7b273f96360:  35% ▕██████            ▏ 4.9 GB/ 13 GB   31 MB/s   4m40s[K[?25h[?2026l[?2026h[?25l[A[1Gpulling manifest [K
pulling e7b273f96360:  35% ▕██████            ▏ 4.9 GB/ 13 GB   31 MB/s   4m40s[K[?25h[?2026l[?2026h[?25l[A[1Gpulling manifest [K
pulling e7b273f96360:  35% ▕██████            ▏ 4.9 GB/ 13 GB   31 MB/s   4m41s[K[?25h[?2026l[?2026h[?25l[A[1Gpulling manifest [K
pulling e7b273f96360:  35% ▕██████            ▏ 4.9 GB/ 13 GB   31 MB/s   4m41s[K[?25h[?2026l[?2026h[?25l[A[1Gpulling manifest [K
pulling e7b273f96360:  35% ▕██████            ▏ 4.9 GB/ 13 GB   31 MB/s   4m41s[K[?25h[?2026l[?2026h[?25l[A[1Gpulling manifest [K
pulling e7b273f96360:  35% ▕██████            ▏ 4.9 GB/ 13 GB   31 MB/s   4m41s[K[?25h[?2026l[?2026h[?25l[A[1Gpulling manifest [K
pulling e7b273f96360:  35% ▕██████            ▏ 4.9 GB/ 13 GB   31 MB/s   4m41s[K[?25h[?2026l[?2026h[?25l[A[1Gpulling manifest [K
pulling e7b273f96360:  35% ▕██████            ▏ 4.9 GB/ 13 GB   31 MB/s   4m40s[K[?25h[?2026l[?2026h[?25l[A[1Gpulling manifest [K
pulling e7b273f96360:  35% ▕██████            ▏ 4.9 GB/ 13 GB   31 MB/s   4m40s[K[?25h[?2026l[?2026h[?25l[A[1Gpulling manifest [K
pulling e7b273f96360:  35% ▕██████            ▏ 4.9 GB/ 13 GB   31 MB/s   4m40s[K[?25h[?2026l[?2026h[?25l[A[1Gpulling manifest [K
pulling e7b273f96360:  36% ▕██████            ▏ 4.9 GB/ 13 GB   31 MB/s   4m40s[K[?25h[?2026l[?2026h[?25l[A[1Gpulling manifest [K
pulling e7b273f96360:  36% ▕██████            ▏ 4.9 GB/ 13 GB   31 MB/s   4m40s[K[?25h[?2026l[?2026h[?25l[A[1Gpulling manifest [K
pulling e7b273f96360:  36% ▕██████            ▏ 4.9 GB/ 13 GB   31 MB/s   4m38s[K[?25h[?2026l[?2026h[?25l[A[1Gpulling manifest [K
pulling e7b273f96360:  36% ▕██████            ▏ 4.9 GB/ 13 GB   31 MB/s   4m38s[K[?25h[?2026l[?2026h[?25l[A[1Gpulling manifest [K
pulling e7b273f96360:  36% ▕██████            ▏ 4.9 GB/ 13 GB   31 MB/s   4m37s[K[?25h[?2026l[?2026h[?25l[A[1Gpulling manifest [K
pulling e7b273f96360:  36% ▕██████            ▏ 4.9 GB/ 13 GB   31 MB/s   4m37s[K[?25h[?2026l[?2026h[?25l[A[1Gpulling manifest [K
pulling e7b273f96360:  36% ▕██████            ▏ 4.9 GB/ 13 GB   31 MB/s   4m37s[K[?25h[?2026l[?2026h[?25l[A[1Gpulling manifest [K
pulling e7b273f96360:  36% ▕██████            ▏ 4.9 GB/ 13 GB   31 MB/s   4m37s[K[?25h[?2026l[?2026h[?25l[A[1Gpulling manifest [K
pulling e7b273f96360:  36% ▕██████            ▏ 4.9 GB/ 13 GB   31 MB/s   4m37s[K[?25h[?2026l[?2026h[?25l[A[1Gpulling manifest [K
pulling e7b273f96360:  36% ▕██████            ▏ 4.9 GB/ 13 GB   31 MB/s   4m37s[K[?25h[?2026l[?2026h[?25l[A[1Gpulling manifest [K
pulling e7b273f96360:  36% ▕██████            ▏ 4.9 GB/ 13 GB   31 MB/s   4m37s[K[?25h[?2026l[?2026h[?25l[A[1Gpulling manifest [K
pulling e7b273f96360:  36% ▕██████            ▏ 4.9 GB/ 13 GB   31 MB/s   4m37s[K[?25h[?2026l[?2026h[?25l[A[1Gpulling manifest [K
pulling e7b273f96360:  36% ▕██████            ▏ 4.9 GB/ 13 GB   32 MB/s   4m34s[K[?25h[?2026l[?2026h[?25l[A[1Gpulling manifest [K
pulling e7b273f96360:  36% ▕██████            ▏ 4.9 GB/ 13 GB   32 MB/s   4m34s[K[?25h[?2026l[?2026h[?25l[A[1Gpulling manifest [K
pulling e7b273f96360:  36% ▕██████            ▏ 4.9 GB/ 13 GB   32 MB/s   4m34s[K[?25h[?2026l[?2026h[?25l[A[1Gpulling manifest [K
pulling e7b273f96360:  36% ▕██████            ▏ 4.9 GB/ 13 GB   32 MB/s   4m34s[K[?25h[?2026l[?2026h[?25l[A[1Gpulling manifest [K
pulling e7b273f96360:  36% ▕██████            ▏ 4.9 GB/ 13 GB   32 MB/s   4m33s[K[?25h[?2026l[?2026h[?25l[A[1Gpulling manifest [K
pulling e7b273f96360:  36% ▕██████            ▏ 5.0 GB/ 13 GB   32 MB/s   4m33s[K[?25h[?2026l[?2026h[?25l[A[1Gpulling manifest [K
pulling e7b273f96360:  36% ▕██████            ▏ 5.0 GB/ 13 GB   32 MB/s   4m33s[K[?25h[?2026l[?2026h[?25l[A[1Gpulling manifest [K
pulling e7b273f96360:  36% ▕██████            ▏ 5.0 GB/ 13 GB   32 MB/s   4m33s[K[?25h[?2026l[?2026h[?25l[A[1Gpulling manifest [K
pulling e7b273f96360:  36% ▕██████            ▏ 5.0 GB/ 13 GB   32 MB/s   4m33s[K[?25h[?2026l[?2026h[?25l[A[1Gpulling manifest [K
pulling e7b273f96360:  36% ▕██████            ▏ 5.0 GB/ 13 GB   32 MB/s   4m33s[K[?25h[?2026l[?2026h[?25l[A[1Gpulling manifest [K
pulling e7b273f96360:  36% ▕██████            ▏ 5.0 GB/ 13 GB   32 MB/s   4m33s[K[?25h[?2026l[?2026h[?25l[A[1Gpulling manifest [K
pulling e7b273f96360:  36% ▕██████            ▏ 5.0 GB/ 13 GB   32 MB/s   4m32s[K[?25h[?2026l[?2026h[?25l[A[1Gpulling manifest [K
pulling e7b273f96360:  36% ▕██████            ▏ 5.0 GB/ 13 GB   32 MB/s   4m32s[K[?25h[?2026l[?2026h[?25l[A[1Gpulling manifest [K
pulling e7b273f96360:  36% ▕██████            ▏ 5.0 GB/ 13 GB   32 MB/s   4m32s[K[?25h[?2026l[?2026h[?25l[A[1Gpulling manifest [K
pulling e7b273f96360:  36% ▕██████            ▏ 5.0 GB/ 13 GB   32 MB/s   4m32s[K[?25h[?2026l[?2026h[?25l[A[1Gpulling manifest [K
pulling e7b273f96360:  36% ▕██████            ▏ 5.0 GB/ 13 GB   32 MB/s   4m32s[K[?25h[?2026l[?2026h[?25l[A[1Gpulling manifest [K
pulling e7b273f96360:  36% ▕██████            ▏ 5.0 GB/ 13 GB   32 MB/s   4m32s[K[?25h[?2026l[?2026h[?25l[A[1Gpulling manifest [K
pulling e7b273f96360:  36% ▕██████            ▏ 5.0 GB/ 13 GB   32 MB/s   4m32s[K[?25h[?2026l[?2026h[?25l[A[1Gpulling manifest [K
pulling e7b273f96360:  36% ▕██████            ▏ 5.0 GB/ 13 GB   32 MB/s   4m32s[K[?25h[?2026l[?2026h[?25l[A[1Gpulling manifest [K
pulling e7b273f96360:  36% ▕██████            ▏ 5.0 GB/ 13 GB   32 MB/s   4m32s[K[?25h[?2026l[?2026h[?25l[A[1Gpulling manifest [K
pulling e7b273f96360:  36% ▕██████            ▏ 5.0 GB/ 13 GB   32 MB/s   4m31s[K[?25h[?2026l[?2026h[?25l[A[1Gpulling manifest [K
pulling e7b273f96360:  36% ▕██████            ▏ 5.0 GB/ 13 GB   32 MB/s   4m31s[K[?25h[?2026l[?2026h[?25l[A[1Gpulling manifest [K
pulling e7b273f96360:  36% ▕██████            ▏ 5.0 GB/ 13 GB   32 MB/s   4m31s[K[?25h[?2026l[?2026h[?25l[A[1Gpulling manifest [K
pulling e7b273f96360:  36% ▕██████            ▏ 5.0 GB/ 13 GB   32 MB/s   4m31s[K[?25h[?2026l[?2026h[?25l[A[1Gpulling manifest [K
pulling e7b273f96360:  36% ▕██████            ▏ 5.0 GB/ 13 GB   32 MB/s   4m31s[K[?25h[?2026l[?2026h[?25l[A[1Gpulling manifest [K
pulling e7b273f96360:  36% ▕██████            ▏ 5.0 GB/ 13 GB   32 MB/s   4m31s[K[?25h[?2026l[?2026h[?25l[A[1Gpulling manifest [K
pulling e7b273f96360:  36% ▕██████            ▏ 5.0 GB/ 13 GB   32 MB/s   4m31s[K[?25h[?2026l[?2026h[?25l[A[1Gpulling manifest [K
pulling e7b273f96360:  36% ▕██████            ▏ 5.0 GB/ 13 GB   32 MB/s   4m31s[K[?25h[?2026l[?2026h[?25l[A[1Gpulling manifest [K
pulling e7b273f96360:  36% ▕██████            ▏ 5.0 GB/ 13 GB   32 MB/s   4m31s[K[?25h[?2026l[?2026h[?25l[A[1Gpulling manifest [K
pulling e7b273f96360:  36% ▕██████            ▏ 5.0 GB/ 13 GB   32 MB/s   4m31s[K[?25h[?2026l[?2026h[?25l[A[1Gpulling manifest [K
pulling e7b273f96360:  36% ▕██████            ▏ 5.0 GB/ 13 GB   32 MB/s   4m31s[K[?25h[?2026l[?2026h[?25l[A[1Gpulling manifest [K
pulling e7b273f96360:  36% ▕██████            ▏ 5.0 GB/ 13 GB   32 MB/s   4m28s[K[?25h[?2026l[?2026h[?25l[A[1Gpulling manifest [K
pulling e7b273f96360:  37% ▕██████            ▏ 5.0 GB/ 13 GB   32 MB/s   4m28s[K[?25h[?2026l[?2026h[?25l[A[1Gpulling manifest [K
pulling e7b273f96360:  37% ▕██████            ▏ 5.0 GB/ 13 GB   32 MB/s   4m28s[K[?25h[?2026l[?2026h[?25l[A[1Gpulling manifest [K
pulling e7b273f96360:  37% ▕██████            ▏ 5.0 GB/ 13 GB   32 MB/s   4m27s[K[?25h[?2026l[?2026h[?25l[A[1Gpulling manifest [K
pulling e7b273f96360:  37% ▕██████            ▏ 5.0 GB/ 13 GB   32 MB/s   4m27s[K[?25h[?2026l[?2026h[?25l[A[1Gpulling manifest [K
pulling e7b273f96360:  37% ▕██████            ▏ 5.0 GB/ 13 GB   32 MB/s   4m27s[K[?25h[?2026l[?2026h[?25l[A[1Gpulling manifest [K
pulling e7b273f96360:  37% ▕██████            ▏ 5.1 GB/ 13 GB   32 MB/s   4m27s[K[?25h[?2026l[?2026h[?25l[A[1Gpulling manifest [K
pulling e7b273f96360:  37% ▕██████            ▏ 5.1 GB/ 13 GB   32 MB/s   4m27s[K[?25h[?2026l[?2026h[?25l[A[1Gpulling manifest [K
pulling e7b273f96360:  37% ▕██████            ▏ 5.1 GB/ 13 GB   32 MB/s   4m27s[K[?25h[?2026l[?2026h[?25l[A[1Gpulling manifest [K
pulling e7b273f96360:  37% ▕██████            ▏ 5.1 GB/ 13 GB   32 MB/s   4m27s[K[?25h[?2026l[?2026h[?25l[A[1Gpulling manifest [K
pulling e7b273f96360:  37% ▕██████            ▏ 5.1 GB/ 13 GB   32 MB/s   4m32s[K[?25h[?2026l[?2026h[?25l[A[1Gpulling manifest [K
pulling e7b273f96360:  37% ▕██████            ▏ 5.1 GB/ 13 GB   32 MB/s   4m32s[K[?25h[?2026l[?2026h[?25l[A[1Gpulling manifest [K
pulling e7b273f96360:  37% ▕██████            ▏ 5.1 GB/ 13 GB   32 MB/s   4m32s[K[?25h[?2026l[?2026h[?25l[A[1Gpulling manifest [K
pulling e7b273f96360:  37% ▕██████            ▏ 5.1 GB/ 13 GB   32 MB/s   4m32s[K[?25h[?2026l[?2026h[?25l[A[1Gpulling manifest [K
pulling e7b273f96360:  37% ▕██████            ▏ 5.1 GB/ 13 GB   32 MB/s   4m32s[K[?25h[?2026l[?2026h[?25l[A[1Gpulling manifest [K
pulling e7b273f96360:  37% ▕██████            ▏ 5.1 GB/ 13 GB   32 MB/s   4m32s[K[?25h[?2026l[?2026h[?25l[A[1Gpulling manifest [K
pulling e7b273f96360:  37% ▕██████            ▏ 5.1 GB/ 13 GB   32 MB/s   4m31s[K[?25h[?2026l[?2026h[?25l[A[1Gpulling manifest [K
pulling e7b273f96360:  37% ▕██████            ▏ 5.1 GB/ 13 GB   32 MB/s   4m31s[K[?25h[?2026l[?2026h[?25l[A[1Gpulling manifest [K
pulling e7b273f96360:  37% ▕██████            ▏ 5.1 GB/ 13 GB   32 MB/s   4m31s[K[?25h[?2026l[?2026h[?25l[A[1Gpulling manifest [K
pulling e7b273f96360:  37% ▕██████            ▏ 5.1 GB/ 13 GB   32 MB/s   4m31s[K[?25h[?2026l[?2026h[?25l[A[1Gpulling manifest [K
pulling e7b273f96360:  37% ▕██████            ▏ 5.1 GB/ 13 GB   31 MB/s   4m32s[K[?25h[?2026l[?2026h[?25l[A[1Gpulling manifest [K
pulling e7b273f96360:  37% ▕██████            ▏ 5.1 GB/ 13 GB   31 MB/s   4m32s[K[?25h[?2026l[?2026h[?25l[A[1Gpulling manifest [K
pulling e7b273f96360:  37% ▕██████            ▏ 5.1 GB/ 13 GB   31 MB/s   4m32s[K[?25h[?2026l[?2026h[?25l[A[1Gpulling manifest [K
pulling e7b273f96360:  37% ▕██████            ▏ 5.1 GB/ 13 GB   31 MB/s   4m32s[K[?25h[?2026l[?2026h[?25l[A[1Gpulling manifest [K
pulling e7b273f96360:  37% ▕██████            ▏ 5.1 GB/ 13 GB   31 MB/s   4m32s[K[?25h[?2026l[?2026h[?25l[A[1Gpulling manifest [K
pulling e7b273f96360:  37% ▕██████            ▏ 5.1 GB/ 13 GB   31 MB/s   4m32s[K[?25h[?2026l[?2026h[?25l[A[1Gpulling manifest [K
pulling e7b273f96360:  37% ▕██████            ▏ 5.1 GB/ 13 GB   31 MB/s   4m32s[K[?25h[?2026l[?2026h[?25l[A[1Gpulling manifest [K
pulling e7b273f96360:  37% ▕██████            ▏ 5.1 GB/ 13 GB   31 MB/s   4m31s[K[?25h[?2026l[?2026h[?25l[A[1Gpulling manifest [K
pulling e7b273f96360:  37% ▕██████            ▏ 5.1 GB/ 13 GB   31 MB/s   4m31s[K[?25h[?2026l[?2026h[?25l[A[1Gpulling manifest [K
pulling e7b273f96360:  37% ▕██████            ▏ 5.1 GB/ 13 GB   31 MB/s   4m31s[K[?25h[?2026l[?2026h[?25l[A[1Gpulling manifest [K
pulling e7b273f96360:  37% ▕██████            ▏ 5.1 GB/ 13 GB   31 MB/s   4m33s[K[?25h[?2026l[?2026h[?25l[A[1Gpulling manifest [K
pulling e7b273f96360:  37% ▕██████            ▏ 5.1 GB/ 13 GB   31 MB/s   4m33s[K[?25h[?2026l[?2026h[?25l[A[1Gpulling manifest [K
pulling e7b273f96360:  37% ▕██████            ▏ 5.1 GB/ 13 GB   31 MB/s   4m33s[K[?25h[?2026l[?2026h[?25l[A[1Gpulling manifest [K
pulling e7b273f96360:  37% ▕██████            ▏ 5.1 GB/ 13 GB   31 MB/s   4m33s[K[?25h[?2026l[?2026h[?25l[A[1Gpulling manifest [K
pulling e7b273f96360:  37% ▕██████            ▏ 5.1 GB/ 13 GB   31 MB/s   4m33s[K[?25h[?2026l[?2026h[?25l[A[1Gpulling manifest [K
pulling e7b273f96360:  37% ▕██████            ▏ 5.1 GB/ 13 GB   31 MB/s   4m33s[K[?25h[?2026l[?2026h[?25l[A[1Gpulling manifest [K
pulling e7b273f96360:  37% ▕██████            ▏ 5.1 GB/ 13 GB   31 MB/s   4m33s[K[?25h[?2026l[?2026h[?25l[A[1Gpulling manifest [K
pulling e7b273f96360:  37% ▕██████            ▏ 5.1 GB/ 13 GB   31 MB/s   4m33s[K[?25h[?2026l[?2026h[?25l[A[1Gpulling manifest [K
pulling e7b273f96360:  37% ▕██████            ▏ 5.1 GB/ 13 GB   31 MB/s   4m33s[K[?25h[?2026l[?2026h[?25l[A[1Gpulling manifest [K
pulling e7b273f96360:  37% ▕██████            ▏ 5.2 GB/ 13 GB   31 MB/s   4m33s[K[?25h[?2026l[?2026h[?25l[A[1Gpulling manifest [K
pulling e7b273f96360:  37% ▕██████            ▏ 5.2 GB/ 13 GB   31 MB/s   4m32s[K[?25h[?2026l[?2026h[?25l[A[1Gpulling manifest [K
pulling e7b273f96360:  37% ▕██████            ▏ 5.2 GB/ 13 GB   31 MB/s   4m32s[K[?25h[?2026l[?2026h[?25l[A[1Gpulling manifest [K
pulling e7b273f96360:  37% ▕██████            ▏ 5.2 GB/ 13 GB   31 MB/s   4m32s[K[?25h[?2026l[?2026h[?25l[A[1Gpulling manifest [K
pulling e7b273f96360:  37% ▕██████            ▏ 5.2 GB/ 13 GB   31 MB/s   4m32s[K[?25h[?2026l[?2026h[?25l[A[1Gpulling manifest [K
pulling e7b273f96360:  37% ▕██████            ▏ 5.2 GB/ 13 GB   31 MB/s   4m32s[K[?25h[?2026l[?2026h[?25l[A[1Gpulling manifest [K
pulling e7b273f96360:  37% ▕██████            ▏ 5.2 GB/ 13 GB   31 MB/s   4m32s[K[?25h[?2026l[?2026h[?25l[A[1Gpulling manifest [K
pulling e7b273f96360:  38% ▕██████            ▏ 5.2 GB/ 13 GB   31 MB/s   4m32s[K[?25h[?2026l[?2026h[?25l[A[1Gpulling manifest [K
pulling e7b273f96360:  38% ▕██████            ▏ 5.2 GB/ 13 GB   31 MB/s   4m32s[K[?25h[?2026l[?2026h[?25l[A[1Gpulling manifest [K
pulling e7b273f96360:  38% ▕██████            ▏ 5.2 GB/ 13 GB   31 MB/s   4m32s[K[?25h[?2026l[?2026h[?25l[A[1Gpulling manifest [K
pulling e7b273f96360:  38% ▕██████            ▏ 5.2 GB/ 13 GB   31 MB/s   4m32s[K[?25h[?2026l[?2026h[?25l[A[1Gpulling manifest [K
pulling e7b273f96360:  38% ▕██████            ▏ 5.2 GB/ 13 GB   31 MB/s   4m32s[K[?25h[?2026l[?2026h[?25l[A[1Gpulling manifest [K
pulling e7b273f96360:  38% ▕██████            ▏ 5.2 GB/ 13 GB   31 MB/s   4m35s[K[?25h[?2026l[?2026h[?25l[A[1Gpulling manifest [K
pulling e7b273f96360:  38% ▕██████            ▏ 5.2 GB/ 13 GB   31 MB/s   4m35s[K[?25h[?2026l[?2026h[?25l[A[1Gpulling manifest [K
pulling e7b273f96360:  38% ▕██████            ▏ 5.2 GB/ 13 GB   31 MB/s   4m35s[K[?25h[?2026l[?2026h[?25l[A[1Gpulling manifest [K
pulling e7b273f96360:  38% ▕██████            ▏ 5.2 GB/ 13 GB   31 MB/s   4m35s[K[?25h[?2026l[?2026h[?25l[A[1Gpulling manifest [K
pulling e7b273f96360:  38% ▕██████            ▏ 5.2 GB/ 13 GB   31 MB/s   4m35s[K[?25h[?2026l[?2026h[?25l[A[1Gpulling manifest [K
pulling e7b273f96360:  38% ▕██████            ▏ 5.2 GB/ 13 GB   31 MB/s   4m35s[K[?25h[?2026l[?2026h[?25l[A[1Gpulling manifest [K
pulling e7b273f96360:  38% ▕██████            ▏ 5.2 GB/ 13 GB   31 MB/s   4m35s[K[?25h[?2026l[?2026h[?25l[A[1Gpulling manifest [K
pulling e7b273f96360:  38% ▕██████            ▏ 5.2 GB/ 13 GB   31 MB/s   4m34s[K[?25h[?2026l[?2026h[?25l[A[1Gpulling manifest [K
pulling e7b273f96360:  38% ▕██████            ▏ 5.2 GB/ 13 GB   31 MB/s   4m34s[K[?25h[?2026l[?2026h[?25l[A[1Gpulling manifest [K
pulling e7b273f96360:  38% ▕██████            ▏ 5.2 GB/ 13 GB   31 MB/s   4m34s[K[?25h[?2026l[?2026h[?25l[A[1Gpulling manifest [K
pulling e7b273f96360:  38% ▕██████            ▏ 5.2 GB/ 13 GB   31 MB/s   4m35s[K[?25h[?2026l[?2026h[?25l[A[1Gpulling manifest [K
pulling e7b273f96360:  38% ▕██████            ▏ 5.2 GB/ 13 GB   31 MB/s   4m35s[K[?25h[?2026l[?2026h[?25l[A[1Gpulling manifest [K
pulling e7b273f96360:  38% ▕██████            ▏ 5.2 GB/ 13 GB   31 MB/s   4m35s[K[?25h[?2026l[?2026h[?25l[A[1Gpulling manifest [K
pulling e7b273f96360:  38% ▕██████            ▏ 5.2 GB/ 13 GB   31 MB/s   4m35s[K[?25h[?2026l[?2026h[?25l[A[1Gpulling manifest [K
pulling e7b273f96360:  38% ▕██████            ▏ 5.2 GB/ 13 GB   31 MB/s   4m35s[K[?25h[?2026l[?2026h[?25l[A[1Gpulling manifest [K
pulling e7b273f96360:  38% ▕██████            ▏ 5.2 GB/ 13 GB   31 MB/s   4m35s[K[?25h[?2026l[?2026h[?25l[A[1Gpulling manifest [K
pulling e7b273f96360:  38% ▕██████            ▏ 5.2 GB/ 13 GB   31 MB/s   4m35s[K[?25h[?2026l[?2026h[?25l[A[1Gpulling manifest [K
pulling e7b273f96360:  38% ▕██████            ▏ 5.2 GB/ 13 GB   31 MB/s   4m34s[K[?25h[?2026l[?2026h[?25l[A[1Gpulling manifest [K
pulling e7b273f96360:  38% ▕██████            ▏ 5.2 GB/ 13 GB   31 MB/s   4m34s[K[?25h[?2026l[?2026h[?25l[A[1Gpulling manifest [K
pulling e7b273f96360:  38% ▕██████            ▏ 5.2 GB/ 13 GB   31 MB/s   4m34s[K[?25h[?2026l[?2026h[?25l[A[1Gpulling manifest [K
pulling e7b273f96360:  38% ▕██████            ▏ 5.2 GB/ 13 GB   30 MB/s   4m37s[K[?25h[?2026l[?2026h[?25l[A[1Gpulling manifest [K
pulling e7b273f96360:  38% ▕██████            ▏ 5.2 GB/ 13 GB   30 MB/s   4m37s[K[?25h[?2026l[?2026h[?25l[A[1Gpulling manifest [K
pulling e7b273f96360:  38% ▕██████            ▏ 5.3 GB/ 13 GB   30 MB/s   4m37s[K[?25h[?2026l[?2026h[?25l[A[1Gpulling manifest [K
pulling e7b273f96360:  38% ▕██████            ▏ 5.3 GB/ 13 GB   30 MB/s   4m37s[K[?25h[?2026l[?2026h[?25l[A[1Gpulling manifest [K
pulling e7b273f96360:  38% ▕██████            ▏ 5.3 GB/ 13 GB   30 MB/s   4m37s[K[?25h[?2026l[?2026h[?25l[A[1Gpulling manifest [K
pulling e7b273f96360:  38% ▕██████            ▏ 5.3 GB/ 13 GB   30 MB/s   4m36s[K[?25h[?2026l[?2026h[?25l[A[1Gpulling manifest [K
pulling e7b273f96360:  38% ▕██████            ▏ 5.3 GB/ 13 GB   30 MB/s   4m36s[K[?25h[?2026l[?2026h[?25l[A[1Gpulling manifest [K
pulling e7b273f96360:  38% ▕██████            ▏ 5.3 GB/ 13 GB   30 MB/s   4m36s[K[?25h[?2026l[?2026h[?25l[A[1Gpulling manifest [K
pulling e7b273f96360:  38% ▕██████            ▏ 5.3 GB/ 13 GB   30 MB/s   4m36s[K[?25h[?2026l[?2026h[?25l[A[1Gpulling manifest [K
pulling e7b273f96360:  38% ▕██████            ▏ 5.3 GB/ 13 GB   30 MB/s   4m36s[K[?25h[?2026l[?2026h[?25l[A[1Gpulling manifest [K
pulling e7b273f96360:  38% ▕██████            ▏ 5.3 GB/ 13 GB   30 MB/s   4m36s[K[?25h[?2026l[?2026h[?25l[A[1Gpulling manifest [K
pulling e7b273f96360:  38% ▕██████            ▏ 5.3 GB/ 13 GB   30 MB/s   4m36s[K[?25h[?2026l[?2026h[?25l[A[1Gpulling manifest [K
pulling e7b273f96360:  38% ▕██████            ▏ 5.3 GB/ 13 GB   30 MB/s   4m36s[K[?25h[?2026l[?2026h[?25l[A[1Gpulling manifest [K
pulling e7b273f96360:  38% ▕██████            ▏ 5.3 GB/ 13 GB   30 MB/s   4m35s[K[?25h[?2026l[?2026h[?25l[A[1Gpulling manifest [K
pulling e7b273f96360:  38% ▕██████            ▏ 5.3 GB/ 13 GB   30 MB/s   4m35s[K[?25h[?2026l[?2026h[?25l[A[1Gpulling manifest [K
pulling e7b273f96360:  38% ▕██████            ▏ 5.3 GB/ 13 GB   30 MB/s   4m35s[K[?25h[?2026l[?2026h[?25l[A[1Gpulling manifest [K
pulling e7b273f96360:  38% ▕██████            ▏ 5.3 GB/ 13 GB   30 MB/s   4m35s[K[?25h[?2026l[?2026h[?25l[A[1Gpulling manifest [K
pulling e7b273f96360:  38% ▕██████            ▏ 5.3 GB/ 13 GB   30 MB/s   4m35s[K[?25h[?2026l[?2026h[?25l[A[1Gpulling manifest [K
pulling e7b273f96360:  38% ▕██████            ▏ 5.3 GB/ 13 GB   30 MB/s   4m35s[K[?25h[?2026l[?2026h[?25l[A[1Gpulling manifest [K
pulling e7b273f96360:  38% ▕██████            ▏ 5.3 GB/ 13 GB   30 MB/s   4m35s[K[?25h[?2026l[?2026h[?25l[A[1Gpulling manifest [K
pulling e7b273f96360:  38% ▕██████            ▏ 5.3 GB/ 13 GB   30 MB/s   4m37s[K[?25h[?2026l[?2026h[?25l[A[1Gpulling manifest [K
pulling e7b273f96360:  38% ▕██████            ▏ 5.3 GB/ 13 GB   30 MB/s   4m37s[K[?25h[?2026l[?2026h[?25l[A[1Gpulling manifest [K
pulling e7b273f96360:  39% ▕██████            ▏ 5.3 GB/ 13 GB   30 MB/s   4m37s[K[?25h[?2026l[?2026h[?25l[A[1Gpulling manifest [K
pulling e7b273f96360:  39% ▕██████            ▏ 5.3 GB/ 13 GB   30 MB/s   4m36s[K[?25h[?2026l[?2026h[?25l[A[1Gpulling manifest [K
pulling e7b273f96360:  39% ▕██████            ▏ 5.3 GB/ 13 GB   30 MB/s   4m36s[K[?25h[?2026l[?2026h[?25l[A[1Gpulling manifest [K
pulling e7b273f96360:  39% ▕██████            ▏ 5.3 GB/ 13 GB   30 MB/s   4m36s[K[?25h[?2026l[?2026h[?25l[A[1Gpulling manifest [K
pulling e7b273f96360:  39% ▕██████            ▏ 5.3 GB/ 13 GB   30 MB/s   4m36s[K[?25h[?2026l[?2026h[?25l[A[1Gpulling manifest [K
pulling e7b273f96360:  39% ▕██████            ▏ 5.3 GB/ 13 GB   30 MB/s   4m36s[K[?25h[?2026l[?2026h[?25l[A[1Gpulling manifest [K
pulling e7b273f96360:  39% ▕██████            ▏ 5.3 GB/ 13 GB   30 MB/s   4m36s[K[?25h[?2026l[?2026h[?25l[A[1Gpulling manifest [K
pulling e7b273f96360:  39% ▕██████            ▏ 5.3 GB/ 13 GB   30 MB/s   4m36s[K[?25h[?2026l[?2026h[?25l[A[1Gpulling manifest [K
pulling e7b273f96360:  39% ▕██████            ▏ 5.3 GB/ 13 GB   30 MB/s   4m36s[K[?25h[?2026l[?2026h[?25l[A[1Gpulling manifest [K
pulling e7b273f96360:  39% ▕██████            ▏ 5.3 GB/ 13 GB   30 MB/s   4m36s[K[?25h[?2026l[?2026h[?25l[A[1Gpulling manifest [K
pulling e7b273f96360:  39% ▕██████            ▏ 5.3 GB/ 13 GB   30 MB/s   4m36s[K[?25h[?2026l[?2026h[?25l[A[1Gpulling manifest [K
pulling e7b273f96360:  39% ▕██████            ▏ 5.3 GB/ 13 GB   30 MB/s   4m36s[K[?25h[?2026l[?2026h[?25l[A[1Gpulling manifest [K
pulling e7b273f96360:  39% ▕██████            ▏ 5.3 GB/ 13 GB   30 MB/s   4m36s[K[?25h[?2026l[?2026h[?25l[A[1Gpulling manifest [K
pulling e7b273f96360:  39% ▕██████            ▏ 5.4 GB/ 13 GB   30 MB/s   4m36s[K[?25h[?2026l[?2026h[?25l[A[1Gpulling manifest [K
pulling e7b273f96360:  39% ▕██████            ▏ 5.4 GB/ 13 GB   30 MB/s   4m36s[K[?25h[?2026l[?2026h[?25l[A[1Gpulling manifest [K
pulling e7b273f96360:  39% ▕██████            ▏ 5.4 GB/ 13 GB   30 MB/s   4m36s[K[?25h[?2026l[?2026h[?25l[A[1Gpulling manifest [K
pulling e7b273f96360:  39% ▕██████            ▏ 5.4 GB/ 13 GB   30 MB/s   4m36s[K[?25h[?2026l[?2026h[?25l[A[1Gpulling manifest [K
pulling e7b273f96360:  39% ▕██████            ▏ 5.4 GB/ 13 GB   30 MB/s   4m36s[K[?25h[?2026l[?2026h[?25l[A[1Gpulling manifest [K
pulling e7b273f96360:  39% ▕███████           ▏ 5.4 GB/ 13 GB   30 MB/s   4m35s[K[?25h[?2026l[?2026h[?25l[A[1Gpulling manifest [K
pulling e7b273f96360:  39% ▕███████           ▏ 5.4 GB/ 13 GB   30 MB/s   4m35s[K[?25h[?2026l[?2026h[?25l[A[1Gpulling manifest [K
pulling e7b273f96360:  39% ▕███████           ▏ 5.4 GB/ 13 GB   30 MB/s   4m35s[K[?25h[?2026l[?2026h[?25l[A[1Gpulling manifest [K
pulling e7b273f96360:  39% ▕███████           ▏ 5.4 GB/ 13 GB   30 MB/s   4m35s[K[?25h[?2026l[?2026h[?25l[A[1Gpulling manifest [K
pulling e7b273f96360:  39% ▕███████           ▏ 5.4 GB/ 13 GB   30 MB/s   4m35s[K[?25h[?2026l[?2026h[?25l[A[1Gpulling manifest [K
pulling e7b273f96360:  39% ▕███████           ▏ 5.4 GB/ 13 GB   30 MB/s   4m35s[K[?25h[?2026l[?2026h[?25l[A[1Gpulling manifest [K
pulling e7b273f96360:  39% ▕███████           ▏ 5.4 GB/ 13 GB   30 MB/s   4m35s[K[?25h[?2026l[?2026h[?25l[A[1Gpulling manifest [K
pulling e7b273f96360:  39% ▕███████           ▏ 5.4 GB/ 13 GB   30 MB/s   4m35s[K[?25h[?2026l[?2026h[?25l[A[1Gpulling manifest [K
pulling e7b273f96360:  39% ▕███████           ▏ 5.4 GB/ 13 GB   30 MB/s   4m35s[K[?25h[?2026l[?2026h[?25l[A[1Gpulling manifest [K
pulling e7b273f96360:  39% ▕███████           ▏ 5.4 GB/ 13 GB   30 MB/s   4m35s[K[?25h[?2026l[?2026h[?25l[A[1Gpulling manifest [K
pulling e7b273f96360:  39% ▕███████           ▏ 5.4 GB/ 13 GB   30 MB/s   4m35s[K[?25h[?2026l[?2026h[?25l[A[1Gpulling manifest [K
pulling e7b273f96360:  39% ▕███████           ▏ 5.4 GB/ 13 GB   30 MB/s   4m33s[K[?25h[?2026l[?2026h[?25l[A[1Gpulling manifest [K
pulling e7b273f96360:  39% ▕███████           ▏ 5.4 GB/ 13 GB   30 MB/s   4m33s[K[?25h[?2026l[?2026h[?25l[A[1Gpulling manifest [K
pulling e7b273f96360:  39% ▕███████           ▏ 5.4 GB/ 13 GB   30 MB/s   4m33s[K[?25h[?2026l[?2026h[?25l[A[1Gpulling manifest [K
pulling e7b273f96360:  39% ▕███████           ▏ 5.4 GB/ 13 GB   30 MB/s   4m33s[K[?25h[?2026l[?2026h[?25l[A[1Gpulling manifest [K
pulling e7b273f96360:  39% ▕███████           ▏ 5.4 GB/ 13 GB   30 MB/s   4m33s[K[?25h[?2026l[?2026h[?25l[A[1Gpulling manifest [K
pulling e7b273f96360:  39% ▕███████           ▏ 5.4 GB/ 13 GB   30 MB/s   4m33s[K[?25h[?2026l[?2026h[?25l[A[1Gpulling manifest [K
pulling e7b273f96360:  39% ▕███████           ▏ 5.4 GB/ 13 GB   30 MB/s   4m32s[K[?25h[?2026l[?2026h[?25l[A[1Gpulling manifest [K
pulling e7b273f96360:  39% ▕███████           ▏ 5.4 GB/ 13 GB   30 MB/s   4m32s[K[?25h[?2026l[?2026h[?25l[A[1Gpulling manifest [K
pulling e7b273f96360:  39% ▕███████           ▏ 5.4 GB/ 13 GB   30 MB/s   4m32s[K[?25h[?2026l[?2026h[?25l[A[1Gpulling manifest [K
pulling e7b273f96360:  39% ▕███████           ▏ 5.4 GB/ 13 GB   30 MB/s   4m32s[K[?25h[?2026l[?2026h[?25l[A[1Gpulling manifest [K
pulling e7b273f96360:  39% ▕███████           ▏ 5.4 GB/ 13 GB   31 MB/s   4m27s[K[?25h[?2026l[?2026h[?25l[A[1Gpulling manifest [K
pulling e7b273f96360:  39% ▕███████           ▏ 5.4 GB/ 13 GB   31 MB/s   4m27s[K[?25h[?2026l[?2026h[?25l[A[1Gpulling manifest [K
pulling e7b273f96360:  39% ▕███████           ▏ 5.4 GB/ 13 GB   31 MB/s   4m27s[K[?25h[?2026l[?2026h[?25l[A[1Gpulling manifest [K
pulling e7b273f96360:  39% ▕███████           ▏ 5.4 GB/ 13 GB   31 MB/s   4m27s[K[?25h[?2026l[?2026h[?25l[A[1Gpulling manifest [K
pulling e7b273f96360:  40% ▕███████           ▏ 5.4 GB/ 13 GB   31 MB/s   4m27s[K[?25h[?2026l[?2026h[?25l[A[1Gpulling manifest [K
pulling e7b273f96360:  40% ▕███████           ▏ 5.5 GB/ 13 GB   31 MB/s   4m27s[K[?25h[?2026l[?2026h[?25l[A[1Gpulling manifest [K
pulling e7b273f96360:  40% ▕███████           ▏ 5.5 GB/ 13 GB   31 MB/s   4m27s[K[?25h[?2026l[?2026h[?25l[A[1Gpulling manifest [K
pulling e7b273f96360:  40% ▕███████           ▏ 5.5 GB/ 13 GB   31 MB/s   4m27s[K[?25h[?2026l[?2026h[?25l[A[1Gpulling manifest [K
pulling e7b273f96360:  40% ▕███████           ▏ 5.5 GB/ 13 GB   31 MB/s   4m27s[K[?25h[?2026l[?2026h[?25l[A[1Gpulling manifest [K
pulling e7b273f96360:  40% ▕███████           ▏ 5.5 GB/ 13 GB   31 MB/s   4m26s[K[?25h[?2026l[?2026h[?25l[A[1Gpulling manifest [K
pulling e7b273f96360:  40% ▕███████           ▏ 5.5 GB/ 13 GB   31 MB/s   4m24s[K[?25h[?2026l[?2026h[?25l[A[1Gpulling manifest [K
pulling e7b273f96360:  40% ▕███████           ▏ 5.5 GB/ 13 GB   31 MB/s   4m24s[K[?25h[?2026l[?2026h[?25l[A[1Gpulling manifest [K
pulling e7b273f96360:  40% ▕███████           ▏ 5.5 GB/ 13 GB   31 MB/s   4m24s[K[?25h[?2026l[?2026h[?25l[A[1Gpulling manifest [K
pulling e7b273f96360:  40% ▕███████           ▏ 5.5 GB/ 13 GB   31 MB/s   4m24s[K[?25h[?2026l[?2026h[?25l[A[1Gpulling manifest [K
pulling e7b273f96360:  40% ▕███████           ▏ 5.5 GB/ 13 GB   31 MB/s   4m24s[K[?25h[?2026l[?2026h[?25l[A[1Gpulling manifest [K
pulling e7b273f96360:  40% ▕███████           ▏ 5.5 GB/ 13 GB   31 MB/s   4m24s[K[?25h[?2026l[?2026h[?25l[A[1Gpulling manifest [K
pulling e7b273f96360:  40% ▕███████           ▏ 5.5 GB/ 13 GB   31 MB/s   4m24s[K[?25h[?2026l[?2026h[?25l[A[1Gpulling manifest [K
pulling e7b273f96360:  40% ▕███████           ▏ 5.5 GB/ 13 GB   31 MB/s   4m24s[K[?25h[?2026l[?2026h[?25l[A[1Gpulling manifest [K
pulling e7b273f96360:  40% ▕███████           ▏ 5.5 GB/ 13 GB   31 MB/s   4m24s[K[?25h[?2026l[?2026h[?25l[A[1Gpulling manifest [K
pulling e7b273f96360:  40% ▕███████           ▏ 5.5 GB/ 13 GB   31 MB/s   4m23s[K[?25h[?2026l[?2026h[?25l[A[1Gpulling manifest [K
pulling e7b273f96360:  40% ▕███████           ▏ 5.5 GB/ 13 GB   31 MB/s   4m23s[K[?25h[?2026l[?2026h[?25l[A[1Gpulling manifest [K
pulling e7b273f96360:  40% ▕███████           ▏ 5.5 GB/ 13 GB   31 MB/s   4m22s[K[?25h[?2026l[?2026h[?25l[A[1Gpulling manifest [K
pulling e7b273f96360:  40% ▕███████           ▏ 5.5 GB/ 13 GB   31 MB/s   4m22s[K[?25h[?2026l[?2026h[?25l[A[1Gpulling manifest [K
pulling e7b273f96360:  40% ▕███████           ▏ 5.5 GB/ 13 GB   31 MB/s   4m22s[K[?25h[?2026l[?2026h[?25l[A[1Gpulling manifest [K
pulling e7b273f96360:  40% ▕███████           ▏ 5.5 GB/ 13 GB   31 MB/s   4m21s[K[?25h[?2026l[?2026h[?25l[A[1Gpulling manifest [K
pulling e7b273f96360:  40% ▕███████           ▏ 5.5 GB/ 13 GB   31 MB/s   4m21s[K[?25h[?2026l[?2026h[?25l[A[1Gpulling manifest [K
pulling e7b273f96360:  40% ▕███████           ▏ 5.5 GB/ 13 GB   31 MB/s   4m21s[K[?25h[?2026l[?2026h[?25l[A[1Gpulling manifest [K
pulling e7b273f96360:  40% ▕███████           ▏ 5.5 GB/ 13 GB   31 MB/s   4m21s[K[?25h[?2026l[?2026h[?25l[A[1Gpulling manifest [K
pulling e7b273f96360:  40% ▕███████           ▏ 5.5 GB/ 13 GB   31 MB/s   4m21s[K[?25h[?2026l[?2026h[?25l[A[1Gpulling manifest [K
pulling e7b273f96360:  40% ▕███████           ▏ 5.5 GB/ 13 GB   31 MB/s   4m21s[K[?25h[?2026l[?2026h[?25l[A[1Gpulling manifest [K
pulling e7b273f96360:  40% ▕███████           ▏ 5.5 GB/ 13 GB   31 MB/s   4m21s[K[?25h[?2026l[?2026h[?25l[A[1Gpulling manifest [K
pulling e7b273f96360:  40% ▕███████           ▏ 5.5 GB/ 13 GB   32 MB/s   4m16s[K[?25h[?2026l[?2026h[?25l[A[1Gpulling manifest [K
pulling e7b273f96360:  40% ▕███████           ▏ 5.5 GB/ 13 GB   32 MB/s   4m16s[K[?25h[?2026l[?2026h[?25l[A[1Gpulling manifest [K
pulling e7b273f96360:  40% ▕███████           ▏ 5.5 GB/ 13 GB   32 MB/s   4m16s[K[?25h[?2026l[?2026h[?25l[A[1Gpulling manifest [K
pulling e7b273f96360:  40% ▕███████           ▏ 5.5 GB/ 13 GB   32 MB/s   4m16s[K[?25h[?2026l[?2026h[?25l[A[1Gpulling manifest [K
pulling e7b273f96360:  40% ▕███████           ▏ 5.5 GB/ 13 GB   32 MB/s   4m16s[K[?25h[?2026l[?2026h[?25l[A[1Gpulling manifest [K
pulling e7b273f96360:  40% ▕███████           ▏ 5.6 GB/ 13 GB   32 MB/s   4m16s[K[?25h[?2026l[?2026h[?25l[A[1Gpulling manifest [K
pulling e7b273f96360:  40% ▕███████           ▏ 5.6 GB/ 13 GB   32 MB/s   4m16s[K[?25h[?2026l[?2026h[?25l[A[1Gpulling manifest [K
pulling e7b273f96360:  40% ▕███████           ▏ 5.6 GB/ 13 GB   32 MB/s   4m16s[K[?25h[?2026l[?2026h[?25l[A[1Gpulling manifest [K
pulling e7b273f96360:  40% ▕███████           ▏ 5.6 GB/ 13 GB   32 MB/s   4m15s[K[?25h[?2026l[?2026h[?25l[A[1Gpulling manifest [K
pulling e7b273f96360:  40% ▕███████           ▏ 5.6 GB/ 13 GB   32 MB/s   4m15s[K[?25h[?2026l[?2026h[?25l[A[1Gpulling manifest [K
pulling e7b273f96360:  40% ▕███████           ▏ 5.6 GB/ 13 GB   32 MB/s   4m13s[K[?25h[?2026l[?2026h[?25l[A[1Gpulling manifest [K
pulling e7b273f96360:  40% ▕███████           ▏ 5.6 GB/ 13 GB   32 MB/s   4m13s[K[?25h[?2026l[?2026h[?25l[A[1Gpulling manifest [K
pulling e7b273f96360:  40% ▕███████           ▏ 5.6 GB/ 13 GB   32 MB/s   4m13s[K[?25h[?2026l[?2026h[?25l[A[1Gpulling manifest [K
pulling e7b273f96360:  40% ▕███████           ▏ 5.6 GB/ 13 GB   32 MB/s   4m13s[K[?25h[?2026l[?2026h[?25l[A[1Gpulling manifest [K
pulling e7b273f96360:  40% ▕███████           ▏ 5.6 GB/ 13 GB   32 MB/s   4m13s[K[?25h[?2026l[?2026h[?25l[A[1Gpulling manifest [K
pulling e7b273f96360:  40% ▕███████           ▏ 5.6 GB/ 13 GB   32 MB/s   4m13s[K[?25h[?2026l[?2026h[?25l[A[1Gpulling manifest [K
pulling e7b273f96360:  41% ▕███████           ▏ 5.6 GB/ 13 GB   32 MB/s   4m13s[K[?25h[?2026l[?2026h[?25l[A[1Gpulling manifest [K
pulling e7b273f96360:  41% ▕███████           ▏ 5.6 GB/ 13 GB   32 MB/s   4m13s[K[?25h[?2026l[?2026h[?25l[A[1Gpulling manifest [K
pulling e7b273f96360:  41% ▕███████           ▏ 5.6 GB/ 13 GB   32 MB/s   4m12s[K[?25h[?2026l[?2026h[?25l[A[1Gpulling manifest [K
pulling e7b273f96360:  41% ▕███████           ▏ 5.6 GB/ 13 GB   32 MB/s   4m12s[K[?25h[?2026l[?2026h[?25l[A[1Gpulling manifest [K
pulling e7b273f96360:  41% ▕███████           ▏ 5.6 GB/ 13 GB   32 MB/s    4m9s[K[?25h[?2026l[?2026h[?25l[A[1Gpulling manifest [K
pulling e7b273f96360:  41% ▕███████           ▏ 5.6 GB/ 13 GB   32 MB/s    4m9s[K[?25h[?2026l[?2026h[?25l[A[1Gpulling manifest [K
pulling e7b273f96360:  41% ▕███████           ▏ 5.6 GB/ 13 GB   32 MB/s    4m9s[K[?25h[?2026l[?2026h[?25l[A[1Gpulling manifest [K
pulling e7b273f96360:  41% ▕███████           ▏ 5.6 GB/ 13 GB   32 MB/s    4m8s[K[?25h[?2026l[?2026h[?25l[A[1Gpulling manifest [K
pulling e7b273f96360:  41% ▕███████           ▏ 5.6 GB/ 13 GB   32 MB/s    4m8s[K[?25h[?2026l[?2026h[?25l[A[1Gpulling manifest [K
pulling e7b273f96360:  41% ▕███████           ▏ 5.6 GB/ 13 GB   32 MB/s    4m8s[K[?25h[?2026l[?2026h[?25l[A[1Gpulling manifest [K
pulling e7b273f96360:  41% ▕███████           ▏ 5.6 GB/ 13 GB   32 MB/s    4m8s[K[?25h[?2026l[?2026h[?25l[A[1Gpulling manifest [K
pulling e7b273f96360:  41% ▕███████           ▏ 5.6 GB/ 13 GB   32 MB/s    4m8s[K[?25h[?2026l[?2026h[?25l[A[1Gpulling manifest [K
pulling e7b273f96360:  41% ▕███████           ▏ 5.6 GB/ 13 GB   32 MB/s    4m8s[K[?25h[?2026l[?2026h[?25l[A[1Gpulling manifest [K
pulling e7b273f96360:  41% ▕███████           ▏ 5.6 GB/ 13 GB   32 MB/s    4m8s[K[?25h[?2026l[?2026h[?25l[A[1Gpulling manifest [K
pulling e7b273f96360:  41% ▕███████           ▏ 5.6 GB/ 13 GB   33 MB/s    4m5s[K[?25h[?2026l[?2026h[?25l[A[1Gpulling manifest [K
pulling e7b273f96360:  41% ▕███████           ▏ 5.6 GB/ 13 GB   33 MB/s    4m5s[K[?25h[?2026l[?2026h[?25l[A[1Gpulling manifest [K
pulling e7b273f96360:  41% ▕███████           ▏ 5.6 GB/ 13 GB   33 MB/s    4m4s[K[?25h[?2026l[?2026h[?25l[A[1Gpulling manifest [K
pulling e7b273f96360:  41% ▕███████           ▏ 5.6 GB/ 13 GB   33 MB/s    4m4s[K[?25h[?2026l[?2026h[?25l[A[1Gpulling manifest [K
pulling e7b273f96360:  41% ▕███████           ▏ 5.6 GB/ 13 GB   33 MB/s    4m4s[K[?25h[?2026l[?2026h[?25l[A[1Gpulling manifest [K
pulling e7b273f96360:  41% ▕███████           ▏ 5.7 GB/ 13 GB   33 MB/s    4m4s[K[?25h[?2026l[?2026h[?25l[A[1Gpulling manifest [K
pulling e7b273f96360:  41% ▕███████           ▏ 5.7 GB/ 13 GB   33 MB/s    4m4s[K[?25h[?2026l[?2026h[?25l[A[1Gpulling manifest [K
pulling e7b273f96360:  41% ▕███████           ▏ 5.7 GB/ 13 GB   33 MB/s    4m4s[K[?25h[?2026l[?2026h[?25l[A[1Gpulling manifest [K
pulling e7b273f96360:  41% ▕███████           ▏ 5.7 GB/ 13 GB   33 MB/s    4m4s[K[?25h[?2026l[?2026h[?25l[A[1Gpulling manifest [K
pulling e7b273f96360:  41% ▕███████           ▏ 5.7 GB/ 13 GB   33 MB/s    4m4s[K[?25h[?2026l[?2026h[?25l[A[1Gpulling manifest [K
pulling e7b273f96360:  41% ▕███████           ▏ 5.7 GB/ 13 GB   33 MB/s    4m4s[K[?25h[?2026l[?2026h[?25l[A[1Gpulling manifest [K
pulling e7b273f96360:  41% ▕███████           ▏ 5.7 GB/ 13 GB   33 MB/s    4m2s[K[?25h[?2026l[?2026h[?25l[A[1Gpulling manifest [K
pulling e7b273f96360:  41% ▕███████           ▏ 5.7 GB/ 13 GB   33 MB/s    4m2s[K[?25h[?2026l[?2026h[?25l[A[1Gpulling manifest [K
pulling e7b273f96360:  41% ▕███████           ▏ 5.7 GB/ 13 GB   33 MB/s    4m2s[K[?25h[?2026l[?2026h[?25l[A[1Gpulling manifest [K
pulling e7b273f96360:  41% ▕███████           ▏ 5.7 GB/ 13 GB   33 MB/s    4m2s[K[?25h[?2026l[?2026h[?25l[A[1Gpulling manifest [K
pulling e7b273f96360:  41% ▕███████           ▏ 5.7 GB/ 13 GB   33 MB/s    4m2s[K[?25h[?2026l[?2026h[?25l[A[1Gpulling manifest [K
pulling e7b273f96360:  41% ▕███████           ▏ 5.7 GB/ 13 GB   33 MB/s    4m2s[K[?25h[?2026l[?2026h[?25l[A[1Gpulling manifest [K
pulling e7b273f96360:  41% ▕███████           ▏ 5.7 GB/ 13 GB   33 MB/s    4m1s[K[?25h[?2026l[?2026h[?25l[A[1Gpulling manifest [K
pulling e7b273f96360:  41% ▕███████           ▏ 5.7 GB/ 13 GB   33 MB/s    4m1s[K[?25h[?2026l[?2026h[?25l[A[1Gpulling manifest [K
pulling e7b273f96360:  41% ▕███████           ▏ 5.7 GB/ 13 GB   33 MB/s    4m1s[K[?25h[?2026l[?2026h[?25l[A[1Gpulling manifest [K
pulling e7b273f96360:  41% ▕███████           ▏ 5.7 GB/ 13 GB   33 MB/s    4m1s[K[?25h[?2026l[?2026h[?25l[A[1Gpulling manifest [K
pulling e7b273f96360:  41% ▕███████           ▏ 5.7 GB/ 13 GB   33 MB/s    4m0s[K[?25h[?2026l[?2026h[?25l[A[1Gpulling manifest [K
pulling e7b273f96360:  41% ▕███████           ▏ 5.7 GB/ 13 GB   33 MB/s    4m0s[K[?25h[?2026l[?2026h[?25l[A[1Gpulling manifest [K
pulling e7b273f96360:  41% ▕███████           ▏ 5.7 GB/ 13 GB   33 MB/s    4m0s[K[?25h[?2026l[?2026h[?25l[A[1Gpulling manifest [K
pulling e7b273f96360:  41% ▕███████           ▏ 5.7 GB/ 13 GB   33 MB/s    4m0s[K[?25h[?2026l[?2026h[?25l[A[1Gpulling manifest [K
pulling e7b273f96360:  41% ▕███████           ▏ 5.7 GB/ 13 GB   33 MB/s    4m0s[K[?25h[?2026l[?2026h[?25l[A[1Gpulling manifest [K
pulling e7b273f96360:  41% ▕███████           ▏ 5.7 GB/ 13 GB   33 MB/s    4m0s[K[?25h[?2026l[?2026h[?25l[A[1Gpulling manifest [K
pulling e7b273f96360:  42% ▕███████           ▏ 5.7 GB/ 13 GB   33 MB/s   3m59s[K[?25h[?2026l[?2026h[?25l[A[1Gpulling manifest [K
pulling e7b273f96360:  42% ▕███████           ▏ 5.7 GB/ 13 GB   33 MB/s   3m59s[K[?25h[?2026l[?2026h[?25l[A[1Gpulling manifest [K
pulling e7b273f96360:  42% ▕███████           ▏ 5.7 GB/ 13 GB   33 MB/s   3m59s[K[?25h[?2026l[?2026h[?25l[A[1Gpulling manifest [K
pulling e7b273f96360:  42% ▕███████           ▏ 5.7 GB/ 13 GB   33 MB/s   3m59s[K[?25h[?2026l[?2026h[?25l[A[1Gpulling manifest [K
pulling e7b273f96360:  42% ▕███████           ▏ 5.7 GB/ 13 GB   33 MB/s    4m2s[K[?25h[?2026l[?2026h[?25l[A[1Gpulling manifest [K
pulling e7b273f96360:  42% ▕███████           ▏ 5.7 GB/ 13 GB   33 MB/s    4m2s[K[?25h[?2026l[?2026h[?25l[A[1Gpulling manifest [K
pulling e7b273f96360:  42% ▕███████           ▏ 5.7 GB/ 13 GB   33 MB/s    4m2s[K[?25h[?2026l[?2026h[?25l[A[1Gpulling manifest [K
pulling e7b273f96360:  42% ▕███████           ▏ 5.7 GB/ 13 GB   33 MB/s    4m2s[K[?25h[?2026l[?2026h[?25l[A[1Gpulling manifest [K
pulling e7b273f96360:  42% ▕███████           ▏ 5.8 GB/ 13 GB   33 MB/s    4m1s[K[?25h[?2026l[?2026h[?25l[A[1Gpulling manifest [K
pulling e7b273f96360:  42% ▕███████           ▏ 5.8 GB/ 13 GB   33 MB/s    4m1s[K[?25h[?2026l[?2026h[?25l[A[1Gpulling manifest [K
pulling e7b273f96360:  42% ▕███████           ▏ 5.8 GB/ 13 GB   33 MB/s    4m1s[K[?25h[?2026l[?2026h[?25l[A[1Gpulling manifest [K
pulling e7b273f96360:  42% ▕███████           ▏ 5.8 GB/ 13 GB   33 MB/s    4m1s[K[?25h[?2026l[?2026h[?25l[A[1Gpulling manifest [K
pulling e7b273f96360:  42% ▕███████           ▏ 5.8 GB/ 13 GB   33 MB/s    4m1s[K[?25h[?2026l[?2026h[?25l[A[1Gpulling manifest [K
pulling e7b273f96360:  42% ▕███████           ▏ 5.8 GB/ 13 GB   33 MB/s    4m1s[K[?25h[?2026l[?2026h[?25l[A[1Gpulling manifest [K
pulling e7b273f96360:  42% ▕███████           ▏ 5.8 GB/ 13 GB   33 MB/s   3m57s[K[?25h[?2026l[?2026h[?25l[A[1Gpulling manifest [K
pulling e7b273f96360:  42% ▕███████           ▏ 5.8 GB/ 13 GB   33 MB/s   3m57s[K[?25h[?2026l[?2026h[?25l[A[1Gpulling manifest [K
pulling e7b273f96360:  42% ▕███████           ▏ 5.8 GB/ 13 GB   33 MB/s   3m57s[K[?25h[?2026l[?2026h[?25l[A[1Gpulling manifest [K
pulling e7b273f96360:  42% ▕███████           ▏ 5.8 GB/ 13 GB   33 MB/s   3m57s[K[?25h[?2026l[?2026h[?25l[A[1Gpulling manifest [K
pulling e7b273f96360:  42% ▕███████           ▏ 5.8 GB/ 13 GB   33 MB/s   3m57s[K[?25h[?2026l[?2026h[?25l[A[1Gpulling manifest [K
pulling e7b273f96360:  42% ▕███████           ▏ 5.8 GB/ 13 GB   33 MB/s   3m57s[K[?25h[?2026l[?2026h[?25l[A[1Gpulling manifest [K
pulling e7b273f96360:  42% ▕███████           ▏ 5.8 GB/ 13 GB   33 MB/s   3m57s[K[?25h[?2026l[?2026h[?25l[A[1Gpulling manifest [K
pulling e7b273f96360:  42% ▕███████           ▏ 5.8 GB/ 13 GB   33 MB/s   3m57s[K[?25h[?2026l[?2026h[?25l[A[1Gpulling manifest [K
pulling e7b273f96360:  42% ▕███████           ▏ 5.8 GB/ 13 GB   33 MB/s   3m57s[K[?25h[?2026l[?2026h[?25l[A[1Gpulling manifest [K
pulling e7b273f96360:  42% ▕███████           ▏ 5.8 GB/ 13 GB   33 MB/s   3m56s[K[?25h[?2026l[?2026h[?25l[A[1Gpulling manifest [K
pulling e7b273f96360:  42% ▕███████           ▏ 5.8 GB/ 13 GB   33 MB/s   3m59s[K[?25h[?2026l[?2026h[?25l[A[1Gpulling manifest [K
pulling e7b273f96360:  42% ▕███████           ▏ 5.8 GB/ 13 GB   33 MB/s   3m59s[K[?25h[?2026l[?2026h[?25l[A[1Gpulling manifest [K
pulling e7b273f96360:  42% ▕███████           ▏ 5.8 GB/ 13 GB   33 MB/s   3m59s[K[?25h[?2026l[?2026h[?25l[A[1Gpulling manifest [K
pulling e7b273f96360:  42% ▕███████           ▏ 5.8 GB/ 13 GB   33 MB/s   3m58s[K[?25h[?2026l[?2026h[?25l[A[1Gpulling manifest [K
pulling e7b273f96360:  42% ▕███████           ▏ 5.8 GB/ 13 GB   33 MB/s   3m58s[K[?25h[?2026l[?2026h[?25l[A[1Gpulling manifest [K
pulling e7b273f96360:  42% ▕███████           ▏ 5.8 GB/ 13 GB   33 MB/s   3m58s[K[?25h[?2026l[?2026h[?25l[A[1Gpulling manifest [K
pulling e7b273f96360:  42% ▕███████           ▏ 5.8 GB/ 13 GB   33 MB/s   3m58s[K[?25h[?2026l[?2026h[?25l[A[1Gpulling manifest [K
pulling e7b273f96360:  42% ▕███████           ▏ 5.8 GB/ 13 GB   33 MB/s   3m58s[K[?25h[?2026l[?2026h[?25l[A[1Gpulling manifest [K
pulling e7b273f96360:  42% ▕███████           ▏ 5.8 GB/ 13 GB   33 MB/s   3m58s[K[?25h[?2026l[?2026h[?25l[A[1Gpulling manifest [K
pulling e7b273f96360:  42% ▕███████           ▏ 5.8 GB/ 13 GB   33 MB/s   3m58s[K[?25h[?2026l[?2026h[?25l[A[1Gpulling manifest [K
pulling e7b273f96360:  42% ▕███████           ▏ 5.8 GB/ 13 GB   33 MB/s   3m58s[K[?25h[?2026l[?2026h[?25l[A[1Gpulling manifest [K
pulling e7b273f96360:  42% ▕███████           ▏ 5.8 GB/ 13 GB   33 MB/s    4m0s[K[?25h[?2026l[?2026h[?25l[A[1Gpulling manifest [K
pulling e7b273f96360:  42% ▕███████           ▏ 5.8 GB/ 13 GB   33 MB/s    4m0s[K[?25h[?2026l[?2026h[?25l[A[1Gpulling manifest [K
pulling e7b273f96360:  42% ▕███████           ▏ 5.8 GB/ 13 GB   33 MB/s    4m0s[K[?25h[?2026l[?2026h[?25l[A[1Gpulling manifest [K
pulling e7b273f96360:  42% ▕███████           ▏ 5.8 GB/ 13 GB   33 MB/s    4m0s[K[?25h[?2026l[?2026h[?25l[A[1Gpulling manifest [K
pulling e7b273f96360:  42% ▕███████           ▏ 5.8 GB/ 13 GB   33 MB/s   3m59s[K[?25h[?2026l[?2026h[?25l[A[1Gpulling manifest [K
pulling e7b273f96360:  42% ▕███████           ▏ 5.8 GB/ 13 GB   33 MB/s   3m59s[K[?25h[?2026l[?2026h[?25l[A[1Gpulling manifest [K
pulling e7b273f96360:  42% ▕███████           ▏ 5.9 GB/ 13 GB   33 MB/s   3m59s[K[?25h[?2026l[?2026h[?25l[A[1Gpulling manifest [K
pulling e7b273f96360:  42% ▕███████           ▏ 5.9 GB/ 13 GB   33 MB/s   3m59s[K[?25h[?2026l[?2026h[?25l[A[1Gpulling manifest [K
pulling e7b273f96360:  42% ▕███████           ▏ 5.9 GB/ 13 GB   33 MB/s   3m59s[K[?25h[?2026l[?2026h[?25l[A[1Gpulling manifest [K
pulling e7b273f96360:  43% ▕███████           ▏ 5.9 GB/ 13 GB   33 MB/s   3m59s[K[?25h[?2026l[?2026h[?25l[A[1Gpulling manifest [K
pulling e7b273f96360:  43% ▕███████           ▏ 5.9 GB/ 13 GB   32 MB/s    4m0s[K[?25h[?2026l[?2026h[?25l[A[1Gpulling manifest [K
pulling e7b273f96360:  43% ▕███████           ▏ 5.9 GB/ 13 GB   32 MB/s    4m0s[K[?25h[?2026l[?2026h[?25l[A[1Gpulling manifest [K
pulling e7b273f96360:  43% ▕███████           ▏ 5.9 GB/ 13 GB   32 MB/s    4m0s[K[?25h[?2026l[?2026h[?25l[A[1Gpulling manifest [K
pulling e7b273f96360:  43% ▕███████           ▏ 5.9 GB/ 13 GB   32 MB/s   3m59s[K[?25h[?2026l[?2026h[?25l[A[1Gpulling manifest [K
pulling e7b273f96360:  43% ▕███████           ▏ 5.9 GB/ 13 GB   32 MB/s   3m59s[K[?25h[?2026l[?2026h[?25l[A[1Gpulling manifest [K
pulling e7b273f96360:  43% ▕███████           ▏ 5.9 GB/ 13 GB   32 MB/s   3m59s[K[?25h[?2026l[?2026h[?25l[A[1Gpulling manifest [K
pulling e7b273f96360:  43% ▕███████           ▏ 5.9 GB/ 13 GB   32 MB/s   3m59s[K[?25h[?2026l[?2026h[?25l[A[1Gpulling manifest [K
pulling e7b273f96360:  43% ▕███████           ▏ 5.9 GB/ 13 GB   32 MB/s   3m59s[K[?25h[?2026l[?2026h[?25l[A[1Gpulling manifest [K
pulling e7b273f96360:  43% ▕███████           ▏ 5.9 GB/ 13 GB   32 MB/s   3m59s[K[?25h[?2026l[?2026h[?25l[A[1Gpulling manifest [K
pulling e7b273f96360:  43% ▕███████           ▏ 5.9 GB/ 13 GB   32 MB/s   3m59s[K[?25h[?2026l[?2026h[?25l[A[1Gpulling manifest [K
pulling e7b273f96360:  43% ▕███████           ▏ 5.9 GB/ 13 GB   33 MB/s   3m59s[K[?25h[?2026l[?2026h[?25l[A[1Gpulling manifest [K
pulling e7b273f96360:  43% ▕███████           ▏ 5.9 GB/ 13 GB   33 MB/s   3m58s[K[?25h[?2026l[?2026h[?25l[A[1Gpulling manifest [K
pulling e7b273f96360:  43% ▕███████           ▏ 5.9 GB/ 13 GB   33 MB/s   3m58s[K[?25h[?2026l[?2026h[?25l[A[1Gpulling manifest [K
pulling e7b273f96360:  43% ▕███████           ▏ 5.9 GB/ 13 GB   33 MB/s   3m58s[K[?25h[?2026l[?2026h[?25l[A[1Gpulling manifest [K
pulling e7b273f96360:  43% ▕███████           ▏ 5.9 GB/ 13 GB   33 MB/s   3m58s[K[?25h[?2026l[?2026h[?25l[A[1Gpulling manifest [K
pulling e7b273f96360:  43% ▕███████           ▏ 5.9 GB/ 13 GB   33 MB/s   3m58s[K[?25h[?2026l[?2026h[?25l[A[1Gpulling manifest [K
pulling e7b273f96360:  43% ▕███████           ▏ 5.9 GB/ 13 GB   33 MB/s   3m58s[K[?25h[?2026l[?2026h[?25l[A[1Gpulling manifest [K
pulling e7b273f96360:  43% ▕███████           ▏ 5.9 GB/ 13 GB   33 MB/s   3m58s[K[?25h[?2026l[?2026h[?25l[A[1Gpulling manifest [K
pulling e7b273f96360:  43% ▕███████           ▏ 5.9 GB/ 13 GB   33 MB/s   3m58s[K[?25h[?2026l[?2026h[?25l[A[1Gpulling manifest [K
pulling e7b273f96360:  43% ▕███████           ▏ 5.9 GB/ 13 GB   33 MB/s   3m58s[K[?25h[?2026l[?2026h[?25l[A[1Gpulling manifest [K
pulling e7b273f96360:  43% ▕███████           ▏ 5.9 GB/ 13 GB   33 MB/s   3m57s[K[?25h[?2026l[?2026h[?25l[A[1Gpulling manifest [K
pulling e7b273f96360:  43% ▕███████           ▏ 5.9 GB/ 13 GB   33 MB/s   3m57s[K[?25h[?2026l[?2026h[?25l[A[1Gpulling manifest [K
pulling e7b273f96360:  43% ▕███████           ▏ 5.9 GB/ 13 GB   33 MB/s   3m57s[K[?25h[?2026l[?2026h[?25l[A[1Gpulling manifest [K
pulling e7b273f96360:  43% ▕███████           ▏ 5.9 GB/ 13 GB   33 MB/s   3m56s[K[?25h[?2026l[?2026h[?25l[A[1Gpulling manifest [K
pulling e7b273f96360:  43% ▕███████           ▏ 5.9 GB/ 13 GB   33 MB/s   3m56s[K[?25h[?2026l[?2026h[?25l[A[1Gpulling manifest [K
pulling e7b273f96360:  43% ▕███████           ▏ 6.0 GB/ 13 GB   33 MB/s   3m56s[K[?25h[?2026l[?2026h[?25l[A[1Gpulling manifest [K
pulling e7b273f96360:  43% ▕███████           ▏ 6.0 GB/ 13 GB   33 MB/s   3m56s[K[?25h[?2026l[?2026h[?25l[A[1Gpulling manifest [K
pulling e7b273f96360:  43% ▕███████           ▏ 6.0 GB/ 13 GB   33 MB/s   3m56s[K[?25h[?2026l[?2026h[?25l[A[1Gpulling manifest [K
pulling e7b273f96360:  43% ▕███████           ▏ 6.0 GB/ 13 GB   33 MB/s   3m56s[K[?25h[?2026l[?2026h[?25l[A[1Gpulling manifest [K
pulling e7b273f96360:  43% ▕███████           ▏ 6.0 GB/ 13 GB   33 MB/s   3m56s[K[?25h[?2026l[?2026h[?25l[A[1Gpulling manifest [K
pulling e7b273f96360:  43% ▕███████           ▏ 6.0 GB/ 13 GB   33 MB/s   3m56s[K[?25h[?2026l[?2026h[?25l[A[1Gpulling manifest [K
pulling e7b273f96360:  43% ▕███████           ▏ 6.0 GB/ 13 GB   33 MB/s   3m56s[K[?25h[?2026l[?2026h[?25l[A[1Gpulling manifest [K
pulling e7b273f96360:  43% ▕███████           ▏ 6.0 GB/ 13 GB   33 MB/s   3m56s[K[?25h[?2026l[?2026h[?25l[A[1Gpulling manifest [K
pulling e7b273f96360:  43% ▕███████           ▏ 6.0 GB/ 13 GB   33 MB/s   3m56s[K[?25h[?2026l[?2026h[?25l[A[1Gpulling manifest [K
pulling e7b273f96360:  43% ▕███████           ▏ 6.0 GB/ 13 GB   33 MB/s   3m56s[K[?25h[?2026l[?2026h[?25l[A[1Gpulling manifest [K
pulling e7b273f96360:  43% ▕███████           ▏ 6.0 GB/ 13 GB   33 MB/s   3m56s[K[?25h[?2026l[?2026h[?25l[A[1Gpulling manifest [K
pulling e7b273f96360:  43% ▕███████           ▏ 6.0 GB/ 13 GB   33 MB/s   3m55s[K[?25h[?2026l[?2026h[?25l[A[1Gpulling manifest [K
pulling e7b273f96360:  43% ▕███████           ▏ 6.0 GB/ 13 GB   33 MB/s   3m55s[K[?25h[?2026l[?2026h[?25l[A[1Gpulling manifest [K
pulling e7b273f96360:  43% ▕███████           ▏ 6.0 GB/ 13 GB   33 MB/s   3m55s[K[?25h[?2026l[?2026h[?25l[A[1Gpulling manifest [K
pulling e7b273f96360:  43% ▕███████           ▏ 6.0 GB/ 13 GB   33 MB/s   3m55s[K[?25h[?2026l[?2026h[?25l[A[1Gpulling manifest [K
pulling e7b273f96360:  43% ▕███████           ▏ 6.0 GB/ 13 GB   33 MB/s   3m55s[K[?25h[?2026l[?2026h[?25l[A[1Gpulling manifest [K
pulling e7b273f96360:  43% ▕███████           ▏ 6.0 GB/ 13 GB   32 MB/s   3m57s[K[?25h[?2026l[?2026h[?25l[A[1Gpulling manifest [K
pulling e7b273f96360:  44% ▕███████           ▏ 6.0 GB/ 13 GB   32 MB/s   3m57s[K[?25h[?2026l[?2026h[?25l[A[1Gpulling manifest [K
pulling e7b273f96360:  44% ▕███████           ▏ 6.0 GB/ 13 GB   32 MB/s   3m57s[K[?25h[?2026l[?2026h[?25l[A[1Gpulling manifest [K
pulling e7b273f96360:  44% ▕███████           ▏ 6.0 GB/ 13 GB   32 MB/s   3m57s[K[?25h[?2026l[?2026h[?25l[A[1Gpulling manifest [K
pulling e7b273f96360:  44% ▕███████           ▏ 6.0 GB/ 13 GB   32 MB/s   3m57s[K[?25h[?2026l[?2026h[?25l[A[1Gpulling manifest [K
pulling e7b273f96360:  44% ▕███████           ▏ 6.0 GB/ 13 GB   32 MB/s   3m57s[K[?25h[?2026l[?2026h[?25l[A[1Gpulling manifest [K
pulling e7b273f96360:  44% ▕███████           ▏ 6.0 GB/ 13 GB   32 MB/s   3m57s[K[?25h[?2026l[?2026h[?25l[A[1Gpulling manifest [K
pulling e7b273f96360:  44% ▕███████           ▏ 6.0 GB/ 13 GB   32 MB/s   3m57s[K[?25h[?2026l[?2026h[?25l[A[1Gpulling manifest [K
pulling e7b273f96360:  44% ▕███████           ▏ 6.0 GB/ 13 GB   32 MB/s   3m57s[K[?25h[?2026l[?2026h[?25l[A[1Gpulling manifest [K
pulling e7b273f96360:  44% ▕███████           ▏ 6.0 GB/ 13 GB   32 MB/s   3m57s[K[?25h[?2026l[?2026h[?25l[A[1Gpulling manifest [K
pulling e7b273f96360:  44% ▕███████           ▏ 6.0 GB/ 13 GB   32 MB/s   3m59s[K[?25h[?2026l[?2026h[?25l[A[1Gpulling manifest [K
pulling e7b273f96360:  44% ▕███████           ▏ 6.0 GB/ 13 GB   32 MB/s   3m59s[K[?25h[?2026l[?2026h[?25l[A[1Gpulling manifest [K
pulling e7b273f96360:  44% ▕███████           ▏ 6.0 GB/ 13 GB   32 MB/s   3m59s[K[?25h[?2026l[?2026h[?25l[A[1Gpulling manifest [K
pulling e7b273f96360:  44% ▕███████           ▏ 6.0 GB/ 13 GB   32 MB/s   3m59s[K[?25h[?2026l[?2026h[?25l[A[1Gpulling manifest [K
pulling e7b273f96360:  44% ▕███████           ▏ 6.0 GB/ 13 GB   32 MB/s   3m59s[K[?25h[?2026l[?2026h[?25l[A[1Gpulling manifest [K
pulling e7b273f96360:  44% ▕███████           ▏ 6.0 GB/ 13 GB   32 MB/s   3m59s[K[?25h[?2026l[?2026h[?25l[A[1Gpulling manifest [K
pulling e7b273f96360:  44% ▕███████           ▏ 6.0 GB/ 13 GB   32 MB/s   3m58s[K[?25h[?2026l[?2026h[?25l[A[1Gpulling manifest [K
pulling e7b273f96360:  44% ▕███████           ▏ 6.0 GB/ 13 GB   32 MB/s   3m58s[K[?25h[?2026l[?2026h[?25l[A[1Gpulling manifest [K
pulling e7b273f96360:  44% ▕███████           ▏ 6.1 GB/ 13 GB   32 MB/s   3m58s[K[?25h[?2026l[?2026h[?25l[A[1Gpulling manifest [K
pulling e7b273f96360:  44% ▕███████           ▏ 6.1 GB/ 13 GB   32 MB/s   3m58s[K[?25h[?2026l[?2026h[?25l[A[1Gpulling manifest [K
pulling e7b273f96360:  44% ▕███████           ▏ 6.1 GB/ 13 GB   32 MB/s    4m1s[K[?25h[?2026l[?2026h[?25l[A[1Gpulling manifest [K
pulling e7b273f96360:  44% ▕███████           ▏ 6.1 GB/ 13 GB   32 MB/s    4m0s[K[?25h[?2026l[?2026h[?25l[A[1Gpulling manifest [K
pulling e7b273f96360:  44% ▕███████           ▏ 6.1 GB/ 13 GB   32 MB/s    4m0s[K[?25h[?2026l[?2026h[?25l[A[1Gpulling manifest [K
pulling e7b273f96360:  44% ▕███████           ▏ 6.1 GB/ 13 GB   32 MB/s    4m0s[K[?25h[?2026l[?2026h[?25l[A[1Gpulling manifest [K
pulling e7b273f96360:  44% ▕███████           ▏ 6.1 GB/ 13 GB   32 MB/s    4m0s[K[?25h[?2026l[?2026h[?25l[A[1Gpulling manifest [K
pulling e7b273f96360:  44% ▕███████           ▏ 6.1 GB/ 13 GB   32 MB/s    4m0s[K[?25h[?2026l[?2026h[?25l[A[1Gpulling manifest [K
pulling e7b273f96360:  44% ▕███████           ▏ 6.1 GB/ 13 GB   32 MB/s    4m0s[K[?25h[?2026l[?2026h[?25l[A[1Gpulling manifest [K
pulling e7b273f96360:  44% ▕███████           ▏ 6.1 GB/ 13 GB   32 MB/s    4m0s[K[?25h[?2026l[?2026h[?25l[A[1Gpulling manifest [K
pulling e7b273f96360:  44% ▕███████           ▏ 6.1 GB/ 13 GB   32 MB/s    4m0s[K[?25h[?2026l[?2026h[?25l[A[1Gpulling manifest [K
pulling e7b273f96360:  44% ▕███████           ▏ 6.1 GB/ 13 GB   32 MB/s    4m0s[K[?25h[?2026l[?2026h[?25l[A[1Gpulling manifest [K
pulling e7b273f96360:  44% ▕███████           ▏ 6.1 GB/ 13 GB   32 MB/s   3m58s[K[?25h[?2026l[?2026h[?25l[A[1Gpulling manifest [K
pulling e7b273f96360:  44% ▕███████           ▏ 6.1 GB/ 13 GB   32 MB/s   3m58s[K[?25h[?2026l[?2026h[?25l[A[1Gpulling manifest [K
pulling e7b273f96360:  44% ▕███████           ▏ 6.1 GB/ 13 GB   32 MB/s   3m58s[K[?25h[?2026l[?2026h[?25l[A[1Gpulling manifest [K
pulling e7b273f96360:  44% ▕███████           ▏ 6.1 GB/ 13 GB   32 MB/s   3m58s[K[?25h[?2026l[?2026h[?25l[A[1Gpulling manifest [K
pulling e7b273f96360:  44% ▕███████           ▏ 6.1 GB/ 13 GB   32 MB/s   3m58s[K[?25h[?2026l[?2026h[?25l[A[1Gpulling manifest [K
pulling e7b273f96360:  44% ▕███████           ▏ 6.1 GB/ 13 GB   32 MB/s   3m58s[K[?25h[?2026l[?2026h[?25l[A[1Gpulling manifest [K
pulling e7b273f96360:  44% ▕███████           ▏ 6.1 GB/ 13 GB   32 MB/s   3m58s[K[?25h[?2026l[?2026h[?25l[A[1Gpulling manifest [K
pulling e7b273f96360:  44% ▕███████           ▏ 6.1 GB/ 13 GB   32 MB/s   3m58s[K[?25h[?2026l[?2026h[?25l[A[1Gpulling manifest [K
pulling e7b273f96360:  44% ▕███████           ▏ 6.1 GB/ 13 GB   32 MB/s   3m58s[K[?25h[?2026l[?2026h[?25l[A[1Gpulling manifest [K
pulling e7b273f96360:  44% ▕███████           ▏ 6.1 GB/ 13 GB   32 MB/s   3m58s[K[?25h[?2026l[?2026h[?25l[A[1Gpulling manifest [K
pulling e7b273f96360:  44% ▕███████           ▏ 6.1 GB/ 13 GB   32 MB/s   3m55s[K[?25h[?2026l[?2026h[?25l[A[1Gpulling manifest [K
pulling e7b273f96360:  44% ▕███████           ▏ 6.1 GB/ 13 GB   32 MB/s   3m55s[K[?25h[?2026l[?2026h[?25l[A[1Gpulling manifest [K
pulling e7b273f96360:  44% ▕███████           ▏ 6.1 GB/ 13 GB   32 MB/s   3m55s[K[?25h[?2026l[?2026h[?25l[A[1Gpulling manifest [K
pulling e7b273f96360:  44% ▕████████          ▏ 6.1 GB/ 13 GB   32 MB/s   3m55s[K[?25h[?2026l[?2026h[?25l[A[1Gpulling manifest [K
pulling e7b273f96360:  44% ▕████████          ▏ 6.1 GB/ 13 GB   32 MB/s   3m55s[K[?25h[?2026l[?2026h[?25l[A[1Gpulling manifest [K
pulling e7b273f96360:  45% ▕████████          ▏ 6.1 GB/ 13 GB   32 MB/s   3m55s[K[?25h[?2026l[?2026h[?25l[A[1Gpulling manifest [K
pulling e7b273f96360:  45% ▕████████          ▏ 6.1 GB/ 13 GB   32 MB/s   3m55s[K[?25h[?2026l[?2026h[?25l[A[1Gpulling manifest [K
pulling e7b273f96360:  45% ▕████████          ▏ 6.1 GB/ 13 GB   32 MB/s   3m55s[K[?25h[?2026l[?2026h[?25l[A[1Gpulling manifest [K
pulling e7b273f96360:  45% ▕████████          ▏ 6.2 GB/ 13 GB   32 MB/s   3m55s[K[?25h[?2026l[?2026h[?25l[A[1Gpulling manifest [K
pulling e7b273f96360:  45% ▕████████          ▏ 6.2 GB/ 13 GB   32 MB/s   3m55s[K[?25h[?2026l[?2026h[?25l[A[1Gpulling manifest [K
pulling e7b273f96360:  45% ▕████████          ▏ 6.2 GB/ 13 GB   32 MB/s   3m54s[K[?25h[?2026l[?2026h[?25l[A[1Gpulling manifest [K
pulling e7b273f96360:  45% ▕████████          ▏ 6.2 GB/ 13 GB   32 MB/s   3m54s[K[?25h[?2026l[?2026h[?25l[A[1Gpulling manifest [K
pulling e7b273f96360:  45% ▕████████          ▏ 6.2 GB/ 13 GB   32 MB/s   3m54s[K[?25h[?2026l[?2026h[?25l[A[1Gpulling manifest [K
pulling e7b273f96360:  45% ▕████████          ▏ 6.2 GB/ 13 GB   32 MB/s   3m54s[K[?25h[?2026l[?2026h[?25l[A[1Gpulling manifest [K
pulling e7b273f96360:  45% ▕████████          ▏ 6.2 GB/ 13 GB   32 MB/s   3m54s[K[?25h[?2026l[?2026h[?25l[A[1Gpulling manifest [K
pulling e7b273f96360:  45% ▕████████          ▏ 6.2 GB/ 13 GB   32 MB/s   3m54s[K[?25h[?2026l[?2026h[?25l[A[1Gpulling manifest [K
pulling e7b273f96360:  45% ▕████████          ▏ 6.2 GB/ 13 GB   32 MB/s   3m54s[K[?25h[?2026l[?2026h[?25l[A[1Gpulling manifest [K
pulling e7b273f96360:  45% ▕████████          ▏ 6.2 GB/ 13 GB   32 MB/s   3m54s[K[?25h[?2026l[?2026h[?25l[A[1Gpulling manifest [K
pulling e7b273f96360:  45% ▕████████          ▏ 6.2 GB/ 13 GB   32 MB/s   3m53s[K[?25h[?2026l[?2026h[?25l[A[1Gpulling manifest [K
pulling e7b273f96360:  45% ▕████████          ▏ 6.2 GB/ 13 GB   32 MB/s   3m53s[K[?25h[?2026l[?2026h[?25l[A[1Gpulling manifest [K
pulling e7b273f96360:  45% ▕████████          ▏ 6.2 GB/ 13 GB   32 MB/s   3m53s[K[?25h[?2026l[?2026h[?25l[A[1Gpulling manifest [K
pulling e7b273f96360:  45% ▕████████          ▏ 6.2 GB/ 13 GB   32 MB/s   3m54s[K[?25h[?2026l[?2026h[?25l[A[1Gpulling manifest [K
pulling e7b273f96360:  45% ▕████████          ▏ 6.2 GB/ 13 GB   32 MB/s   3m54s[K[?25h[?2026l[?2026h[?25l[A[1Gpulling manifest [K
pulling e7b273f96360:  45% ▕████████          ▏ 6.2 GB/ 13 GB   32 MB/s   3m54s[K[?25h[?2026l[?2026h[?25l[A[1Gpulling manifest [K
pulling e7b273f96360:  45% ▕████████          ▏ 6.2 GB/ 13 GB   32 MB/s   3m54s[K[?25h[?2026l[?2026h[?25l[A[1Gpulling manifest [K
pulling e7b273f96360:  45% ▕████████          ▏ 6.2 GB/ 13 GB   32 MB/s   3m54s[K[?25h[?2026l[?2026h[?25l[A[1Gpulling manifest [K
pulling e7b273f96360:  45% ▕████████          ▏ 6.2 GB/ 13 GB   32 MB/s   3m54s[K[?25h[?2026l[?2026h[?25l[A[1Gpulling manifest [K
pulling e7b273f96360:  45% ▕████████          ▏ 6.2 GB/ 13 GB   32 MB/s   3m54s[K[?25h[?2026l[?2026h[?25l[A[1Gpulling manifest [K
pulling e7b273f96360:  45% ▕████████          ▏ 6.2 GB/ 13 GB   32 MB/s   3m54s[K[?25h[?2026l[?2026h[?25l[A[1Gpulling manifest [K
pulling e7b273f96360:  45% ▕████████          ▏ 6.2 GB/ 13 GB   32 MB/s   3m53s[K[?25h[?2026l[?2026h[?25l[A[1Gpulling manifest [K
pulling e7b273f96360:  45% ▕████████          ▏ 6.2 GB/ 13 GB   32 MB/s   3m53s[K[?25h[?2026l[?2026h[?25l[A[1Gpulling manifest [K
pulling e7b273f96360:  45% ▕████████          ▏ 6.2 GB/ 13 GB   32 MB/s   3m55s[K[?25h[?2026l[?2026h[?25l[A[1Gpulling manifest [K
pulling e7b273f96360:  45% ▕████████          ▏ 6.2 GB/ 13 GB   32 MB/s   3m55s[K[?25h[?2026l[?2026h[?25l[A[1Gpulling manifest [K
pulling e7b273f96360:  45% ▕████████          ▏ 6.2 GB/ 13 GB   32 MB/s   3m55s[K[?25h[?2026l[?2026h[?25l[A[1Gpulling manifest [K
pulling e7b273f96360:  45% ▕████████          ▏ 6.2 GB/ 13 GB   32 MB/s   3m55s[K[?25h[?2026l[?2026h[?25l[A[1Gpulling manifest [K
pulling e7b273f96360:  45% ▕████████          ▏ 6.2 GB/ 13 GB   32 MB/s   3m55s[K[?25h[?2026l[?2026h[?25l[A[1Gpulling manifest [K
pulling e7b273f96360:  45% ▕████████          ▏ 6.2 GB/ 13 GB   32 MB/s   3m55s[K[?25h[?2026l[?2026h[?25l[A[1Gpulling manifest [K
pulling e7b273f96360:  45% ▕████████          ▏ 6.2 GB/ 13 GB   32 MB/s   3m55s[K[?25h[?2026l[?2026h[?25l[A[1Gpulling manifest [K
pulling e7b273f96360:  45% ▕████████          ▏ 6.2 GB/ 13 GB   32 MB/s   3m55s[K[?25h[?2026l[?2026h[?25l[A[1Gpulling manifest [K
pulling e7b273f96360:  45% ▕████████          ▏ 6.2 GB/ 13 GB   32 MB/s   3m54s[K[?25h[?2026l[?2026h[?25l[A[1Gpulling manifest [K
pulling e7b273f96360:  45% ▕████████          ▏ 6.2 GB/ 13 GB   32 MB/s   3m54s[K[?25h[?2026l[?2026h[?25l[A[1Gpulling manifest [K
pulling e7b273f96360:  45% ▕████████          ▏ 6.3 GB/ 13 GB   31 MB/s   3m59s[K[?25h[?2026l[?2026h[?25l[A[1Gpulling manifest [K
pulling e7b273f96360:  45% ▕████████          ▏ 6.3 GB/ 13 GB   31 MB/s   3m59s[K[?25h[?2026l[?2026h[?25l[A[1Gpulling manifest [K
pulling e7b273f96360:  45% ▕████████          ▏ 6.3 GB/ 13 GB   31 MB/s   3m59s[K[?25h[?2026l[?2026h[?25l[A[1Gpulling manifest [K
pulling e7b273f96360:  45% ▕████████          ▏ 6.3 GB/ 13 GB   31 MB/s   3m59s[K[?25h[?2026l[?2026h[?25l[A[1Gpulling manifest [K
pulling e7b273f96360:  45% ▕████████          ▏ 6.3 GB/ 13 GB   31 MB/s   3m59s[K[?25h[?2026l[?2026h[?25l[A[1Gpulling manifest [K
pulling e7b273f96360:  45% ▕████████          ▏ 6.3 GB/ 13 GB   31 MB/s   3m59s[K[?25h[?2026l[?2026h[?25l[A[1Gpulling manifest [K
pulling e7b273f96360:  45% ▕████████          ▏ 6.3 GB/ 13 GB   31 MB/s   3m58s[K[?25h[?2026l[?2026h[?25l[A[1Gpulling manifest [K
pulling e7b273f96360:  45% ▕████████          ▏ 6.3 GB/ 13 GB   31 MB/s   3m58s[K[?25h[?2026l[?2026h[?25l[A[1Gpulling manifest [K
pulling e7b273f96360:  46% ▕████████          ▏ 6.3 GB/ 13 GB   31 MB/s   3m58s[K[?25h[?2026l[?2026h[?25l[A[1Gpulling manifest [K
pulling e7b273f96360:  46% ▕████████          ▏ 6.3 GB/ 13 GB   31 MB/s   3m58s[K[?25h[?2026l[?2026h[?25l[A[1Gpulling manifest [K
pulling e7b273f96360:  46% ▕████████          ▏ 6.3 GB/ 13 GB   31 MB/s   3m57s[K[?25h[?2026l[?2026h[?25l[A[1Gpulling manifest [K
pulling e7b273f96360:  46% ▕████████          ▏ 6.3 GB/ 13 GB   31 MB/s   3m57s[K[?25h[?2026l[?2026h[?25l[A[1Gpulling manifest [K
pulling e7b273f96360:  46% ▕████████          ▏ 6.3 GB/ 13 GB   31 MB/s   3m56s[K[?25h[?2026l[?2026h[?25l[A[1Gpulling manifest [K
pulling e7b273f96360:  46% ▕████████          ▏ 6.3 GB/ 13 GB   31 MB/s   3m56s[K[?25h[?2026l[?2026h[?25l[A[1Gpulling manifest [K
pulling e7b273f96360:  46% ▕████████          ▏ 6.3 GB/ 13 GB   31 MB/s   3m56s[K[?25h[?2026l[?2026h[?25l[A[1Gpulling manifest [K
pulling e7b273f96360:  46% ▕████████          ▏ 6.3 GB/ 13 GB   31 MB/s   3m56s[K[?25h[?2026l[?2026h[?25l[A[1Gpulling manifest [K
pulling e7b273f96360:  46% ▕████████          ▏ 6.3 GB/ 13 GB   31 MB/s   3m56s[K[?25h[?2026l[?2026h[?25l[A[1Gpulling manifest [K
pulling e7b273f96360:  46% ▕████████          ▏ 6.3 GB/ 13 GB   31 MB/s   3m56s[K[?25h[?2026l[?2026h[?25l[A[1Gpulling manifest [K
pulling e7b273f96360:  46% ▕████████          ▏ 6.3 GB/ 13 GB   31 MB/s   3m56s[K[?25h[?2026l[?2026h[?25l[A[1Gpulling manifest [K
pulling e7b273f96360:  46% ▕████████          ▏ 6.3 GB/ 13 GB   31 MB/s   3m56s[K[?25h[?2026l[?2026h[?25l[A[1Gpulling manifest [K
pulling e7b273f96360:  46% ▕████████          ▏ 6.3 GB/ 13 GB   31 MB/s   3m56s[K[?25h[?2026l[?2026h[?25l[A[1Gpulling manifest [K
pulling e7b273f96360:  46% ▕████████          ▏ 6.3 GB/ 13 GB   31 MB/s   3m56s[K[?25h[?2026l[?2026h[?25l[A[1Gpulling manifest [K
pulling e7b273f96360:  46% ▕████████          ▏ 6.3 GB/ 13 GB   31 MB/s   3m56s[K[?25h[?2026l[?2026h[?25l[A[1Gpulling manifest [K
pulling e7b273f96360:  46% ▕████████          ▏ 6.3 GB/ 13 GB   31 MB/s   3m55s[K[?25h[?2026l[?2026h[?25l[A[1Gpulling manifest [K
pulling e7b273f96360:  46% ▕████████          ▏ 6.3 GB/ 13 GB   31 MB/s   3m55s[K[?25h[?2026l[?2026h[?25l[A[1Gpulling manifest [K
pulling e7b273f96360:  46% ▕████████          ▏ 6.3 GB/ 13 GB   31 MB/s   3m55s[K[?25h[?2026l[?2026h[?25l[A[1Gpulling manifest [K
pulling e7b273f96360:  46% ▕████████          ▏ 6.3 GB/ 13 GB   31 MB/s   3m55s[K[?25h[?2026l[?2026h[?25l[A[1Gpulling manifest [K
pulling e7b273f96360:  46% ▕████████          ▏ 6.3 GB/ 13 GB   31 MB/s   3m55s[K[?25h[?2026l[?2026h[?25l[A[1Gpulling manifest [K
pulling e7b273f96360:  46% ▕████████          ▏ 6.3 GB/ 13 GB   31 MB/s   3m55s[K[?25h[?2026l[?2026h[?25l[A[1Gpulling manifest [K
pulling e7b273f96360:  46% ▕████████          ▏ 6.3 GB/ 13 GB   31 MB/s   3m55s[K[?25h[?2026l[?2026h[?25l[A[1Gpulling manifest [K
pulling e7b273f96360:  46% ▕████████          ▏ 6.3 GB/ 13 GB   31 MB/s   3m55s[K[?25h[?2026l[?2026h[?25l[A[1Gpulling manifest [K
pulling e7b273f96360:  46% ▕████████          ▏ 6.3 GB/ 13 GB   31 MB/s   3m56s[K[?25h[?2026l[?2026h[?25l[A[1Gpulling manifest [K
pulling e7b273f96360:  46% ▕████████          ▏ 6.3 GB/ 13 GB   31 MB/s   3m56s[K[?25h[?2026l[?2026h[?25l[A[1Gpulling manifest [K
pulling e7b273f96360:  46% ▕████████          ▏ 6.3 GB/ 13 GB   31 MB/s   3m56s[K[?25h[?2026l[?2026h[?25l[A[1Gpulling manifest [K
pulling e7b273f96360:  46% ▕████████          ▏ 6.4 GB/ 13 GB   31 MB/s   3m56s[K[?25h[?2026l[?2026h[?25l[A[1Gpulling manifest [K
pulling e7b273f96360:  46% ▕████████          ▏ 6.4 GB/ 13 GB   31 MB/s   3m56s[K[?25h[?2026l[?2026h[?25l[A[1Gpulling manifest [K
pulling e7b273f96360:  46% ▕████████          ▏ 6.4 GB/ 13 GB   31 MB/s   3m56s[K[?25h[?2026l[?2026h[?25l[A[1Gpulling manifest [K
pulling e7b273f96360:  46% ▕████████          ▏ 6.4 GB/ 13 GB   31 MB/s   3m56s[K[?25h[?2026l[?2026h[?25l[A[1Gpulling manifest [K
pulling e7b273f96360:  46% ▕████████          ▏ 6.4 GB/ 13 GB   31 MB/s   3m56s[K[?25h[?2026l[?2026h[?25l[A[1Gpulling manifest [K
pulling e7b273f96360:  46% ▕████████          ▏ 6.4 GB/ 13 GB   31 MB/s   3m55s[K[?25h[?2026l[?2026h[?25l[A[1Gpulling manifest [K
pulling e7b273f96360:  46% ▕████████          ▏ 6.4 GB/ 13 GB   31 MB/s   3m55s[K[?25h[?2026l[?2026h[?25l[A[1Gpulling manifest [K
pulling e7b273f96360:  46% ▕████████          ▏ 6.4 GB/ 13 GB   31 MB/s   3m58s[K[?25h[?2026l[?2026h[?25l[A[1Gpulling manifest [K
pulling e7b273f96360:  46% ▕████████          ▏ 6.4 GB/ 13 GB   31 MB/s   3m57s[K[?25h[?2026l[?2026h[?25l[A[1Gpulling manifest [K
pulling e7b273f96360:  46% ▕████████          ▏ 6.4 GB/ 13 GB   31 MB/s   3m57s[K[?25h[?2026l[?2026h[?25l[A[1Gpulling manifest [K
pulling e7b273f96360:  46% ▕████████          ▏ 6.4 GB/ 13 GB   31 MB/s   3m57s[K[?25h[?2026l[?2026h[?25l[A[1Gpulling manifest [K
pulling e7b273f96360:  46% ▕████████          ▏ 6.4 GB/ 13 GB   31 MB/s   3m57s[K[?25h[?2026l[?2026h[?25l[A[1Gpulling manifest [K
pulling e7b273f96360:  46% ▕████████          ▏ 6.4 GB/ 13 GB   31 MB/s   3m57s[K[?25h[?2026l[?2026h[?25l[A[1Gpulling manifest [K
pulling e7b273f96360:  46% ▕████████          ▏ 6.4 GB/ 13 GB   31 MB/s   3m57s[K[?25h[?2026l[?2026h[?25l[A[1Gpulling manifest [K
pulling e7b273f96360:  46% ▕████████          ▏ 6.4 GB/ 13 GB   31 MB/s   3m57s[K[?25h[?2026l[?2026h[?25l[A[1Gpulling manifest [K
pulling e7b273f96360:  46% ▕████████          ▏ 6.4 GB/ 13 GB   31 MB/s   3m57s[K[?25h[?2026l[?2026h[?25l[A[1Gpulling manifest [K
pulling e7b273f96360:  46% ▕████████          ▏ 6.4 GB/ 13 GB   31 MB/s   3m57s[K[?25h[?2026l[?2026h[?25l[A[1Gpulling manifest [K
pulling e7b273f96360:  46% ▕████████          ▏ 6.4 GB/ 13 GB   30 MB/s    4m0s[K[?25h[?2026l[?2026h[?25l[A[1Gpulling manifest [K
pulling e7b273f96360:  46% ▕████████          ▏ 6.4 GB/ 13 GB   30 MB/s    4m0s[K[?25h[?2026l[?2026h[?25l[A[1Gpulling manifest [K
pulling e7b273f96360:  46% ▕████████          ▏ 6.4 GB/ 13 GB   30 MB/s    4m0s[K[?25h[?2026l[?2026h[?25l[A[1Gpulling manifest [K
pulling e7b273f96360:  46% ▕████████          ▏ 6.4 GB/ 13 GB   30 MB/s    4m0s[K[?25h[?2026l[?2026h[?25l[A[1Gpulling manifest [K
pulling e7b273f96360:  47% ▕████████          ▏ 6.4 GB/ 13 GB   30 MB/s   3m59s[K[?25h[?2026l[?2026h[?25l[A[1Gpulling manifest [K
pulling e7b273f96360:  47% ▕████████          ▏ 6.4 GB/ 13 GB   30 MB/s   3m59s[K[?25h[?2026l[?2026h[?25l[A[1Gpulling manifest [K
pulling e7b273f96360:  47% ▕████████          ▏ 6.4 GB/ 13 GB   30 MB/s   3m59s[K[?25h[?2026l[?2026h[?25l[A[1Gpulling manifest [K
pulling e7b273f96360:  47% ▕████████          ▏ 6.4 GB/ 13 GB   30 MB/s   3m59s[K[?25h[?2026l[?2026h[?25l[A[1Gpulling manifest [K
pulling e7b273f96360:  47% ▕████████          ▏ 6.4 GB/ 13 GB   30 MB/s   3m59s[K[?25h[?2026l[?2026h[?25l[A[1Gpulling manifest [K
pulling e7b273f96360:  47% ▕████████          ▏ 6.4 GB/ 13 GB   30 MB/s   3m59s[K[?25h[?2026l[?2026h[?25l[A[1Gpulling manifest [K
pulling e7b273f96360:  47% ▕████████          ▏ 6.4 GB/ 13 GB   30 MB/s   3m57s[K[?25h[?2026l[?2026h[?25l[A[1Gpulling manifest [K
pulling e7b273f96360:  47% ▕████████          ▏ 6.4 GB/ 13 GB   30 MB/s   3m57s[K[?25h[?2026l[?2026h[?25l[A[1Gpulling manifest [K
pulling e7b273f96360:  47% ▕████████          ▏ 6.4 GB/ 13 GB   30 MB/s   3m57s[K[?25h[?2026l[?2026h[?25l[A[1Gpulling manifest [K
pulling e7b273f96360:  47% ▕████████          ▏ 6.4 GB/ 13 GB   30 MB/s   3m57s[K[?25h[?2026l[?2026h[?25l[A[1Gpulling manifest [K
pulling e7b273f96360:  47% ▕████████          ▏ 6.4 GB/ 13 GB   30 MB/s   3m57s[K[?25h[?2026l[?2026h[?25l[A[1Gpulling manifest [K
pulling e7b273f96360:  47% ▕████████          ▏ 6.5 GB/ 13 GB   30 MB/s   3m56s[K[?25h[?2026l[?2026h[?25l[A[1Gpulling manifest [K
pulling e7b273f96360:  47% ▕████████          ▏ 6.5 GB/ 13 GB   30 MB/s   3m56s[K[?25h[?2026l[?2026h[?25l[A[1Gpulling manifest [K
pulling e7b273f96360:  47% ▕████████          ▏ 6.5 GB/ 13 GB   30 MB/s   3m56s[K[?25h[?2026l[?2026h[?25l[A[1Gpulling manifest [K
pulling e7b273f96360:  47% ▕████████          ▏ 6.5 GB/ 13 GB   30 MB/s   3m56s[K[?25h[?2026l[?2026h[?25l[A[1Gpulling manifest [K
pulling e7b273f96360:  47% ▕████████          ▏ 6.5 GB/ 13 GB   30 MB/s   3m56s[K[?25h[?2026l[?2026h[?25l[A[1Gpulling manifest [K
pulling e7b273f96360:  47% ▕████████          ▏ 6.5 GB/ 13 GB   30 MB/s   3m56s[K[?25h[?2026l[?2026h[?25l[A[1Gpulling manifest [K
pulling e7b273f96360:  47% ▕████████          ▏ 6.5 GB/ 13 GB   30 MB/s   3m56s[K[?25h[?2026l[?2026h[?25l[A[1Gpulling manifest [K
pulling e7b273f96360:  47% ▕████████          ▏ 6.5 GB/ 13 GB   30 MB/s   3m56s[K[?25h[?2026l[?2026h[?25l[A[1Gpulling manifest [K
pulling e7b273f96360:  47% ▕████████          ▏ 6.5 GB/ 13 GB   30 MB/s   3m56s[K[?25h[?2026l[?2026h[?25l[A[1Gpulling manifest [K
pulling e7b273f96360:  47% ▕████████          ▏ 6.5 GB/ 13 GB   30 MB/s   3m56s[K[?25h[?2026l[?2026h[?25l[A[1Gpulling manifest [K
pulling e7b273f96360:  47% ▕████████          ▏ 6.5 GB/ 13 GB   30 MB/s   3m56s[K[?25h[?2026l[?2026h[?25l[A[1Gpulling manifest [K
pulling e7b273f96360:  47% ▕████████          ▏ 6.5 GB/ 13 GB   30 MB/s   3m56s[K[?25h[?2026l[?2026h[?25l[A[1Gpulling manifest [K
pulling e7b273f96360:  47% ▕████████          ▏ 6.5 GB/ 13 GB   30 MB/s   3m56s[K[?25h[?2026l[?2026h[?25l[A[1Gpulling manifest [K
pulling e7b273f96360:  47% ▕████████          ▏ 6.5 GB/ 13 GB   30 MB/s   3m56s[K[?25h[?2026l[?2026h[?25l[A[1Gpulling manifest [K
pulling e7b273f96360:  47% ▕████████          ▏ 6.5 GB/ 13 GB   30 MB/s   3m56s[K[?25h[?2026l[?2026h[?25l[A[1Gpulling manifest [K
pulling e7b273f96360:  47% ▕████████          ▏ 6.5 GB/ 13 GB   30 MB/s   3m55s[K[?25h[?2026l[?2026h[?25l[A[1Gpulling manifest [K
pulling e7b273f96360:  47% ▕████████          ▏ 6.5 GB/ 13 GB   30 MB/s   3m58s[K[?25h[?2026l[?2026h[?25l[A[1Gpulling manifest [K
pulling e7b273f96360:  47% ▕████████          ▏ 6.5 GB/ 13 GB   30 MB/s   3m58s[K[?25h[?2026l[?2026h[?25l[A[1Gpulling manifest [K
pulling e7b273f96360:  47% ▕████████          ▏ 6.5 GB/ 13 GB   30 MB/s   3m58s[K[?25h[?2026l[?2026h[?25l[A[1Gpulling manifest [K
pulling e7b273f96360:  47% ▕████████          ▏ 6.5 GB/ 13 GB   30 MB/s   3m58s[K[?25h[?2026l[?2026h[?25l[A[1Gpulling manifest [K
pulling e7b273f96360:  47% ▕████████          ▏ 6.5 GB/ 13 GB   30 MB/s   3m58s[K[?25h[?2026l[?2026h[?25l[A[1Gpulling manifest [K
pulling e7b273f96360:  47% ▕████████          ▏ 6.5 GB/ 13 GB   30 MB/s   3m58s[K[?25h[?2026l[?2026h[?25l[A[1Gpulling manifest [K
pulling e7b273f96360:  47% ▕████████          ▏ 6.5 GB/ 13 GB   30 MB/s   3m58s[K[?25h[?2026l[?2026h[?25l[A[1Gpulling manifest [K
pulling e7b273f96360:  47% ▕████████          ▏ 6.5 GB/ 13 GB   30 MB/s   3m58s[K[?25h[?2026l[?2026h[?25l[A[1Gpulling manifest [K
pulling e7b273f96360:  47% ▕████████          ▏ 6.5 GB/ 13 GB   30 MB/s   3m58s[K[?25h[?2026l[?2026h[?25l[A[1Gpulling manifest [K
pulling e7b273f96360:  47% ▕████████          ▏ 6.5 GB/ 13 GB   30 MB/s   3m57s[K[?25h[?2026l[?2026h[?25l[A[1Gpulling manifest [K
pulling e7b273f96360:  47% ▕████████          ▏ 6.5 GB/ 13 GB   30 MB/s   3m56s[K[?25h[?2026l[?2026h[?25l[A[1Gpulling manifest [K
pulling e7b273f96360:  47% ▕████████          ▏ 6.5 GB/ 13 GB   30 MB/s   3m56s[K[?25h[?2026l[?2026h[?25l[A[1Gpulling manifest [K
pulling e7b273f96360:  47% ▕████████          ▏ 6.5 GB/ 13 GB   30 MB/s   3m56s[K[?25h[?2026l[?2026h[?25l[A[1Gpulling manifest [K
pulling e7b273f96360:  47% ▕████████          ▏ 6.5 GB/ 13 GB   30 MB/s   3m56s[K[?25h[?2026l[?2026h[?25l[A[1Gpulling manifest [K
pulling e7b273f96360:  47% ▕████████          ▏ 6.5 GB/ 13 GB   30 MB/s   3m56s[K[?25h[?2026l[?2026h[?25l[A[1Gpulling manifest [K
pulling e7b273f96360:  47% ▕████████          ▏ 6.5 GB/ 13 GB   30 MB/s   3m55s[K[?25h[?2026l[?2026h[?25l[A[1Gpulling manifest [K
pulling e7b273f96360:  47% ▕████████          ▏ 6.5 GB/ 13 GB   30 MB/s   3m55s[K[?25h[?2026l[?2026h[?25l[A[1Gpulling manifest [K
pulling e7b273f96360:  47% ▕████████          ▏ 6.5 GB/ 13 GB   30 MB/s   3m55s[K[?25h[?2026l[?2026h[?25l[A[1Gpulling manifest [K
pulling e7b273f96360:  47% ▕████████          ▏ 6.5 GB/ 13 GB   30 MB/s   3m55s[K[?25h[?2026l[?2026h[?25l[A[1Gpulling manifest [K
pulling e7b273f96360:  47% ▕████████          ▏ 6.6 GB/ 13 GB   30 MB/s   3m55s[K[?25h[?2026l[?2026h[?25l[A[1Gpulling manifest [K
pulling e7b273f96360:  48% ▕████████          ▏ 6.6 GB/ 13 GB   30 MB/s    4m0s[K[?25h[?2026l[?2026h[?25l[A[1Gpulling manifest [K
pulling e7b273f96360:  48% ▕████████          ▏ 6.6 GB/ 13 GB   30 MB/s    4m0s[K[?25h[?2026l[?2026h[?25l[A[1Gpulling manifest [K
pulling e7b273f96360:  48% ▕████████          ▏ 6.6 GB/ 13 GB   30 MB/s    4m0s[K[?25h[?2026l[?2026h[?25l[A[1Gpulling manifest [K
pulling e7b273f96360:  48% ▕████████          ▏ 6.6 GB/ 13 GB   30 MB/s    4m0s[K[?25h[?2026l[?2026h[?25l[A[1Gpulling manifest [K
pulling e7b273f96360:  48% ▕████████          ▏ 6.6 GB/ 13 GB   30 MB/s    4m0s[K[?25h[?2026l[?2026h[?25l[A[1Gpulling manifest [K
pulling e7b273f96360:  48% ▕████████          ▏ 6.6 GB/ 13 GB   30 MB/s    4m0s[K[?25h[?2026l[?2026h[?25l[A[1Gpulling manifest [K
pulling e7b273f96360:  48% ▕████████          ▏ 6.6 GB/ 13 GB   30 MB/s    4m0s[K[?25h[?2026l[?2026h[?25l[A[1Gpulling manifest [K
pulling e7b273f96360:  48% ▕████████          ▏ 6.6 GB/ 13 GB   30 MB/s    4m0s[K[?25h[?2026l[?2026h[?25l[A[1Gpulling manifest [K
pulling e7b273f96360:  48% ▕████████          ▏ 6.6 GB/ 13 GB   30 MB/s    4m0s[K[?25h[?2026l[?2026h[?25l[A[1Gpulling manifest [K
pulling e7b273f96360:  48% ▕████████          ▏ 6.6 GB/ 13 GB   30 MB/s    4m0s[K[?25h[?2026l[?2026h[?25l[A[1Gpulling manifest [K
pulling e7b273f96360:  48% ▕████████          ▏ 6.6 GB/ 13 GB   29 MB/s    4m0s[K[?25h[?2026l[?2026h[?25l[A[1Gpulling manifest [K
pulling e7b273f96360:  48% ▕████████          ▏ 6.6 GB/ 13 GB   29 MB/s    4m0s[K[?25h[?2026l[?2026h[?25l[A[1Gpulling manifest [K
pulling e7b273f96360:  48% ▕████████          ▏ 6.6 GB/ 13 GB   29 MB/s    4m0s[K[?25h[?2026l[?2026h[?25l[A[1Gpulling manifest [K
pulling e7b273f96360:  48% ▕████████          ▏ 6.6 GB/ 13 GB   29 MB/s    4m0s[K[?25h[?2026l[?2026h[?25l[A[1Gpulling manifest [K
pulling e7b273f96360:  48% ▕████████          ▏ 6.6 GB/ 13 GB   29 MB/s    4m0s[K[?25h[?2026l[?2026h[?25l[A[1Gpulling manifest [K
pulling e7b273f96360:  48% ▕████████          ▏ 6.6 GB/ 13 GB   29 MB/s   3m59s[K[?25h[?2026l[?2026h[?25l[A[1Gpulling manifest [K
pulling e7b273f96360:  48% ▕████████          ▏ 6.6 GB/ 13 GB   29 MB/s   3m59s[K[?25h[?2026l[?2026h[?25l[A[1Gpulling manifest [K
pulling e7b273f96360:  48% ▕████████          ▏ 6.6 GB/ 13 GB   29 MB/s   3m59s[K[?25h[?2026l[?2026h[?25l[A[1Gpulling manifest [K
pulling e7b273f96360:  48% ▕████████          ▏ 6.6 GB/ 13 GB   29 MB/s   3m59s[K[?25h[?2026l[?2026h[?25l[A[1Gpulling manifest [K
pulling e7b273f96360:  48% ▕████████          ▏ 6.6 GB/ 13 GB   29 MB/s   3m59s[K[?25h[?2026l[?2026h[?25l[A[1Gpulling manifest [K
pulling e7b273f96360:  48% ▕████████          ▏ 6.6 GB/ 13 GB   29 MB/s   3m59s[K[?25h[?2026l[?2026h[?25l[A[1Gpulling manifest [K
pulling e7b273f96360:  48% ▕████████          ▏ 6.6 GB/ 13 GB   30 MB/s   3m58s[K[?25h[?2026l[?2026h[?25l[A[1Gpulling manifest [K
pulling e7b273f96360:  48% ▕████████          ▏ 6.6 GB/ 13 GB   30 MB/s   3m58s[K[?25h[?2026l[?2026h[?25l[A[1Gpulling manifest [K
pulling e7b273f96360:  48% ▕████████          ▏ 6.6 GB/ 13 GB   30 MB/s   3m58s[K[?25h[?2026l[?2026h[?25l[A[1Gpulling manifest [K
pulling e7b273f96360:  48% ▕████████          ▏ 6.6 GB/ 13 GB   30 MB/s   3m58s[K[?25h[?2026l[?2026h[?25l[A[1Gpulling manifest [K
pulling e7b273f96360:  48% ▕████████          ▏ 6.6 GB/ 13 GB   30 MB/s   3m58s[K[?25h[?2026l[?2026h[?25l[A[1Gpulling manifest [K
pulling e7b273f96360:  48% ▕████████          ▏ 6.6 GB/ 13 GB   30 MB/s   3m58s[K[?25h[?2026l[?2026h[?25l[A[1Gpulling manifest [K
pulling e7b273f96360:  48% ▕████████          ▏ 6.6 GB/ 13 GB   30 MB/s   3m57s[K[?25h[?2026l[?2026h[?25l[A[1Gpulling manifest [K
pulling e7b273f96360:  48% ▕████████          ▏ 6.6 GB/ 13 GB   30 MB/s   3m57s[K[?25h[?2026l[?2026h[?25l[A[1Gpulling manifest [K
pulling e7b273f96360:  48% ▕████████          ▏ 6.6 GB/ 13 GB   30 MB/s   3m57s[K[?25h[?2026l[?2026h[?25l[A[1Gpulling manifest [K
pulling e7b273f96360:  48% ▕████████          ▏ 6.6 GB/ 13 GB   30 MB/s   3m57s[K[?25h[?2026l[?2026h[?25l[A[1Gpulling manifest [K
pulling e7b273f96360:  48% ▕████████          ▏ 6.6 GB/ 13 GB   30 MB/s   3m53s[K[?25h[?2026l[?2026h[?25l[A[1Gpulling manifest [K
pulling e7b273f96360:  48% ▕████████          ▏ 6.7 GB/ 13 GB   30 MB/s   3m53s[K[?25h[?2026l[?2026h[?25l[A[1Gpulling manifest [K
pulling e7b273f96360:  48% ▕████████          ▏ 6.7 GB/ 13 GB   30 MB/s   3m53s[K[?25h[?2026l[?2026h[?25l[A[1Gpulling manifest [K
pulling e7b273f96360:  48% ▕████████          ▏ 6.7 GB/ 13 GB   30 MB/s   3m53s[K[?25h[?2026l[?2026h[?25l[A[1Gpulling manifest [K
pulling e7b273f96360:  48% ▕████████          ▏ 6.7 GB/ 13 GB   30 MB/s   3m53s[K[?25h[?2026l[?2026h[?25l[A[1Gpulling manifest [K
pulling e7b273f96360:  48% ▕████████          ▏ 6.7 GB/ 13 GB   30 MB/s   3m53s[K[?25h[?2026l[?2026h[?25l[A[1Gpulling manifest [K
pulling e7b273f96360:  48% ▕████████          ▏ 6.7 GB/ 13 GB   30 MB/s   3m53s[K[?25h[?2026l[?2026h[?25l[A[1Gpulling manifest [K
pulling e7b273f96360:  48% ▕████████          ▏ 6.7 GB/ 13 GB   30 MB/s   3m53s[K[?25h[?2026l[?2026h[?25l[A[1Gpulling manifest [K
pulling e7b273f96360:  48% ▕████████          ▏ 6.7 GB/ 13 GB   30 MB/s   3m53s[K[?25h[?2026l[?2026h[?25l[A[1Gpulling manifest [K
pulling e7b273f96360:  48% ▕████████          ▏ 6.7 GB/ 13 GB   30 MB/s   3m52s[K[?25h[?2026l[?2026h[?25l[A[1Gpulling manifest [K
pulling e7b273f96360:  48% ▕████████          ▏ 6.7 GB/ 13 GB   30 MB/s   3m50s[K[?25h[?2026l[?2026h[?25l[A[1Gpulling manifest [K
pulling e7b273f96360:  48% ▕████████          ▏ 6.7 GB/ 13 GB   30 MB/s   3m50s[K[?25h[?2026l[?2026h[?25l[A[1Gpulling manifest [K
pulling e7b273f96360:  48% ▕████████          ▏ 6.7 GB/ 13 GB   30 MB/s   3m50s[K[?25h[?2026l[?2026h[?25l[A[1Gpulling manifest [K
pulling e7b273f96360:  48% ▕████████          ▏ 6.7 GB/ 13 GB   30 MB/s   3m50s[K[?25h[?2026l[?2026h[?25l[A[1Gpulling manifest [K
pulling e7b273f96360:  49% ▕████████          ▏ 6.7 GB/ 13 GB   30 MB/s   3m49s[K[?25h[?2026l[?2026h[?25l[A[1Gpulling manifest [K
pulling e7b273f96360:  49% ▕████████          ▏ 6.7 GB/ 13 GB   30 MB/s   3m49s[K[?25h[?2026l[?2026h[?25l[A[1Gpulling manifest [K
pulling e7b273f96360:  49% ▕████████          ▏ 6.7 GB/ 13 GB   30 MB/s   3m49s[K[?25h[?2026l[?2026h[?25l[A[1Gpulling manifest [K
pulling e7b273f96360:  49% ▕████████          ▏ 6.7 GB/ 13 GB   30 MB/s   3m49s[K[?25h[?2026l[?2026h[?25l[A[1Gpulling manifest [K
pulling e7b273f96360:  49% ▕████████          ▏ 6.7 GB/ 13 GB   30 MB/s   3m49s[K[?25h[?2026l[?2026h[?25l[A[1Gpulling manifest [K
pulling e7b273f96360:  49% ▕████████          ▏ 6.7 GB/ 13 GB   30 MB/s   3m49s[K[?25h[?2026l[?2026h[?25l[A[1Gpulling manifest [K
pulling e7b273f96360:  49% ▕████████          ▏ 6.7 GB/ 13 GB   30 MB/s   3m49s[K[?25h[?2026l[?2026h[?25l[A[1Gpulling manifest [K
pulling e7b273f96360:  49% ▕████████          ▏ 6.7 GB/ 13 GB   30 MB/s   3m49s[K[?25h[?2026l[?2026h[?25l[A[1Gpulling manifest [K
pulling e7b273f96360:  49% ▕████████          ▏ 6.7 GB/ 13 GB   30 MB/s   3m49s[K[?25h[?2026l[?2026h[?25l[A[1Gpulling manifest [K
pulling e7b273f96360:  49% ▕████████          ▏ 6.7 GB/ 13 GB   30 MB/s   3m49s[K[?25h[?2026l[?2026h[?25l[A[1Gpulling manifest [K
pulling e7b273f96360:  49% ▕████████          ▏ 6.7 GB/ 13 GB   30 MB/s   3m49s[K[?25h[?2026l[?2026h[?25l[A[1Gpulling manifest [K
pulling e7b273f96360:  49% ▕████████          ▏ 6.7 GB/ 13 GB   30 MB/s   3m49s[K[?25h[?2026l[?2026h[?25l[A[1Gpulling manifest [K
pulling e7b273f96360:  49% ▕████████          ▏ 6.7 GB/ 13 GB   30 MB/s   3m49s[K[?25h[?2026l[?2026h[?25l[A[1Gpulling manifest [K
pulling e7b273f96360:  49% ▕████████          ▏ 6.7 GB/ 13 GB   30 MB/s   3m49s[K[?25h[?2026l[?2026h[?25l[A[1Gpulling manifest [K
pulling e7b273f96360:  49% ▕████████          ▏ 6.7 GB/ 13 GB   30 MB/s   3m49s[K[?25h[?2026l[?2026h[?25l[A[1Gpulling manifest [K
pulling e7b273f96360:  49% ▕████████          ▏ 6.7 GB/ 13 GB   30 MB/s   3m49s[K[?25h[?2026l[?2026h[?25l[A[1Gpulling manifest [K
pulling e7b273f96360:  49% ▕████████          ▏ 6.7 GB/ 13 GB   30 MB/s   3m50s[K[?25h[?2026l[?2026h[?25l[A[1Gpulling manifest [K
pulling e7b273f96360:  49% ▕████████          ▏ 6.7 GB/ 13 GB   30 MB/s   3m50s[K[?25h[?2026l[?2026h[?25l[A[1Gpulling manifest [K
pulling e7b273f96360:  49% ▕████████          ▏ 6.8 GB/ 13 GB   30 MB/s   3m50s[K[?25h[?2026l[?2026h[?25l[A[1Gpulling manifest [K
pulling e7b273f96360:  49% ▕████████          ▏ 6.8 GB/ 13 GB   30 MB/s   3m50s[K[?25h[?2026l[?2026h[?25l[A[1Gpulling manifest [K
pulling e7b273f96360:  49% ▕████████          ▏ 6.8 GB/ 13 GB   30 MB/s   3m50s[K[?25h[?2026l[?2026h[?25l[A[1Gpulling manifest [K
pulling e7b273f96360:  49% ▕████████          ▏ 6.8 GB/ 13 GB   30 MB/s   3m49s[K[?25h[?2026l[?2026h[?25l[A[1Gpulling manifest [K
pulling e7b273f96360:  49% ▕████████          ▏ 6.8 GB/ 13 GB   30 MB/s   3m49s[K[?25h[?2026l[?2026h[?25l[A[1Gpulling manifest [K
pulling e7b273f96360:  49% ▕████████          ▏ 6.8 GB/ 13 GB   30 MB/s   3m49s[K[?25h[?2026l[?2026h[?25l[A[1Gpulling manifest [K
pulling e7b273f96360:  49% ▕████████          ▏ 6.8 GB/ 13 GB   30 MB/s   3m49s[K[?25h[?2026l[?2026h[?25l[A[1Gpulling manifest [K
pulling e7b273f96360:  49% ▕████████          ▏ 6.8 GB/ 13 GB   30 MB/s   3m49s[K[?25h[?2026l[?2026h[?25l[A[1Gpulling manifest [K
pulling e7b273f96360:  49% ▕████████          ▏ 6.8 GB/ 13 GB   30 MB/s   3m49s[K[?25h[?2026l[?2026h[?25l[A[1Gpulling manifest [K
pulling e7b273f96360:  49% ▕████████          ▏ 6.8 GB/ 13 GB   30 MB/s   3m50s[K[?25h[?2026l[?2026h[?25l[A[1Gpulling manifest [K
pulling e7b273f96360:  49% ▕████████          ▏ 6.8 GB/ 13 GB   30 MB/s   3m50s[K[?25h[?2026l[?2026h[?25l[A[1Gpulling manifest [K
pulling e7b273f96360:  49% ▕████████          ▏ 6.8 GB/ 13 GB   30 MB/s   3m50s[K[?25h[?2026l[?2026h[?25l[A[1Gpulling manifest [K
pulling e7b273f96360:  49% ▕████████          ▏ 6.8 GB/ 13 GB   30 MB/s   3m49s[K[?25h[?2026l[?2026h[?25l[A[1Gpulling manifest [K
pulling e7b273f96360:  49% ▕████████          ▏ 6.8 GB/ 13 GB   30 MB/s   3m49s[K[?25h[?2026l[?2026h[?25l[A[1Gpulling manifest [K
pulling e7b273f96360:  49% ▕████████          ▏ 6.8 GB/ 13 GB   30 MB/s   3m49s[K[?25h[?2026l[?2026h[?25l[A[1Gpulling manifest [K
pulling e7b273f96360:  49% ▕████████          ▏ 6.8 GB/ 13 GB   30 MB/s   3m49s[K[?25h[?2026l[?2026h[?25l[A[1Gpulling manifest [K
pulling e7b273f96360:  49% ▕████████          ▏ 6.8 GB/ 13 GB   30 MB/s   3m49s[K[?25h[?2026l[?2026h[?25l[A[1Gpulling manifest [K
pulling e7b273f96360:  49% ▕████████          ▏ 6.8 GB/ 13 GB   30 MB/s   3m49s[K[?25h[?2026l[?2026h[?25l[A[1Gpulling manifest [K
pulling e7b273f96360:  49% ▕████████          ▏ 6.8 GB/ 13 GB   30 MB/s   3m49s[K[?25h[?2026l[?2026h[?25l[A[1Gpulling manifest [K
pulling e7b273f96360:  49% ▕████████          ▏ 6.8 GB/ 13 GB   30 MB/s   3m49s[K[?25h[?2026l[?2026h[?25l[A[1Gpulling manifest [K
pulling e7b273f96360:  49% ▕████████          ▏ 6.8 GB/ 13 GB   30 MB/s   3m49s[K[?25h[?2026l[?2026h[?25l[A[1Gpulling manifest [K
pulling e7b273f96360:  49% ▕████████          ▏ 6.8 GB/ 13 GB   30 MB/s   3m49s[K[?25h[?2026l[?2026h[?25l[A[1Gpulling manifest [K
pulling e7b273f96360:  49% ▕████████          ▏ 6.8 GB/ 13 GB   30 MB/s   3m48s[K[?25h[?2026l[?2026h[?25l[A[1Gpulling manifest [K
pulling e7b273f96360:  49% ▕████████          ▏ 6.8 GB/ 13 GB   30 MB/s   3m48s[K[?25h[?2026l[?2026h[?25l[A[1Gpulling manifest [K
pulling e7b273f96360:  49% ▕████████          ▏ 6.8 GB/ 13 GB   30 MB/s   3m48s[K[?25h[?2026l[?2026h[?25l[A[1Gpulling manifest [K
pulling e7b273f96360:  49% ▕████████          ▏ 6.8 GB/ 13 GB   30 MB/s   3m48s[K[?25h[?2026l[?2026h[?25l[A[1Gpulling manifest [K
pulling e7b273f96360:  49% ▕████████          ▏ 6.8 GB/ 13 GB   30 MB/s   3m48s[K[?25h[?2026l[?2026h[?25l[A[1Gpulling manifest [K
pulling e7b273f96360:  50% ▕████████          ▏ 6.8 GB/ 13 GB   30 MB/s   3m48s[K[?25h[?2026l[?2026h[?25l[A[1Gpulling manifest [K
pulling e7b273f96360:  50% ▕████████          ▏ 6.8 GB/ 13 GB   30 MB/s   3m48s[K[?25h[?2026l[?2026h[?25l[A[1Gpulling manifest [K
pulling e7b273f96360:  50% ▕████████          ▏ 6.8 GB/ 13 GB   31 MB/s   3m43s[K[?25h[?2026l[?2026h[?25l[A[1Gpulling manifest [K
pulling e7b273f96360:  50% ▕████████          ▏ 6.8 GB/ 13 GB   31 MB/s   3m42s[K[?25h[?2026l[?2026h[?25l[A[1Gpulling manifest [K
pulling e7b273f96360:  50% ▕████████          ▏ 6.8 GB/ 13 GB   31 MB/s   3m42s[K[?25h[?2026l[?2026h[?25l[A[1Gpulling manifest [K
pulling e7b273f96360:  50% ▕████████          ▏ 6.8 GB/ 13 GB   31 MB/s   3m42s[K[?25h[?2026l[?2026h[?25l[A[1Gpulling manifest [K
pulling e7b273f96360:  50% ▕████████          ▏ 6.8 GB/ 13 GB   31 MB/s   3m42s[K[?25h[?2026l[?2026h[?25l[A[1Gpulling manifest [K
pulling e7b273f96360:  50% ▕████████          ▏ 6.9 GB/ 13 GB   31 MB/s   3m42s[K[?25h[?2026l[?2026h[?25l[A[1Gpulling manifest [K
pulling e7b273f96360:  50% ▕████████          ▏ 6.9 GB/ 13 GB   31 MB/s   3m42s[K[?25h[?2026l[?2026h[?25l[A[1Gpulling manifest [K
pulling e7b273f96360:  50% ▕████████          ▏ 6.9 GB/ 13 GB   31 MB/s   3m42s[K[?25h[?2026l[?2026h[?25l[A[1Gpulling manifest [K
pulling e7b273f96360:  50% ▕████████          ▏ 6.9 GB/ 13 GB   31 MB/s   3m42s[K[?25h[?2026l[?2026h[?25l[A[1Gpulling manifest [K
pulling e7b273f96360:  50% ▕████████          ▏ 6.9 GB/ 13 GB   31 MB/s   3m42s[K[?25h[?2026l[?2026h[?25l[A[1Gpulling manifest [K
pulling e7b273f96360:  50% ▕████████          ▏ 6.9 GB/ 13 GB   31 MB/s   3m39s[K[?25h[?2026l[?2026h[?25l[A[1Gpulling manifest [K
pulling e7b273f96360:  50% ▕████████          ▏ 6.9 GB/ 13 GB   31 MB/s   3m39s[K[?25h[?2026l[?2026h[?25l[A[1Gpulling manifest [K
pulling e7b273f96360:  50% ▕████████          ▏ 6.9 GB/ 13 GB   31 MB/s   3m39s[K[?25h[?2026l[?2026h[?25l[A[1Gpulling manifest [K
pulling e7b273f96360:  50% ▕████████          ▏ 6.9 GB/ 13 GB   31 MB/s   3m38s[K[?25h[?2026l[?2026h[?25l[A[1Gpulling manifest [K
pulling e7b273f96360:  50% ▕████████          ▏ 6.9 GB/ 13 GB   31 MB/s   3m38s[K[?25h[?2026l[?2026h[?25l[A[1Gpulling manifest [K
pulling e7b273f96360:  50% ▕████████          ▏ 6.9 GB/ 13 GB   31 MB/s   3m38s[K[?25h[?2026l[?2026h[?25l[A[1Gpulling manifest [K
pulling e7b273f96360:  50% ▕████████          ▏ 6.9 GB/ 13 GB   31 MB/s   3m38s[K[?25h[?2026l[?2026h[?25l[A[1Gpulling manifest [K
pulling e7b273f96360:  50% ▕████████          ▏ 6.9 GB/ 13 GB   31 MB/s   3m38s[K[?25h[?2026l[?2026h[?25l[A[1Gpulling manifest [K
pulling e7b273f96360:  50% ▕████████          ▏ 6.9 GB/ 13 GB   31 MB/s   3m38s[K[?25h[?2026l[?2026h[?25l[A[1Gpulling manifest [K
pulling e7b273f96360:  50% ▕█████████         ▏ 6.9 GB/ 13 GB   31 MB/s   3m38s[K[?25h[?2026l[?2026h[?25l[A[1Gpulling manifest [K
pulling e7b273f96360:  50% ▕█████████         ▏ 6.9 GB/ 13 GB   32 MB/s   3m34s[K[?25h[?2026l[?2026h[?25l[A[1Gpulling manifest [K
pulling e7b273f96360:  50% ▕█████████         ▏ 6.9 GB/ 13 GB   32 MB/s   3m34s[K[?25h[?2026l[?2026h[?25l[A[1Gpulling manifest [K
pulling e7b273f96360:  50% ▕█████████         ▏ 6.9 GB/ 13 GB   32 MB/s   3m34s[K[?25h[?2026l[?2026h[?25l[A[1Gpulling manifest [K
pulling e7b273f96360:  50% ▕█████████         ▏ 6.9 GB/ 13 GB   32 MB/s   3m34s[K[?25h[?2026l[?2026h[?25l[A[1Gpulling manifest [K
pulling e7b273f96360:  50% ▕█████████         ▏ 6.9 GB/ 13 GB   32 MB/s   3m33s[K[?25h[?2026l[?2026h[?25l[A[1Gpulling manifest [K
pulling e7b273f96360:  50% ▕█████████         ▏ 6.9 GB/ 13 GB   32 MB/s   3m33s[K[?25h[?2026l[?2026h[?25l[A[1Gpulling manifest [K
pulling e7b273f96360:  50% ▕█████████         ▏ 6.9 GB/ 13 GB   32 MB/s   3m33s[K[?25h[?2026l[?2026h[?25l[A[1Gpulling manifest [K
pulling e7b273f96360:  50% ▕█████████         ▏ 6.9 GB/ 13 GB   32 MB/s   3m33s[K[?25h[?2026l[?2026h[?25l[A[1Gpulling manifest [K
pulling e7b273f96360:  50% ▕█████████         ▏ 6.9 GB/ 13 GB   32 MB/s   3m33s[K[?25h[?2026l[?2026h[?25l[A[1Gpulling manifest [K
pulling e7b273f96360:  50% ▕█████████         ▏ 6.9 GB/ 13 GB   32 MB/s   3m33s[K[?25h[?2026l[?2026h[?25l[A[1Gpulling manifest [K
pulling e7b273f96360:  50% ▕█████████         ▏ 6.9 GB/ 13 GB   32 MB/s   3m33s[K[?25h[?2026l[?2026h[?25l[A[1Gpulling manifest [K
pulling e7b273f96360:  50% ▕█████████         ▏ 6.9 GB/ 13 GB   32 MB/s   3m32s[K[?25h[?2026l[?2026h[?25l[A[1Gpulling manifest [K
pulling e7b273f96360:  50% ▕█████████         ▏ 6.9 GB/ 13 GB   32 MB/s   3m31s[K[?25h[?2026l[?2026h[?25l[A[1Gpulling manifest [K
pulling e7b273f96360:  50% ▕█████████         ▏ 6.9 GB/ 13 GB   32 MB/s   3m31s[K[?25h[?2026l[?2026h[?25l[A[1Gpulling manifest [K
pulling e7b273f96360:  50% ▕█████████         ▏ 7.0 GB/ 13 GB   32 MB/s   3m31s[K[?25h[?2026l[?2026h[?25l[A[1Gpulling manifest [K
pulling e7b273f96360:  50% ▕█████████         ▏ 7.0 GB/ 13 GB   32 MB/s   3m31s[K[?25h[?2026l[?2026h[?25l[A[1Gpulling manifest [K
pulling e7b273f96360:  50% ▕█████████         ▏ 7.0 GB/ 13 GB   32 MB/s   3m31s[K[?25h[?2026l[?2026h[?25l[A[1Gpulling manifest [K
pulling e7b273f96360:  50% ▕█████████         ▏ 7.0 GB/ 13 GB   32 MB/s   3m31s[K[?25h[?2026l[?2026h[?25l[A[1Gpulling manifest [K
pulling e7b273f96360:  50% ▕█████████         ▏ 7.0 GB/ 13 GB   32 MB/s   3m31s[K[?25h[?2026l[?2026h[?25l[A[1Gpulling manifest [K
pulling e7b273f96360:  51% ▕█████████         ▏ 7.0 GB/ 13 GB   32 MB/s   3m31s[K[?25h[?2026l[?2026h[?25l[A[1Gpulling manifest [K
pulling e7b273f96360:  51% ▕█████████         ▏ 7.0 GB/ 13 GB   32 MB/s   3m31s[K[?25h[?2026l[?2026h[?25l[A[1Gpulling manifest [K
pulling e7b273f96360:  51% ▕█████████         ▏ 7.0 GB/ 13 GB   32 MB/s   3m28s[K[?25h[?2026l[?2026h[?25l[A[1Gpulling manifest [K
pulling e7b273f96360:  51% ▕█████████         ▏ 7.0 GB/ 13 GB   32 MB/s   3m28s[K[?25h[?2026l[?2026h[?25l[A[1Gpulling manifest [K
pulling e7b273f96360:  51% ▕█████████         ▏ 7.0 GB/ 13 GB   32 MB/s   3m28s[K[?25h[?2026l[?2026h[?25l[A[1Gpulling manifest [K
pulling e7b273f96360:  51% ▕█████████         ▏ 7.0 GB/ 13 GB   32 MB/s   3m28s[K[?25h[?2026l[?2026h[?25l[A[1Gpulling manifest [K
pulling e7b273f96360:  51% ▕█████████         ▏ 7.0 GB/ 13 GB   32 MB/s   3m28s[K[?25h[?2026l[?2026h[?25l[A[1Gpulling manifest [K
pulling e7b273f96360:  51% ▕█████████         ▏ 7.0 GB/ 13 GB   32 MB/s   3m28s[K[?25h[?2026l[?2026h[?25l[A[1Gpulling manifest [K
pulling e7b273f96360:  51% ▕█████████         ▏ 7.0 GB/ 13 GB   32 MB/s   3m28s[K[?25h[?2026l[?2026h[?25l[A[1Gpulling manifest [K
pulling e7b273f96360:  51% ▕█████████         ▏ 7.0 GB/ 13 GB   32 MB/s   3m28s[K[?25h[?2026l[?2026h[?25l[A[1Gpulling manifest [K
pulling e7b273f96360:  51% ▕█████████         ▏ 7.0 GB/ 13 GB   32 MB/s   3m28s[K[?25h[?2026l[?2026h[?25l[A[1Gpulling manifest [K
pulling e7b273f96360:  51% ▕█████████         ▏ 7.0 GB/ 13 GB   32 MB/s   3m28s[K[?25h[?2026l[?2026h[?25l[A[1Gpulling manifest [K
pulling e7b273f96360:  51% ▕█████████         ▏ 7.0 GB/ 13 GB   32 MB/s   3m29s[K[?25h[?2026l[?2026h[?25l[A[1Gpulling manifest [K
pulling e7b273f96360:  51% ▕█████████         ▏ 7.0 GB/ 13 GB   32 MB/s   3m29s[K[?25h[?2026l[?2026h[?25l[A[1Gpulling manifest [K
pulling e7b273f96360:  51% ▕█████████         ▏ 7.0 GB/ 13 GB   32 MB/s   3m29s[K[?25h[?2026l[?2026h[?25l[A[1Gpulling manifest [K
pulling e7b273f96360:  51% ▕█████████         ▏ 7.0 GB/ 13 GB   32 MB/s   3m29s[K[?25h[?2026l[?2026h[?25l[A[1Gpulling manifest [K
pulling e7b273f96360:  51% ▕█████████         ▏ 7.0 GB/ 13 GB   32 MB/s   3m29s[K[?25h[?2026l[?2026h[?25l[A[1Gpulling manifest [K
pulling e7b273f96360:  51% ▕█████████         ▏ 7.0 GB/ 13 GB   32 MB/s   3m29s[K[?25h[?2026l[?2026h[?25l[A[1Gpulling manifest [K
pulling e7b273f96360:  51% ▕█████████         ▏ 7.0 GB/ 13 GB   32 MB/s   3m29s[K[?25h[?2026l[?2026h[?25l[A[1Gpulling manifest [K
pulling e7b273f96360:  51% ▕█████████         ▏ 7.0 GB/ 13 GB   32 MB/s   3m29s[K[?25h[?2026l[?2026h[?25l[A[1Gpulling manifest [K
pulling e7b273f96360:  51% ▕█████████         ▏ 7.0 GB/ 13 GB   32 MB/s   3m29s[K[?25h[?2026l[?2026h[?25l[A[1Gpulling manifest [K
pulling e7b273f96360:  51% ▕█████████         ▏ 7.0 GB/ 13 GB   32 MB/s   3m29s[K[?25h[?2026l[?2026h[?25l[A[1Gpulling manifest [K
pulling e7b273f96360:  51% ▕█████████         ▏ 7.0 GB/ 13 GB   32 MB/s   3m29s[K[?25h[?2026l[?2026h[?25l[A[1Gpulling manifest [K
pulling e7b273f96360:  51% ▕█████████         ▏ 7.0 GB/ 13 GB   32 MB/s   3m29s[K[?25h[?2026l[?2026h[?25l[A[1Gpulling manifest [K
pulling e7b273f96360:  51% ▕█████████         ▏ 7.0 GB/ 13 GB   32 MB/s   3m28s[K[?25h[?2026l[?2026h[?25l[A[1Gpulling manifest [K
pulling e7b273f96360:  51% ▕█████████         ▏ 7.0 GB/ 13 GB   32 MB/s   3m28s[K[?25h[?2026l[?2026h[?25l[A[1Gpulling manifest [K
pulling e7b273f96360:  51% ▕█████████         ▏ 7.0 GB/ 13 GB   32 MB/s   3m28s[K[?25h[?2026l[?2026h[?25l[A[1Gpulling manifest [K
pulling e7b273f96360:  51% ▕█████████         ▏ 7.0 GB/ 13 GB   32 MB/s   3m28s[K[?25h[?2026l[?2026h[?25l[A[1Gpulling manifest [K
pulling e7b273f96360:  51% ▕█████████         ▏ 7.1 GB/ 13 GB   32 MB/s   3m28s[K[?25h[?2026l[?2026h[?25l[A[1Gpulling manifest [K
pulling e7b273f96360:  51% ▕█████████         ▏ 7.1 GB/ 13 GB   32 MB/s   3m28s[K[?25h[?2026l[?2026h[?25l[A[1Gpulling manifest [K
pulling e7b273f96360:  51% ▕█████████         ▏ 7.1 GB/ 13 GB   32 MB/s   3m28s[K[?25h[?2026l[?2026h[?25l[A[1Gpulling manifest [K
pulling e7b273f96360:  51% ▕█████████         ▏ 7.1 GB/ 13 GB   32 MB/s   3m28s[K[?25h[?2026l[?2026h[?25l[A[1Gpulling manifest [K
pulling e7b273f96360:  51% ▕█████████         ▏ 7.1 GB/ 13 GB   32 MB/s   3m28s[K[?25h[?2026l[?2026h[?25l[A[1Gpulling manifest [K
pulling e7b273f96360:  51% ▕█████████         ▏ 7.1 GB/ 13 GB   32 MB/s   3m28s[K[?25h[?2026l[?2026h[?25l[A[1Gpulling manifest [K
pulling e7b273f96360:  51% ▕█████████         ▏ 7.1 GB/ 13 GB   32 MB/s   3m28s[K[?25h[?2026l[?2026h[?25l[A[1Gpulling manifest [K
pulling e7b273f96360:  51% ▕█████████         ▏ 7.1 GB/ 13 GB   32 MB/s   3m28s[K[?25h[?2026l[?2026h[?25l[A[1Gpulling manifest [K
pulling e7b273f96360:  51% ▕█████████         ▏ 7.1 GB/ 13 GB   32 MB/s   3m28s[K[?25h[?2026l[?2026h[?25l[A[1Gpulling manifest [K
pulling e7b273f96360:  51% ▕█████████         ▏ 7.1 GB/ 13 GB   32 MB/s   3m28s[K[?25h[?2026l[?2026h[?25l[A[1Gpulling manifest [K
pulling e7b273f96360:  51% ▕█████████         ▏ 7.1 GB/ 13 GB   32 MB/s   3m28s[K[?25h[?2026l[?2026h[?25l[A[1Gpulling manifest [K
pulling e7b273f96360:  51% ▕█████████         ▏ 7.1 GB/ 13 GB   32 MB/s   3m28s[K[?25h[?2026l[?2026h[?25l[A[1Gpulling manifest [K
pulling e7b273f96360:  51% ▕█████████         ▏ 7.1 GB/ 13 GB   32 MB/s   3m28s[K[?25h[?2026l[?2026h[?25l[A[1Gpulling manifest [K
pulling e7b273f96360:  51% ▕█████████         ▏ 7.1 GB/ 13 GB   32 MB/s   3m28s[K[?25h[?2026l[?2026h[?25l[A[1Gpulling manifest [K
pulling e7b273f96360:  51% ▕█████████         ▏ 7.1 GB/ 13 GB   32 MB/s   3m28s[K[?25h[?2026l[?2026h[?25l[A[1Gpulling manifest [K
pulling e7b273f96360:  51% ▕█████████         ▏ 7.1 GB/ 13 GB   32 MB/s   3m27s[K[?25h[?2026l[?2026h[?25l[A[1Gpulling manifest [K
pulling e7b273f96360:  51% ▕█████████         ▏ 7.1 GB/ 13 GB   32 MB/s   3m27s[K[?25h[?2026l[?2026h[?25l[A[1Gpulling manifest [K
pulling e7b273f96360:  51% ▕█████████         ▏ 7.1 GB/ 13 GB   32 MB/s   3m27s[K[?25h[?2026l[?2026h[?25l[A[1Gpulling manifest [K
pulling e7b273f96360:  52% ▕█████████         ▏ 7.1 GB/ 13 GB   32 MB/s   3m27s[K[?25h[?2026l[?2026h[?25l[A[1Gpulling manifest [K
pulling e7b273f96360:  52% ▕█████████         ▏ 7.1 GB/ 13 GB   32 MB/s   3m27s[K[?25h[?2026l[?2026h[?25l[A[1Gpulling manifest [K
pulling e7b273f96360:  52% ▕█████████         ▏ 7.1 GB/ 13 GB   32 MB/s   3m27s[K[?25h[?2026l[?2026h[?25l[A[1Gpulling manifest [K
pulling e7b273f96360:  52% ▕█████████         ▏ 7.1 GB/ 13 GB   32 MB/s   3m27s[K[?25h[?2026l[?2026h[?25l[A[1Gpulling manifest [K
pulling e7b273f96360:  52% ▕█████████         ▏ 7.1 GB/ 13 GB   32 MB/s   3m27s[K[?25h[?2026l[?2026h[?25l[A[1Gpulling manifest [K
pulling e7b273f96360:  52% ▕█████████         ▏ 7.1 GB/ 13 GB   32 MB/s   3m27s[K[?25h[?2026l[?2026h[?25l[A[1Gpulling manifest [K
pulling e7b273f96360:  52% ▕█████████         ▏ 7.1 GB/ 13 GB   32 MB/s   3m27s[K[?25h[?2026l[?2026h[?25l[A[1Gpulling manifest [K
pulling e7b273f96360:  52% ▕█████████         ▏ 7.1 GB/ 13 GB   32 MB/s   3m25s[K[?25h[?2026l[?2026h[?25l[A[1Gpulling manifest [K
pulling e7b273f96360:  52% ▕█████████         ▏ 7.1 GB/ 13 GB   32 MB/s   3m25s[K[?25h[?2026l[?2026h[?25l[A[1Gpulling manifest [K
pulling e7b273f96360:  52% ▕█████████         ▏ 7.1 GB/ 13 GB   32 MB/s   3m25s[K[?25h[?2026l[?2026h[?25l[A[1Gpulling manifest [K
pulling e7b273f96360:  52% ▕█████████         ▏ 7.1 GB/ 13 GB   32 MB/s   3m24s[K[?25h[?2026l[?2026h[?25l[A[1Gpulling manifest [K
pulling e7b273f96360:  52% ▕█████████         ▏ 7.1 GB/ 13 GB   32 MB/s   3m24s[K[?25h[?2026l[?2026h[?25l[A[1Gpulling manifest [K
pulling e7b273f96360:  52% ▕█████████         ▏ 7.1 GB/ 13 GB   32 MB/s   3m24s[K[?25h[?2026l[?2026h[?25l[A[1Gpulling manifest [K
pulling e7b273f96360:  52% ▕█████████         ▏ 7.1 GB/ 13 GB   32 MB/s   3m24s[K[?25h[?2026l[?2026h[?25l[A[1Gpulling manifest [K
pulling e7b273f96360:  52% ▕█████████         ▏ 7.1 GB/ 13 GB   32 MB/s   3m24s[K[?25h[?2026l[?2026h[?25l[A[1Gpulling manifest [K
pulling e7b273f96360:  52% ▕█████████         ▏ 7.2 GB/ 13 GB   32 MB/s   3m24s[K[?25h[?2026l[?2026h[?25l[A[1Gpulling manifest [K
pulling e7b273f96360:  52% ▕█████████         ▏ 7.2 GB/ 13 GB   32 MB/s   3m24s[K[?25h[?2026l[?2026h[?25l[A[1Gpulling manifest [K
pulling e7b273f96360:  52% ▕█████████         ▏ 7.2 GB/ 13 GB   32 MB/s   3m26s[K[?25h[?2026l[?2026h[?25l[A[1Gpulling manifest [K
pulling e7b273f96360:  52% ▕█████████         ▏ 7.2 GB/ 13 GB   32 MB/s   3m26s[K[?25h[?2026l[?2026h[?25l[A[1Gpulling manifest [K
pulling e7b273f96360:  52% ▕█████████         ▏ 7.2 GB/ 13 GB   32 MB/s   3m26s[K[?25h[?2026l[?2026h[?25l[A[1Gpulling manifest [K
pulling e7b273f96360:  52% ▕█████████         ▏ 7.2 GB/ 13 GB   32 MB/s   3m26s[K[?25h[?2026l[?2026h[?25l[A[1Gpulling manifest [K
pulling e7b273f96360:  52% ▕█████████         ▏ 7.2 GB/ 13 GB   32 MB/s   3m25s[K[?25h[?2026l[?2026h[?25l[A[1Gpulling manifest [K
pulling e7b273f96360:  52% ▕█████████         ▏ 7.2 GB/ 13 GB   32 MB/s   3m25s[K[?25h[?2026l[?2026h[?25l[A[1Gpulling manifest [K
pulling e7b273f96360:  52% ▕█████████         ▏ 7.2 GB/ 13 GB   32 MB/s   3m25s[K[?25h[?2026l[?2026h[?25l[A[1Gpulling manifest [K
pulling e7b273f96360:  52% ▕█████████         ▏ 7.2 GB/ 13 GB   32 MB/s   3m25s[K[?25h[?2026l[?2026h[?25l[A[1Gpulling manifest [K
pulling e7b273f96360:  52% ▕█████████         ▏ 7.2 GB/ 13 GB   32 MB/s   3m25s[K[?25h[?2026l[?2026h[?25l[A[1Gpulling manifest [K
pulling e7b273f96360:  52% ▕█████████         ▏ 7.2 GB/ 13 GB   32 MB/s   3m25s[K[?25h[?2026l[?2026h[?25l[A[1Gpulling manifest [K
pulling e7b273f96360:  52% ▕█████████         ▏ 7.2 GB/ 13 GB   31 MB/s   3m28s[K[?25h[?2026l[?2026h[?25l[A[1Gpulling manifest [K
pulling e7b273f96360:  52% ▕█████████         ▏ 7.2 GB/ 13 GB   31 MB/s   3m28s[K[?25h[?2026l[?2026h[?25l[A[1Gpulling manifest [K
pulling e7b273f96360:  52% ▕█████████         ▏ 7.2 GB/ 13 GB   31 MB/s   3m28s[K[?25h[?2026l[?2026h[?25l[A[1Gpulling manifest [K
pulling e7b273f96360:  52% ▕█████████         ▏ 7.2 GB/ 13 GB   31 MB/s   3m28s[K[?25h[?2026l[?2026h[?25l[A[1Gpulling manifest [K
pulling e7b273f96360:  52% ▕█████████         ▏ 7.2 GB/ 13 GB   31 MB/s   3m28s[K[?25h[?2026l[?2026h[?25l[A[1Gpulling manifest [K
pulling e7b273f96360:  52% ▕█████████         ▏ 7.2 GB/ 13 GB   31 MB/s   3m28s[K[?25h[?2026l[?2026h[?25l[A[1Gpulling manifest [K
pulling e7b273f96360:  52% ▕█████████         ▏ 7.2 GB/ 13 GB   31 MB/s   3m28s[K[?25h[?2026l[?2026h[?25l[A[1Gpulling manifest [K
pulling e7b273f96360:  52% ▕█████████         ▏ 7.2 GB/ 13 GB   31 MB/s   3m28s[K[?25h[?2026l[?2026h[?25l[A[1Gpulling manifest [K
pulling e7b273f96360:  52% ▕█████████         ▏ 7.2 GB/ 13 GB   31 MB/s   3m28s[K[?25h[?2026l[?2026h[?25l[A[1Gpulling manifest [K
pulling e7b273f96360:  52% ▕█████████         ▏ 7.2 GB/ 13 GB   31 MB/s   3m27s[K[?25h[?2026l[?2026h[?25l[A[1Gpulling manifest [K
pulling e7b273f96360:  52% ▕█████████         ▏ 7.2 GB/ 13 GB   30 MB/s   3m32s[K[?25h[?2026l[?2026h[?25l[A[1Gpulling manifest [K
pulling e7b273f96360:  52% ▕█████████         ▏ 7.2 GB/ 13 GB   30 MB/s   3m32s[K[?25h[?2026l[?2026h[?25l[A[1Gpulling manifest [K
pulling e7b273f96360:  52% ▕█████████         ▏ 7.2 GB/ 13 GB   30 MB/s   3m32s[K[?25h[?2026l[?2026h[?25l[A[1Gpulling manifest [K
pulling e7b273f96360:  52% ▕█████████         ▏ 7.2 GB/ 13 GB   30 MB/s   3m32s[K[?25h[?2026l[?2026h[?25l[A[1Gpulling manifest [K
pulling e7b273f96360:  52% ▕█████████         ▏ 7.2 GB/ 13 GB   30 MB/s   3m32s[K[?25h[?2026l[?2026h[?25l[A[1Gpulling manifest [K
pulling e7b273f96360:  52% ▕█████████         ▏ 7.2 GB/ 13 GB   30 MB/s   3m31s[K[?25h[?2026l[?2026h[?25l[A[1Gpulling manifest [K
pulling e7b273f96360:  52% ▕█████████         ▏ 7.2 GB/ 13 GB   30 MB/s   3m31s[K[?25h[?2026l[?2026h[?25l[A[1Gpulling manifest [K
pulling e7b273f96360:  52% ▕█████████         ▏ 7.2 GB/ 13 GB   30 MB/s   3m31s[K[?25h[?2026l[?2026h[?25l[A[1Gpulling manifest [K
pulling e7b273f96360:  52% ▕█████████         ▏ 7.2 GB/ 13 GB   30 MB/s   3m31s[K[?25h[?2026l[?2026h[?25l[A[1Gpulling manifest [K
pulling e7b273f96360:  52% ▕█████████         ▏ 7.2 GB/ 13 GB   30 MB/s   3m31s[K[?25h[?2026l[?2026h[?25l[A[1Gpulling manifest [K
pulling e7b273f96360:  53% ▕█████████         ▏ 7.2 GB/ 13 GB   30 MB/s   3m31s[K[?25h[?2026l[?2026h[?25l[A[1Gpulling manifest [K
pulling e7b273f96360:  53% ▕█████████         ▏ 7.2 GB/ 13 GB   30 MB/s   3m37s[K[?25h[?2026l[?2026h[?25l[A[1Gpulling manifest [K
pulling e7b273f96360:  53% ▕█████████         ▏ 7.2 GB/ 13 GB   30 MB/s   3m36s[K[?25h[?2026l[?2026h[?25l[A[1Gpulling manifest [K
pulling e7b273f96360:  53% ▕█████████         ▏ 7.3 GB/ 13 GB   30 MB/s   3m36s[K[?25h[?2026l[?2026h[?25l[A[1Gpulling manifest [K
pulling e7b273f96360:  53% ▕█████████         ▏ 7.3 GB/ 13 GB   30 MB/s   3m36s[K[?25h[?2026l[?2026h[?25l[A[1Gpulling manifest [K
pulling e7b273f96360:  53% ▕█████████         ▏ 7.3 GB/ 13 GB   30 MB/s   3m36s[K[?25h[?2026l[?2026h[?25l[A[1Gpulling manifest [K
pulling e7b273f96360:  53% ▕█████████         ▏ 7.3 GB/ 13 GB   30 MB/s   3m36s[K[?25h[?2026l[?2026h[?25l[A[1Gpulling manifest [K
pulling e7b273f96360:  53% ▕█████████         ▏ 7.3 GB/ 13 GB   30 MB/s   3m36s[K[?25h[?2026l[?2026h[?25l[A[1Gpulling manifest [K
pulling e7b273f96360:  53% ▕█████████         ▏ 7.3 GB/ 13 GB   30 MB/s   3m36s[K[?25h[?2026l[?2026h[?25l[A[1Gpulling manifest [K
pulling e7b273f96360:  53% ▕█████████         ▏ 7.3 GB/ 13 GB   30 MB/s   3m36s[K[?25h[?2026l[?2026h[?25l[A[1Gpulling manifest [K
pulling e7b273f96360:  53% ▕█████████         ▏ 7.3 GB/ 13 GB   30 MB/s   3m36s[K[?25h[?2026l[?2026h[?25l[A[1Gpulling manifest [K
pulling e7b273f96360:  53% ▕█████████         ▏ 7.3 GB/ 13 GB   30 MB/s   3m36s[K[?25h[?2026l[?2026h[?25l[A[1Gpulling manifest [K
pulling e7b273f96360:  53% ▕█████████         ▏ 7.3 GB/ 13 GB   30 MB/s   3m36s[K[?25h[?2026l[?2026h[?25l[A[1Gpulling manifest [K
pulling e7b273f96360:  53% ▕█████████         ▏ 7.3 GB/ 13 GB   30 MB/s   3m36s[K[?25h[?2026l[?2026h[?25l[A[1Gpulling manifest [K
pulling e7b273f96360:  53% ▕█████████         ▏ 7.3 GB/ 13 GB   30 MB/s   3m36s[K[?25h[?2026l[?2026h[?25l[A[1Gpulling manifest [K
pulling e7b273f96360:  53% ▕█████████         ▏ 7.3 GB/ 13 GB   30 MB/s   3m36s[K[?25h[?2026l[?2026h[?25l[A[1Gpulling manifest [K
pulling e7b273f96360:  53% ▕█████████         ▏ 7.3 GB/ 13 GB   30 MB/s   3m36s[K[?25h[?2026l[?2026h[?25l[A[1Gpulling manifest [K
pulling e7b273f96360:  53% ▕█████████         ▏ 7.3 GB/ 13 GB   30 MB/s   3m36s[K[?25h[?2026l[?2026h[?25l[A[1Gpulling manifest [K
pulling e7b273f96360:  53% ▕█████████         ▏ 7.3 GB/ 13 GB   30 MB/s   3m36s[K[?25h[?2026l[?2026h[?25l[A[1Gpulling manifest [K
pulling e7b273f96360:  53% ▕█████████         ▏ 7.3 GB/ 13 GB   30 MB/s   3m36s[K[?25h[?2026l[?2026h[?25l[A[1Gpulling manifest [K
pulling e7b273f96360:  53% ▕█████████         ▏ 7.3 GB/ 13 GB   30 MB/s   3m36s[K[?25h[?2026l[?2026h[?25l[A[1Gpulling manifest [K
pulling e7b273f96360:  53% ▕█████████         ▏ 7.3 GB/ 13 GB   29 MB/s   3m37s[K[?25h[?2026l[?2026h[?25l[A[1Gpulling manifest [K
pulling e7b273f96360:  53% ▕█████████         ▏ 7.3 GB/ 13 GB   29 MB/s   3m37s[K[?25h[?2026l[?2026h[?25l[A[1Gpulling manifest [K
pulling e7b273f96360:  53% ▕█████████         ▏ 7.3 GB/ 13 GB   29 MB/s   3m37s[K[?25h[?2026l[?2026h[?25l[A[1Gpulling manifest [K
pulling e7b273f96360:  53% ▕█████████         ▏ 7.3 GB/ 13 GB   29 MB/s   3m37s[K[?25h[?2026l[?2026h[?25l[A[1Gpulling manifest [K
pulling e7b273f96360:  53% ▕█████████         ▏ 7.3 GB/ 13 GB   29 MB/s   3m37s[K[?25h[?2026l[?2026h[?25l[A[1Gpulling manifest [K
pulling e7b273f96360:  53% ▕█████████         ▏ 7.3 GB/ 13 GB   29 MB/s   3m37s[K[?25h[?2026l[?2026h[?25l[A[1Gpulling manifest [K
pulling e7b273f96360:  53% ▕█████████         ▏ 7.3 GB/ 13 GB   29 MB/s   3m36s[K[?25h[?2026l[?2026h[?25l[A[1Gpulling manifest [K
pulling e7b273f96360:  53% ▕█████████         ▏ 7.3 GB/ 13 GB   29 MB/s   3m36s[K[?25h[?2026l[?2026h[?25l[A[1Gpulling manifest [K
pulling e7b273f96360:  53% ▕█████████         ▏ 7.3 GB/ 13 GB   29 MB/s   3m36s[K[?25h[?2026l[?2026h[?25l[A[1Gpulling manifest [K
pulling e7b273f96360:  53% ▕█████████         ▏ 7.3 GB/ 13 GB   29 MB/s   3m36s[K[?25h[?2026l[?2026h[?25l[A[1Gpulling manifest [K
pulling e7b273f96360:  53% ▕█████████         ▏ 7.3 GB/ 13 GB   29 MB/s   3m35s[K[?25h[?2026l[?2026h[?25l[A[1Gpulling manifest [K
pulling e7b273f96360:  53% ▕█████████         ▏ 7.3 GB/ 13 GB   29 MB/s   3m35s[K[?25h[?2026l[?2026h[?25l[A[1Gpulling manifest [K
pulling e7b273f96360:  53% ▕█████████         ▏ 7.3 GB/ 13 GB   29 MB/s   3m35s[K[?25h[?2026l[?2026h[?25l[A[1Gpulling manifest [K
pulling e7b273f96360:  53% ▕█████████         ▏ 7.3 GB/ 13 GB   29 MB/s   3m35s[K[?25h[?2026l[?2026h[?25l[A[1Gpulling manifest [K
pulling e7b273f96360:  53% ▕█████████         ▏ 7.3 GB/ 13 GB   29 MB/s   3m35s[K[?25h[?2026l[?2026h[?25l[A[1Gpulling manifest [K
pulling e7b273f96360:  53% ▕█████████         ▏ 7.3 GB/ 13 GB   29 MB/s   3m35s[K[?25h[?2026l[?2026h[?25l[A[1Gpulling manifest [K
pulling e7b273f96360:  53% ▕█████████         ▏ 7.3 GB/ 13 GB   29 MB/s   3m35s[K[?25h[?2026l[?2026h[?25l[A[1Gpulling manifest [K
pulling e7b273f96360:  53% ▕█████████         ▏ 7.4 GB/ 13 GB   29 MB/s   3m35s[K[?25h[?2026l[?2026h[?25l[A[1Gpulling manifest [K
pulling e7b273f96360:  53% ▕█████████         ▏ 7.4 GB/ 13 GB   29 MB/s   3m35s[K[?25h[?2026l[?2026h[?25l[A[1Gpulling manifest [K
pulling e7b273f96360:  53% ▕█████████         ▏ 7.4 GB/ 13 GB   29 MB/s   3m35s[K[?25h[?2026l[?2026h[?25l[A[1Gpulling manifest [K
pulling e7b273f96360:  53% ▕█████████         ▏ 7.4 GB/ 13 GB   29 MB/s   3m37s[K[?25h[?2026l[?2026h[?25l[A[1Gpulling manifest [K
pulling e7b273f96360:  53% ▕█████████         ▏ 7.4 GB/ 13 GB   29 MB/s   3m37s[K[?25h[?2026l[?2026h[?25l[A[1Gpulling manifest [K
pulling e7b273f96360:  53% ▕█████████         ▏ 7.4 GB/ 13 GB   29 MB/s   3m37s[K[?25h[?2026l[?2026h[?25l[A[1Gpulling manifest [K
pulling e7b273f96360:  53% ▕█████████         ▏ 7.4 GB/ 13 GB   29 MB/s   3m37s[K[?25h[?2026l[?2026h[?25l[A[1Gpulling manifest [K
pulling e7b273f96360:  53% ▕█████████         ▏ 7.4 GB/ 13 GB   29 MB/s   3m37s[K[?25h[?2026l[?2026h[?25l[A[1Gpulling manifest [K
pulling e7b273f96360:  53% ▕█████████         ▏ 7.4 GB/ 13 GB   29 MB/s   3m36s[K[?25h[?2026l[?2026h[?25l[A[1Gpulling manifest [K
pulling e7b273f96360:  53% ▕█████████         ▏ 7.4 GB/ 13 GB   29 MB/s   3m36s[K[?25h[?2026l[?2026h[?25l[A[1Gpulling manifest [K
pulling e7b273f96360:  53% ▕█████████         ▏ 7.4 GB/ 13 GB   29 MB/s   3m36s[K[?25h[?2026l[?2026h[?25l[A[1Gpulling manifest [K
pulling e7b273f96360:  54% ▕█████████         ▏ 7.4 GB/ 13 GB   29 MB/s   3m36s[K[?25h[?2026l[?2026h[?25l[A[1Gpulling manifest [K
pulling e7b273f96360:  54% ▕█████████         ▏ 7.4 GB/ 13 GB   29 MB/s   3m36s[K[?25h[?2026l[?2026h[?25l[A[1Gpulling manifest [K
pulling e7b273f96360:  54% ▕█████████         ▏ 7.4 GB/ 13 GB   29 MB/s   3m36s[K[?25h[?2026l[?2026h[?25l[A[1Gpulling manifest [K
pulling e7b273f96360:  54% ▕█████████         ▏ 7.4 GB/ 13 GB   29 MB/s   3m39s[K[?25h[?2026l[?2026h[?25l[A[1Gpulling manifest [K
pulling e7b273f96360:  54% ▕█████████         ▏ 7.4 GB/ 13 GB   29 MB/s   3m38s[K[?25h[?2026l[?2026h[?25l[A[1Gpulling manifest [K
pulling e7b273f96360:  54% ▕█████████         ▏ 7.4 GB/ 13 GB   29 MB/s   3m38s[K[?25h[?2026l[?2026h[?25l[A[1Gpulling manifest [K
pulling e7b273f96360:  54% ▕█████████         ▏ 7.4 GB/ 13 GB   29 MB/s   3m38s[K[?25h[?2026l[?2026h[?25l[A[1Gpulling manifest [K
pulling e7b273f96360:  54% ▕█████████         ▏ 7.4 GB/ 13 GB   29 MB/s   3m38s[K[?25h[?2026l[?2026h[?25l[A[1Gpulling manifest [K
pulling e7b273f96360:  54% ▕█████████         ▏ 7.4 GB/ 13 GB   29 MB/s   3m38s[K[?25h[?2026l[?2026h[?25l[A[1Gpulling manifest [K
pulling e7b273f96360:  54% ▕█████████         ▏ 7.4 GB/ 13 GB   29 MB/s   3m38s[K[?25h[?2026l[?2026h[?25l[A[1Gpulling manifest [K
pulling e7b273f96360:  54% ▕█████████         ▏ 7.4 GB/ 13 GB   29 MB/s   3m38s[K[?25h[?2026l[?2026h[?25l[A[1Gpulling manifest [K
pulling e7b273f96360:  54% ▕█████████         ▏ 7.4 GB/ 13 GB   29 MB/s   3m38s[K[?25h[?2026l[?2026h[?25l[A[1Gpulling manifest [K
pulling e7b273f96360:  54% ▕█████████         ▏ 7.4 GB/ 13 GB   29 MB/s   3m38s[K[?25h[?2026l[?2026h[?25l[A[1Gpulling manifest [K
pulling e7b273f96360:  54% ▕█████████         ▏ 7.4 GB/ 13 GB   29 MB/s   3m33s[K[?25h[?2026l[?2026h[?25l[A[1Gpulling manifest [K
pulling e7b273f96360:  54% ▕█████████         ▏ 7.4 GB/ 13 GB   29 MB/s   3m33s[K[?25h[?2026l[?2026h[?25l[A[1Gpulling manifest [K
pulling e7b273f96360:  54% ▕█████████         ▏ 7.4 GB/ 13 GB   29 MB/s   3m33s[K[?25h[?2026l[?2026h[?25l[A[1Gpulling manifest [K
pulling e7b273f96360:  54% ▕█████████         ▏ 7.4 GB/ 13 GB   29 MB/s   3m33s[K[?25h[?2026l[?2026h[?25l[A[1Gpulling manifest [K
pulling e7b273f96360:  54% ▕█████████         ▏ 7.4 GB/ 13 GB   29 MB/s   3m33s[K[?25h[?2026l[?2026h[?25l[A[1Gpulling manifest [K
pulling e7b273f96360:  54% ▕█████████         ▏ 7.4 GB/ 13 GB   29 MB/s   3m33s[K[?25h[?2026l[?2026h[?25l[A[1Gpulling manifest [K
pulling e7b273f96360:  54% ▕█████████         ▏ 7.4 GB/ 13 GB   29 MB/s   3m33s[K[?25h[?2026l[?2026h[?25l[A[1Gpulling manifest [K
pulling e7b273f96360:  54% ▕█████████         ▏ 7.4 GB/ 13 GB   29 MB/s   3m33s[K[?25h[?2026l[?2026h[?25l[A[1Gpulling manifest [K
pulling e7b273f96360:  54% ▕█████████         ▏ 7.5 GB/ 13 GB   29 MB/s   3m33s[K[?25h[?2026l[?2026h[?25l[A[1Gpulling manifest [K
pulling e7b273f96360:  54% ▕█████████         ▏ 7.5 GB/ 13 GB   29 MB/s   3m32s[K[?25h[?2026l[?2026h[?25l[A[1Gpulling manifest [K
pulling e7b273f96360:  54% ▕█████████         ▏ 7.5 GB/ 13 GB   29 MB/s   3m31s[K[?25h[?2026l[?2026h[?25l[A[1Gpulling manifest [K
pulling e7b273f96360:  54% ▕█████████         ▏ 7.5 GB/ 13 GB   29 MB/s   3m31s[K[?25h[?2026l[?2026h[?25l[A[1Gpulling manifest [K
pulling e7b273f96360:  54% ▕█████████         ▏ 7.5 GB/ 13 GB   29 MB/s   3m31s[K[?25h[?2026l[?2026h[?25l[A[1Gpulling manifest [K
pulling e7b273f96360:  54% ▕█████████         ▏ 7.5 GB/ 13 GB   29 MB/s   3m31s[K[?25h[?2026l[?2026h[?25l[A[1Gpulling manifest [K
pulling e7b273f96360:  54% ▕█████████         ▏ 7.5 GB/ 13 GB   29 MB/s   3m31s[K[?25h[?2026l[?2026h[?25l[A[1Gpulling manifest [K
pulling e7b273f96360:  54% ▕█████████         ▏ 7.5 GB/ 13 GB   29 MB/s   3m30s[K[?25h[?2026l[?2026h[?25l[A[1Gpulling manifest [K
pulling e7b273f96360:  54% ▕█████████         ▏ 7.5 GB/ 13 GB   29 MB/s   3m30s[K[?25h[?2026l[?2026h[?25l[A[1Gpulling manifest [K
pulling e7b273f96360:  54% ▕█████████         ▏ 7.5 GB/ 13 GB   29 MB/s   3m30s[K[?25h[?2026l[?2026h[?25l[A[1Gpulling manifest [K
pulling e7b273f96360:  54% ▕█████████         ▏ 7.5 GB/ 13 GB   29 MB/s   3m30s[K[?25h[?2026l[?2026h[?25l[A[1Gpulling manifest [K
pulling e7b273f96360:  54% ▕█████████         ▏ 7.5 GB/ 13 GB   29 MB/s   3m30s[K[?25h[?2026l[?2026h[?25l[A[1Gpulling manifest [K
pulling e7b273f96360:  54% ▕█████████         ▏ 7.5 GB/ 13 GB   30 MB/s   3m27s[K[?25h[?2026l[?2026h[?25l[A[1Gpulling manifest [K
pulling e7b273f96360:  54% ▕█████████         ▏ 7.5 GB/ 13 GB   30 MB/s   3m27s[K[?25h[?2026l[?2026h[?25l[A[1Gpulling manifest [K
pulling e7b273f96360:  54% ▕█████████         ▏ 7.5 GB/ 13 GB   30 MB/s   3m27s[K[?25h[?2026l[?2026h[?25l[A[1Gpulling manifest [K
pulling e7b273f96360:  54% ▕█████████         ▏ 7.5 GB/ 13 GB   30 MB/s   3m27s[K[?25h[?2026l[?2026h[?25l[A[1Gpulling manifest [K
pulling e7b273f96360:  54% ▕█████████         ▏ 7.5 GB/ 13 GB   30 MB/s   3m27s[K[?25h[?2026l[?2026h[?25l[A[1Gpulling manifest [K
pulling e7b273f96360:  54% ▕█████████         ▏ 7.5 GB/ 13 GB   30 MB/s   3m27s[K[?25h[?2026l[?2026h[?25l[A[1Gpulling manifest [K
pulling e7b273f96360:  54% ▕█████████         ▏ 7.5 GB/ 13 GB   30 MB/s   3m26s[K[?25h[?2026l[?2026h[?25l[A[1Gpulling manifest [K
pulling e7b273f96360:  54% ▕█████████         ▏ 7.5 GB/ 13 GB   30 MB/s   3m26s[K[?25h[?2026l[?2026h[?25l[A[1Gpulling manifest [K
pulling e7b273f96360:  54% ▕█████████         ▏ 7.5 GB/ 13 GB   30 MB/s   3m26s[K[?25h[?2026l[?2026h[?25l[A[1Gpulling manifest [K
pulling e7b273f96360:  55% ▕█████████         ▏ 7.5 GB/ 13 GB   30 MB/s   3m26s[K[?25h[?2026l[?2026h[?25l[A[1Gpulling manifest [K
pulling e7b273f96360:  55% ▕█████████         ▏ 7.5 GB/ 13 GB   30 MB/s   3m23s[K[?25h[?2026l[?2026h[?25l[A[1Gpulling manifest [K
pulling e7b273f96360:  55% ▕█████████         ▏ 7.5 GB/ 13 GB   30 MB/s   3m23s[K[?25h[?2026l[?2026h[?25l[A[1Gpulling manifest [K
pulling e7b273f96360:  55% ▕█████████         ▏ 7.5 GB/ 13 GB   30 MB/s   3m23s[K[?25h[?2026l[?2026h[?25l[A[1Gpulling manifest [K
pulling e7b273f96360:  55% ▕█████████         ▏ 7.5 GB/ 13 GB   30 MB/s   3m23s[K[?25h[?2026l[?2026h[?25l[A[1Gpulling manifest [K
pulling e7b273f96360:  55% ▕█████████         ▏ 7.5 GB/ 13 GB   30 MB/s   3m22s[K[?25h[?2026l[?2026h[?25l[A[1Gpulling manifest [K
pulling e7b273f96360:  55% ▕█████████         ▏ 7.5 GB/ 13 GB   30 MB/s   3m22s[K[?25h[?2026l[?2026h[?25l[A[1Gpulling manifest [K
pulling e7b273f96360:  55% ▕█████████         ▏ 7.5 GB/ 13 GB   30 MB/s   3m22s[K[?25h[?2026l[?2026h[?25l[A[1Gpulling manifest [K
pulling e7b273f96360:  55% ▕█████████         ▏ 7.5 GB/ 13 GB   30 MB/s   3m22s[K[?25h[?2026l[?2026h[?25l[A[1Gpulling manifest [K
pulling e7b273f96360:  55% ▕█████████         ▏ 7.5 GB/ 13 GB   30 MB/s   3m22s[K[?25h[?2026l[?2026h[?25l[A[1Gpulling manifest [K
pulling e7b273f96360:  55% ▕█████████         ▏ 7.5 GB/ 13 GB   30 MB/s   3m22s[K[?25h[?2026l[?2026h[?25l[A[1Gpulling manifest [K
pulling e7b273f96360:  55% ▕█████████         ▏ 7.6 GB/ 13 GB   30 MB/s   3m22s[K[?25h[?2026l[?2026h[?25l[A[1Gpulling manifest [K
pulling e7b273f96360:  55% ▕█████████         ▏ 7.6 GB/ 13 GB   30 MB/s   3m21s[K[?25h[?2026l[?2026h[?25l[A[1Gpulling manifest [K
pulling e7b273f96360:  55% ▕█████████         ▏ 7.6 GB/ 13 GB   30 MB/s   3m21s[K[?25h[?2026l[?2026h[?25l[A[1Gpulling manifest [K
pulling e7b273f96360:  55% ▕█████████         ▏ 7.6 GB/ 13 GB   30 MB/s   3m21s[K[?25h[?2026l[?2026h[?25l[A[1Gpulling manifest [K
pulling e7b273f96360:  55% ▕█████████         ▏ 7.6 GB/ 13 GB   30 MB/s   3m21s[K[?25h[?2026l[?2026h[?25l[A[1Gpulling manifest [K
pulling e7b273f96360:  55% ▕█████████         ▏ 7.6 GB/ 13 GB   30 MB/s   3m20s[K[?25h[?2026l[?2026h[?25l[A[1Gpulling manifest [K
pulling e7b273f96360:  55% ▕█████████         ▏ 7.6 GB/ 13 GB   30 MB/s   3m20s[K[?25h[?2026l[?2026h[?25l[A[1Gpulling manifest [K
pulling e7b273f96360:  55% ▕█████████         ▏ 7.6 GB/ 13 GB   30 MB/s   3m20s[K[?25h[?2026l[?2026h[?25l[A[1Gpulling manifest [K
pulling e7b273f96360:  55% ▕█████████         ▏ 7.6 GB/ 13 GB   30 MB/s   3m20s[K[?25h[?2026l[?2026h[?25l[A[1Gpulling manifest [K
pulling e7b273f96360:  55% ▕█████████         ▏ 7.6 GB/ 13 GB   30 MB/s   3m20s[K[?25h[?2026l[?2026h[?25l[A[1Gpulling manifest [K
pulling e7b273f96360:  55% ▕█████████         ▏ 7.6 GB/ 13 GB   30 MB/s   3m20s[K[?25h[?2026l[?2026h[?25l[A[1Gpulling manifest [K
pulling e7b273f96360:  55% ▕█████████         ▏ 7.6 GB/ 13 GB   31 MB/s   3m17s[K[?25h[?2026l[?2026h[?25l[A[1Gpulling manifest [K
pulling e7b273f96360:  55% ▕█████████         ▏ 7.6 GB/ 13 GB   31 MB/s   3m16s[K[?25h[?2026l[?2026h[?25l[A[1Gpulling manifest [K
pulling e7b273f96360:  55% ▕█████████         ▏ 7.6 GB/ 13 GB   31 MB/s   3m16s[K[?25h[?2026l[?2026h[?25l[A[1Gpulling manifest [K
pulling e7b273f96360:  55% ▕█████████         ▏ 7.6 GB/ 13 GB   31 MB/s   3m16s[K[?25h[?2026l[?2026h[?25l[A[1Gpulling manifest [K
pulling e7b273f96360:  55% ▕█████████         ▏ 7.6 GB/ 13 GB   31 MB/s   3m16s[K[?25h[?2026l[?2026h[?25l[A[1Gpulling manifest [K
pulling e7b273f96360:  55% ▕█████████         ▏ 7.6 GB/ 13 GB   31 MB/s   3m16s[K[?25h[?2026l[?2026h[?25l[A[1Gpulling manifest [K
pulling e7b273f96360:  55% ▕█████████         ▏ 7.6 GB/ 13 GB   31 MB/s   3m16s[K[?25h[?2026l[?2026h[?25l[A[1Gpulling manifest [K
pulling e7b273f96360:  55% ▕█████████         ▏ 7.6 GB/ 13 GB   31 MB/s   3m16s[K[?25h[?2026l[?2026h[?25l[A[1Gpulling manifest [K
pulling e7b273f96360:  55% ▕█████████         ▏ 7.6 GB/ 13 GB   31 MB/s   3m16s[K[?25h[?2026l[?2026h[?25l[A[1Gpulling manifest [K
pulling e7b273f96360:  55% ▕█████████         ▏ 7.6 GB/ 13 GB   31 MB/s   3m16s[K[?25h[?2026l[?2026h[?25l[A[1Gpulling manifest [K
pulling e7b273f96360:  55% ▕█████████         ▏ 7.6 GB/ 13 GB   32 MB/s   3m10s[K[?25h[?2026l[?2026h[?25l[A[1Gpulling manifest [K
pulling e7b273f96360:  55% ▕█████████         ▏ 7.6 GB/ 13 GB   32 MB/s   3m10s[K[?25h[?2026l[?2026h[?25l[A[1Gpulling manifest [K
pulling e7b273f96360:  55% ▕█████████         ▏ 7.6 GB/ 13 GB   32 MB/s   3m10s[K[?25h[?2026l[?2026h[?25l[A[1Gpulling manifest [K
pulling e7b273f96360:  55% ▕█████████         ▏ 7.6 GB/ 13 GB   32 MB/s   3m10s[K[?25h[?2026l[?2026h[?25l[A[1Gpulling manifest [K
pulling e7b273f96360:  55% ▕█████████         ▏ 7.6 GB/ 13 GB   32 MB/s   3m10s[K[?25h[?2026l[?2026h[?25l[A[1Gpulling manifest [K
pulling e7b273f96360:  55% ▕█████████         ▏ 7.6 GB/ 13 GB   32 MB/s   3m10s[K[?25h[?2026l[?2026h[?25l[A[1Gpulling manifest [K
pulling e7b273f96360:  55% ▕█████████         ▏ 7.6 GB/ 13 GB   32 MB/s    3m9s[K[?25h[?2026l[?2026h[?25l[A[1Gpulling manifest [K
pulling e7b273f96360:  55% ▕█████████         ▏ 7.7 GB/ 13 GB   32 MB/s    3m9s[K[?25h[?2026l[?2026h[?25l[A[1Gpulling manifest [K
pulling e7b273f96360:  55% ▕█████████         ▏ 7.7 GB/ 13 GB   32 MB/s    3m9s[K[?25h[?2026l[?2026h[?25l[A[1Gpulling manifest [K
pulling e7b273f96360:  55% ▕█████████         ▏ 7.7 GB/ 13 GB   32 MB/s    3m9s[K[?25h[?2026l[?2026h[?25l[A[1Gpulling manifest [K
pulling e7b273f96360:  56% ▕█████████         ▏ 7.7 GB/ 13 GB   33 MB/s    3m4s[K[?25h[?2026l[?2026h[?25l[A[1Gpulling manifest [K
pulling e7b273f96360:  56% ▕█████████         ▏ 7.7 GB/ 13 GB   33 MB/s    3m4s[K[?25h[?2026l[?2026h[?25l[A[1Gpulling manifest [K
pulling e7b273f96360:  56% ▕██████████        ▏ 7.7 GB/ 13 GB   33 MB/s    3m4s[K[?25h[?2026l[?2026h[?25l[A[1Gpulling manifest [K
pulling e7b273f96360:  56% ▕██████████        ▏ 7.7 GB/ 13 GB   33 MB/s    3m4s[K[?25h[?2026l[?2026h[?25l[A[1Gpulling manifest [K
pulling e7b273f96360:  56% ▕██████████        ▏ 7.7 GB/ 13 GB   33 MB/s    3m3s[K[?25h[?2026l[?2026h[?25l[A[1Gpulling manifest [K
pulling e7b273f96360:  56% ▕██████████        ▏ 7.7 GB/ 13 GB   33 MB/s    3m3s[K[?25h[?2026l[?2026h[?25l[A[1Gpulling manifest [K
pulling e7b273f96360:  56% ▕██████████        ▏ 7.7 GB/ 13 GB   33 MB/s    3m3s[K[?25h[?2026l[?2026h[?25l[A[1Gpulling manifest [K
pulling e7b273f96360:  56% ▕██████████        ▏ 7.7 GB/ 13 GB   33 MB/s    3m3s[K[?25h[?2026l[?2026h[?25l[A[1Gpulling manifest [K
pulling e7b273f96360:  56% ▕██████████        ▏ 7.7 GB/ 13 GB   33 MB/s    3m3s[K[?25h[?2026l[?2026h[?25l[A[1Gpulling manifest [K
pulling e7b273f96360:  56% ▕██████████        ▏ 7.7 GB/ 13 GB   33 MB/s    3m3s[K[?25h[?2026l[?2026h[?25l[A[1Gpulling manifest [K
pulling e7b273f96360:  56% ▕██████████        ▏ 7.7 GB/ 13 GB   33 MB/s    3m1s[K[?25h[?2026l[?2026h[?25l[A[1Gpulling manifest [K
pulling e7b273f96360:  56% ▕██████████        ▏ 7.7 GB/ 13 GB   33 MB/s    3m1s[K[?25h[?2026l[?2026h[?25l[A[1Gpulling manifest [K
pulling e7b273f96360:  56% ▕██████████        ▏ 7.7 GB/ 13 GB   33 MB/s    3m1s[K[?25h[?2026l[?2026h[?25l[A[1Gpulling manifest [K
pulling e7b273f96360:  56% ▕██████████        ▏ 7.7 GB/ 13 GB   33 MB/s    3m1s[K[?25h[?2026l[?2026h[?25l[A[1Gpulling manifest [K
pulling e7b273f96360:  56% ▕██████████        ▏ 7.7 GB/ 13 GB   33 MB/s    3m1s[K[?25h[?2026l[?2026h[?25l[A[1Gpulling manifest [K
pulling e7b273f96360:  56% ▕██████████        ▏ 7.7 GB/ 13 GB   33 MB/s    3m1s[K[?25h[?2026l[?2026h[?25l[A[1Gpulling manifest [K
pulling e7b273f96360:  56% ▕██████████        ▏ 7.7 GB/ 13 GB   33 MB/s    3m0s[K[?25h[?2026l[?2026h[?25l[A[1Gpulling manifest [K
pulling e7b273f96360:  56% ▕██████████        ▏ 7.7 GB/ 13 GB   33 MB/s    3m0s[K[?25h[?2026l[?2026h[?25l[A[1Gpulling manifest [K
pulling e7b273f96360:  56% ▕██████████        ▏ 7.7 GB/ 13 GB   33 MB/s    3m0s[K[?25h[?2026l[?2026h[?25l[A[1Gpulling manifest [K
pulling e7b273f96360:  56% ▕██████████        ▏ 7.7 GB/ 13 GB   33 MB/s    3m0s[K[?25h[?2026l[?2026h[?25l[A[1Gpulling manifest [K
pulling e7b273f96360:  56% ▕██████████        ▏ 7.7 GB/ 13 GB   33 MB/s    3m0s[K[?25h[?2026l[?2026h[?25l[A[1Gpulling manifest [K
pulling e7b273f96360:  56% ▕██████████        ▏ 7.7 GB/ 13 GB   33 MB/s    3m3s[K[?25h[?2026l[?2026h[?25l[A[1Gpulling manifest [K
pulling e7b273f96360:  56% ▕██████████        ▏ 7.7 GB/ 13 GB   33 MB/s    3m3s[K[?25h[?2026l[?2026h[?25l[A[1Gpulling manifest [K
pulling e7b273f96360:  56% ▕██████████        ▏ 7.7 GB/ 13 GB   33 MB/s    3m3s[K[?25h[?2026l[?2026h[?25l[A[1Gpulling manifest [K
pulling e7b273f96360:  56% ▕██████████        ▏ 7.7 GB/ 13 GB   33 MB/s    3m3s[K[?25h[?2026l[?2026h[?25l[A[1Gpulling manifest [K
pulling e7b273f96360:  56% ▕██████████        ▏ 7.7 GB/ 13 GB   33 MB/s    3m3s[K[?25h[?2026l[?2026h[?25l[A[1Gpulling manifest [K
pulling e7b273f96360:  56% ▕██████████        ▏ 7.7 GB/ 13 GB   33 MB/s    3m2s[K[?25h[?2026l[?2026h[?25l[A[1Gpulling manifest [K
pulling e7b273f96360:  56% ▕██████████        ▏ 7.7 GB/ 13 GB   33 MB/s    3m2s[K[?25h[?2026l[?2026h[?25l[A[1Gpulling manifest [K
pulling e7b273f96360:  56% ▕██████████        ▏ 7.7 GB/ 13 GB   33 MB/s    3m2s[K[?25h[?2026l[?2026h[?25l[A[1Gpulling manifest [K
pulling e7b273f96360:  56% ▕██████████        ▏ 7.7 GB/ 13 GB   33 MB/s    3m2s[K[?25h[?2026l[?2026h[?25l[A[1Gpulling manifest [K
pulling e7b273f96360:  56% ▕██████████        ▏ 7.7 GB/ 13 GB   33 MB/s    3m2s[K[?25h[?2026l[?2026h[?25l[A[1Gpulling manifest [K
pulling e7b273f96360:  56% ▕██████████        ▏ 7.8 GB/ 13 GB   32 MB/s    3m5s[K[?25h[?2026l[?2026h[?25l[A[1Gpulling manifest [K
pulling e7b273f96360:  56% ▕██████████        ▏ 7.8 GB/ 13 GB   32 MB/s    3m5s[K[?25h[?2026l[?2026h[?25l[A[1Gpulling manifest [K
pulling e7b273f96360:  56% ▕██████████        ▏ 7.8 GB/ 13 GB   32 MB/s    3m5s[K[?25h[?2026l[?2026h[?25l[A[1Gpulling manifest [K
pulling e7b273f96360:  56% ▕██████████        ▏ 7.8 GB/ 13 GB   32 MB/s    3m5s[K[?25h[?2026l[?2026h[?25l[A[1Gpulling manifest [K
pulling e7b273f96360:  56% ▕██████████        ▏ 7.8 GB/ 13 GB   32 MB/s    3m5s[K[?25h[?2026l[?2026h[?25l[A[1Gpulling manifest [K
pulling e7b273f96360:  56% ▕██████████        ▏ 7.8 GB/ 13 GB   32 MB/s    3m4s[K[?25h[?2026l[?2026h[?25l[A[1Gpulling manifest [K
pulling e7b273f96360:  56% ▕██████████        ▏ 7.8 GB/ 13 GB   32 MB/s    3m4s[K[?25h[?2026l[?2026h[?25l[A[1Gpulling manifest [K
pulling e7b273f96360:  56% ▕██████████        ▏ 7.8 GB/ 13 GB   32 MB/s    3m4s[K[?25h[?2026l[?2026h[?25l[A[1Gpulling manifest [K
pulling e7b273f96360:  56% ▕██████████        ▏ 7.8 GB/ 13 GB   32 MB/s    3m4s[K[?25h[?2026l[?2026h[?25l[A[1Gpulling manifest [K
pulling e7b273f96360:  56% ▕██████████        ▏ 7.8 GB/ 13 GB   32 MB/s    3m4s[K[?25h[?2026l[?2026h[?25l[A[1Gpulling manifest [K
pulling e7b273f96360:  56% ▕██████████        ▏ 7.8 GB/ 13 GB   32 MB/s    3m5s[K[?25h[?2026l[?2026h[?25l[A[1Gpulling manifest [K
pulling e7b273f96360:  56% ▕██████████        ▏ 7.8 GB/ 13 GB   32 MB/s    3m5s[K[?25h[?2026l[?2026h[?25l[A[1Gpulling manifest [K
pulling e7b273f96360:  56% ▕██████████        ▏ 7.8 GB/ 13 GB   32 MB/s    3m5s[K[?25h[?2026l[?2026h[?25l[A[1Gpulling manifest [K
pulling e7b273f96360:  56% ▕██████████        ▏ 7.8 GB/ 13 GB   32 MB/s    3m5s[K[?25h[?2026l[?2026h[?25l[A[1Gpulling manifest [K
pulling e7b273f96360:  57% ▕██████████        ▏ 7.8 GB/ 13 GB   32 MB/s    3m5s[K[?25h[?2026l[?2026h[?25l[A[1Gpulling manifest [K
pulling e7b273f96360:  57% ▕██████████        ▏ 7.8 GB/ 13 GB   32 MB/s    3m4s[K[?25h[?2026l[?2026h[?25l[A[1Gpulling manifest [K
pulling e7b273f96360:  57% ▕██████████        ▏ 7.8 GB/ 13 GB   32 MB/s    3m4s[K[?25h[?2026l[?2026h[?25l[A[1Gpulling manifest [K
pulling e7b273f96360:  57% ▕██████████        ▏ 7.8 GB/ 13 GB   32 MB/s    3m4s[K[?25h[?2026l[?2026h[?25l[A[1Gpulling manifest [K
pulling e7b273f96360:  57% ▕██████████        ▏ 7.8 GB/ 13 GB   32 MB/s    3m4s[K[?25h[?2026l[?2026h[?25l[A[1Gpulling manifest [K
pulling e7b273f96360:  57% ▕██████████        ▏ 7.8 GB/ 13 GB   32 MB/s    3m4s[K[?25h[?2026l[?2026h[?25l[A[1Gpulling manifest [K
pulling e7b273f96360:  57% ▕██████████        ▏ 7.8 GB/ 13 GB   32 MB/s    3m5s[K[?25h[?2026l[?2026h[?25l[A[1Gpulling manifest [K
pulling e7b273f96360:  57% ▕██████████        ▏ 7.8 GB/ 13 GB   32 MB/s    3m5s[K[?25h[?2026l[?2026h[?25l[A[1Gpulling manifest [K
pulling e7b273f96360:  57% ▕██████████        ▏ 7.8 GB/ 13 GB   32 MB/s    3m5s[K[?25h[?2026l[?2026h[?25l[A[1Gpulling manifest [K
pulling e7b273f96360:  57% ▕██████████        ▏ 7.8 GB/ 13 GB   32 MB/s    3m5s[K[?25h[?2026l[?2026h[?25l[A[1Gpulling manifest [K
pulling e7b273f96360:  57% ▕██████████        ▏ 7.8 GB/ 13 GB   32 MB/s    3m5s[K[?25h[?2026l[?2026h[?25l[A[1Gpulling manifest [K
pulling e7b273f96360:  57% ▕██████████        ▏ 7.8 GB/ 13 GB   32 MB/s    3m5s[K[?25h[?2026l[?2026h[?25l[A[1Gpulling manifest [K
pulling e7b273f96360:  57% ▕██████████        ▏ 7.8 GB/ 13 GB   32 MB/s    3m5s[K[?25h[?2026l[?2026h[?25l[A[1Gpulling manifest [K
pulling e7b273f96360:  57% ▕██████████        ▏ 7.8 GB/ 13 GB   32 MB/s    3m5s[K[?25h[?2026l[?2026h[?25l[A[1Gpulling manifest [K
pulling e7b273f96360:  57% ▕██████████        ▏ 7.8 GB/ 13 GB   32 MB/s    3m5s[K[?25h[?2026l[?2026h[?25l[A[1Gpulling manifest [K
pulling e7b273f96360:  57% ▕██████████        ▏ 7.8 GB/ 13 GB   32 MB/s    3m4s[K[?25h[?2026l[?2026h[?25l[A[1Gpulling manifest [K
pulling e7b273f96360:  57% ▕██████████        ▏ 7.8 GB/ 13 GB   31 MB/s    3m6s[K[?25h[?2026l[?2026h[?25l[A[1Gpulling manifest [K
pulling e7b273f96360:  57% ▕██████████        ▏ 7.8 GB/ 13 GB   31 MB/s    3m6s[K[?25h[?2026l[?2026h[?25l[A[1Gpulling manifest [K
pulling e7b273f96360:  57% ▕██████████        ▏ 7.8 GB/ 13 GB   31 MB/s    3m6s[K[?25h[?2026l[?2026h[?25l[A[1Gpulling manifest [K
pulling e7b273f96360:  57% ▕██████████        ▏ 7.9 GB/ 13 GB   31 MB/s    3m6s[K[?25h[?2026l[?2026h[?25l[A[1Gpulling manifest [K
pulling e7b273f96360:  57% ▕██████████        ▏ 7.9 GB/ 13 GB   31 MB/s    3m6s[K[?25h[?2026l[?2026h[?25l[A[1Gpulling manifest [K
pulling e7b273f96360:  57% ▕██████████        ▏ 7.9 GB/ 13 GB   31 MB/s    3m5s[K[?25h[?2026l[?2026h[?25l[A[1Gpulling manifest [K
pulling e7b273f96360:  57% ▕██████████        ▏ 7.9 GB/ 13 GB   31 MB/s    3m5s[K[?25h[?2026l[?2026h[?25l[A[1Gpulling manifest [K
pulling e7b273f96360:  57% ▕██████████        ▏ 7.9 GB/ 13 GB   31 MB/s    3m5s[K[?25h[?2026l[?2026h[?25l[A[1Gpulling manifest [K
pulling e7b273f96360:  57% ▕██████████        ▏ 7.9 GB/ 13 GB   31 MB/s    3m5s[K[?25h[?2026l[?2026h[?25l[A[1Gpulling manifest [K
pulling e7b273f96360:  57% ▕██████████        ▏ 7.9 GB/ 13 GB   31 MB/s    3m5s[K[?25h[?2026l[?2026h[?25l[A[1Gpulling manifest [K
pulling e7b273f96360:  57% ▕██████████        ▏ 7.9 GB/ 13 GB   31 MB/s    3m5s[K[?25h[?2026l[?2026h[?25l[A[1Gpulling manifest [K
pulling e7b273f96360:  57% ▕██████████        ▏ 7.9 GB/ 13 GB   31 MB/s    3m8s[K[?25h[?2026l[?2026h[?25l[A[1Gpulling manifest [K
pulling e7b273f96360:  57% ▕██████████        ▏ 7.9 GB/ 13 GB   31 MB/s    3m7s[K[?25h[?2026l[?2026h[?25l[A[1Gpulling manifest [K
pulling e7b273f96360:  57% ▕██████████        ▏ 7.9 GB/ 13 GB   31 MB/s    3m7s[K[?25h[?2026l[?2026h[?25l[A[1Gpulling manifest [K
pulling e7b273f96360:  57% ▕██████████        ▏ 7.9 GB/ 13 GB   31 MB/s    3m7s[K[?25h[?2026l[?2026h[?25l[A[1Gpulling manifest [K
pulling e7b273f96360:  57% ▕██████████        ▏ 7.9 GB/ 13 GB   31 MB/s    3m7s[K[?25h[?2026l[?2026h[?25l[A[1Gpulling manifest [K
pulling e7b273f96360:  57% ▕██████████        ▏ 7.9 GB/ 13 GB   31 MB/s    3m7s[K[?25h[?2026l[?2026h[?25l[A[1Gpulling manifest [K
pulling e7b273f96360:  57% ▕██████████        ▏ 7.9 GB/ 13 GB   31 MB/s    3m7s[K[?25h[?2026l[?2026h[?25l[A[1Gpulling manifest [K
pulling e7b273f96360:  57% ▕██████████        ▏ 7.9 GB/ 13 GB   31 MB/s    3m7s[K[?25h[?2026l[?2026h[?25l[A[1Gpulling manifest [K
pulling e7b273f96360:  57% ▕██████████        ▏ 7.9 GB/ 13 GB   31 MB/s    3m7s[K[?25h[?2026l[?2026h[?25l[A[1Gpulling manifest [K
pulling e7b273f96360:  57% ▕██████████        ▏ 7.9 GB/ 13 GB   31 MB/s    3m7s[K[?25h[?2026l[?2026h[?25l[A[1Gpulling manifest [K
pulling e7b273f96360:  57% ▕██████████        ▏ 7.9 GB/ 13 GB   30 MB/s   3m10s[K[?25h[?2026l[?2026h[?25l[A[1Gpulling manifest [K
pulling e7b273f96360:  57% ▕██████████        ▏ 7.9 GB/ 13 GB   30 MB/s   3m10s[K[?25h[?2026l[?2026h[?25l[A[1Gpulling manifest [K
pulling e7b273f96360:  57% ▕██████████        ▏ 7.9 GB/ 13 GB   30 MB/s   3m10s[K[?25h[?2026l[?2026h[?25l[A[1Gpulling manifest [K
pulling e7b273f96360:  57% ▕██████████        ▏ 7.9 GB/ 13 GB   30 MB/s   3m10s[K[?25h[?2026l[?2026h[?25l[A[1Gpulling manifest [K
pulling e7b273f96360:  57% ▕██████████        ▏ 7.9 GB/ 13 GB   30 MB/s   3m10s[K[?25h[?2026l[?2026h[?25l[A[1Gpulling manifest [K
pulling e7b273f96360:  57% ▕██████████        ▏ 7.9 GB/ 13 GB   30 MB/s    3m9s[K[?25h[?2026l[?2026h[?25l[A[1Gpulling manifest [K
pulling e7b273f96360:  57% ▕██████████        ▏ 7.9 GB/ 13 GB   30 MB/s    3m9s[K[?25h[?2026l[?2026h[?25l[A[1Gpulling manifest [K
pulling e7b273f96360:  57% ▕██████████        ▏ 7.9 GB/ 13 GB   30 MB/s    3m9s[K[?25h[?2026l[?2026h[?25l[A[1Gpulling manifest [K
pulling e7b273f96360:  57% ▕██████████        ▏ 7.9 GB/ 13 GB   30 MB/s    3m9s[K[?25h[?2026l[?2026h[?25l[A[1Gpulling manifest [K
pulling e7b273f96360:  58% ▕██████████        ▏ 7.9 GB/ 13 GB   30 MB/s    3m9s[K[?25h[?2026l[?2026h[?25l[A[1Gpulling manifest [K
pulling e7b273f96360:  58% ▕██████████        ▏ 7.9 GB/ 13 GB   30 MB/s   3m12s[K[?25h[?2026l[?2026h[?25l[A[1Gpulling manifest [K
pulling e7b273f96360:  58% ▕██████████        ▏ 7.9 GB/ 13 GB   30 MB/s   3m12s[K[?25h[?2026l[?2026h[?25l[A[1Gpulling manifest [K
pulling e7b273f96360:  58% ▕██████████        ▏ 7.9 GB/ 13 GB   30 MB/s   3m11s[K[?25h[?2026l[?2026h[?25l[A[1Gpulling manifest [K
pulling e7b273f96360:  58% ▕██████████        ▏ 7.9 GB/ 13 GB   30 MB/s   3m11s[K[?25h[?2026l[?2026h[?25l[A[1Gpulling manifest [K
pulling e7b273f96360:  58% ▕██████████        ▏ 7.9 GB/ 13 GB   30 MB/s   3m11s[K[?25h[?2026l[?2026h[?25l[A[1Gpulling manifest [K
pulling e7b273f96360:  58% ▕██████████        ▏ 8.0 GB/ 13 GB   30 MB/s   3m11s[K[?25h[?2026l[?2026h[?25l[A[1Gpulling manifest [K
pulling e7b273f96360:  58% ▕██████████        ▏ 8.0 GB/ 13 GB   30 MB/s   3m11s[K[?25h[?2026l[?2026h[?25l[A[1Gpulling manifest [K
pulling e7b273f96360:  58% ▕██████████        ▏ 8.0 GB/ 13 GB   30 MB/s   3m11s[K[?25h[?2026l[?2026h[?25l[A[1Gpulling manifest [K
pulling e7b273f96360:  58% ▕██████████        ▏ 8.0 GB/ 13 GB   30 MB/s   3m11s[K[?25h[?2026l[?2026h[?25l[A[1Gpulling manifest [K
pulling e7b273f96360:  58% ▕██████████        ▏ 8.0 GB/ 13 GB   30 MB/s   3m11s[K[?25h[?2026l[?2026h[?25l[A[1Gpulling manifest [K
pulling e7b273f96360:  58% ▕██████████        ▏ 8.0 GB/ 13 GB   30 MB/s   3m13s[K[?25h[?2026l[?2026h[?25l[A[1Gpulling manifest [K
pulling e7b273f96360:  58% ▕██████████        ▏ 8.0 GB/ 13 GB   30 MB/s   3m13s[K[?25h[?2026l[?2026h[?25l[A[1Gpulling manifest [K
pulling e7b273f96360:  58% ▕██████████        ▏ 8.0 GB/ 13 GB   30 MB/s   3m13s[K[?25h[?2026l[?2026h[?25l[A[1Gpulling manifest [K
pulling e7b273f96360:  58% ▕██████████        ▏ 8.0 GB/ 13 GB   30 MB/s   3m13s[K[?25h[?2026l[?2026h[?25l[A[1Gpulling manifest [K
pulling e7b273f96360:  58% ▕██████████        ▏ 8.0 GB/ 13 GB   30 MB/s   3m13s[K[?25h[?2026l[?2026h[?25l[A[1Gpulling manifest [K
pulling e7b273f96360:  58% ▕██████████        ▏ 8.0 GB/ 13 GB   30 MB/s   3m13s[K[?25h[?2026l[?2026h[?25l[A[1Gpulling manifest [K
pulling e7b273f96360:  58% ▕██████████        ▏ 8.0 GB/ 13 GB   30 MB/s   3m13s[K[?25h[?2026l[?2026h[?25l[A[1Gpulling manifest [K
pulling e7b273f96360:  58% ▕██████████        ▏ 8.0 GB/ 13 GB   30 MB/s   3m12s[K[?25h[?2026l[?2026h[?25l[A[1Gpulling manifest [K
pulling e7b273f96360:  58% ▕██████████        ▏ 8.0 GB/ 13 GB   30 MB/s   3m12s[K[?25h[?2026l[?2026h[?25l[A[1Gpulling manifest [K
pulling e7b273f96360:  58% ▕██████████        ▏ 8.0 GB/ 13 GB   30 MB/s   3m12s[K[?25h[?2026l[?2026h[?25l[A[1Gpulling manifest [K
pulling e7b273f96360:  58% ▕██████████        ▏ 8.0 GB/ 13 GB   30 MB/s   3m10s[K[?25h[?2026l[?2026h[?25l[A[1Gpulling manifest [K
pulling e7b273f96360:  58% ▕██████████        ▏ 8.0 GB/ 13 GB   30 MB/s   3m10s[K[?25h[?2026l[?2026h[?25l[A[1Gpulling manifest [K
pulling e7b273f96360:  58% ▕██████████        ▏ 8.0 GB/ 13 GB   30 MB/s   3m10s[K[?25h[?2026l[?2026h[?25l[A[1Gpulling manifest [K
pulling e7b273f96360:  58% ▕██████████        ▏ 8.0 GB/ 13 GB   30 MB/s   3m10s[K[?25h[?2026l[?2026h[?25l[A[1Gpulling manifest [K
pulling e7b273f96360:  58% ▕██████████        ▏ 8.0 GB/ 13 GB   30 MB/s   3m10s[K[?25h[?2026l[?2026h[?25l[A[1Gpulling manifest [K
pulling e7b273f96360:  58% ▕██████████        ▏ 8.0 GB/ 13 GB   30 MB/s   3m10s[K[?25h[?2026l[?2026h[?25l[A[1Gpulling manifest [K
pulling e7b273f96360:  58% ▕██████████        ▏ 8.0 GB/ 13 GB   30 MB/s   3m10s[K[?25h[?2026l[?2026h[?25l[A[1Gpulling manifest [K
pulling e7b273f96360:  58% ▕██████████        ▏ 8.0 GB/ 13 GB   30 MB/s   3m10s[K[?25h[?2026l[?2026h[?25l[A[1Gpulling manifest [K
pulling e7b273f96360:  58% ▕██████████        ▏ 8.0 GB/ 13 GB   30 MB/s    3m9s[K[?25h[?2026l[?2026h[?25l[A[1Gpulling manifest [K
pulling e7b273f96360:  58% ▕██████████        ▏ 8.0 GB/ 13 GB   30 MB/s    3m9s[K[?25h[?2026l[?2026h[?25l[A[1Gpulling manifest [K
pulling e7b273f96360:  58% ▕██████████        ▏ 8.0 GB/ 13 GB   30 MB/s    3m9s[K[?25h[?2026l[?2026h[?25l[A[1Gpulling manifest [K
pulling e7b273f96360:  58% ▕██████████        ▏ 8.0 GB/ 13 GB   30 MB/s    3m6s[K[?25h[?2026l[?2026h[?25l[A[1Gpulling manifest [K
pulling e7b273f96360:  58% ▕██████████        ▏ 8.0 GB/ 13 GB   30 MB/s    3m6s[K[?25h[?2026l[?2026h[?25l[A[1Gpulling manifest [K
pulling e7b273f96360:  58% ▕██████████        ▏ 8.0 GB/ 13 GB   30 MB/s    3m6s[K[?25h[?2026l[?2026h[?25l[A[1Gpulling manifest [K
pulling e7b273f96360:  58% ▕██████████        ▏ 8.0 GB/ 13 GB   30 MB/s    3m6s[K[?25h[?2026l[?2026h[?25l[A[1Gpulling manifest [K
pulling e7b273f96360:  58% ▕██████████        ▏ 8.0 GB/ 13 GB   30 MB/s    3m6s[K[?25h[?2026l[?2026h[?25l[A[1Gpulling manifest [K
pulling e7b273f96360:  58% ▕██████████        ▏ 8.0 GB/ 13 GB   30 MB/s    3m6s[K[?25h[?2026l[?2026h[?25l[A[1Gpulling manifest [K
pulling e7b273f96360:  58% ▕██████████        ▏ 8.1 GB/ 13 GB   30 MB/s    3m5s[K[?25h[?2026l[?2026h[?25l[A[1Gpulling manifest [K
pulling e7b273f96360:  58% ▕██████████        ▏ 8.1 GB/ 13 GB   30 MB/s    3m5s[K[?25h[?2026l[?2026h[?25l[A[1Gpulling manifest [K
pulling e7b273f96360:  58% ▕██████████        ▏ 8.1 GB/ 13 GB   30 MB/s    3m5s[K[?25h[?2026l[?2026h[?25l[A[1Gpulling manifest [K
pulling e7b273f96360:  58% ▕██████████        ▏ 8.1 GB/ 13 GB   30 MB/s    3m5s[K[?25h[?2026l[?2026h[?25l[A[1Gpulling manifest [K
pulling e7b273f96360:  58% ▕██████████        ▏ 8.1 GB/ 13 GB   31 MB/s    3m2s[K[?25h[?2026l[?2026h[?25l[A[1Gpulling manifest [K
pulling e7b273f96360:  58% ▕██████████        ▏ 8.1 GB/ 13 GB   31 MB/s    3m1s[K[?25h[?2026l[?2026h[?25l[A[1Gpulling manifest [K
pulling e7b273f96360:  59% ▕██████████        ▏ 8.1 GB/ 13 GB   31 MB/s    3m1s[K[?25h[?2026l[?2026h[?25l[A[1Gpulling manifest [K
pulling e7b273f96360:  59% ▕██████████        ▏ 8.1 GB/ 13 GB   31 MB/s    3m1s[K[?25h[?2026l[?2026h[?25l[A[1Gpulling manifest [K
pulling e7b273f96360:  59% ▕██████████        ▏ 8.1 GB/ 13 GB   31 MB/s    3m1s[K[?25h[?2026l[?2026h[?25l[A[1Gpulling manifest [K
pulling e7b273f96360:  59% ▕██████████        ▏ 8.1 GB/ 13 GB   31 MB/s    3m1s[K[?25h[?2026l[?2026h[?25l[A[1Gpulling manifest [K
pulling e7b273f96360:  59% ▕██████████        ▏ 8.1 GB/ 13 GB   31 MB/s    3m1s[K[?25h[?2026l[?2026h[?25l[A[1Gpulling manifest [K
pulling e7b273f96360:  59% ▕██████████        ▏ 8.1 GB/ 13 GB   31 MB/s    3m1s[K[?25h[?2026l[?2026h[?25l[A[1Gpulling manifest [K
pulling e7b273f96360:  59% ▕██████████        ▏ 8.1 GB/ 13 GB   31 MB/s    3m1s[K[?25h[?2026l[?2026h[?25l[A[1Gpulling manifest [K
pulling e7b273f96360:  59% ▕██████████        ▏ 8.1 GB/ 13 GB   31 MB/s    3m1s[K[?25h[?2026l[?2026h[?25l[A[1Gpulling manifest [K
pulling e7b273f96360:  59% ▕██████████        ▏ 8.1 GB/ 13 GB   31 MB/s   2m59s[K[?25h[?2026l[?2026h[?25l[A[1Gpulling manifest [K
pulling e7b273f96360:  59% ▕██████████        ▏ 8.1 GB/ 13 GB   31 MB/s   2m59s[K[?25h[?2026l[?2026h[?25l[A[1Gpulling manifest [K
pulling e7b273f96360:  59% ▕██████████        ▏ 8.1 GB/ 13 GB   31 MB/s   2m59s[K[?25h[?2026l[?2026h[?25l[A[1Gpulling manifest [K
pulling e7b273f96360:  59% ▕██████████        ▏ 8.1 GB/ 13 GB   31 MB/s   2m59s[K[?25h[?2026l[?2026h[?25l[A[1Gpulling manifest [K
pulling e7b273f96360:  59% ▕██████████        ▏ 8.1 GB/ 13 GB   31 MB/s   2m59s[K[?25h[?2026l[?2026h[?25l[A[1Gpulling manifest [K
pulling e7b273f96360:  59% ▕██████████        ▏ 8.1 GB/ 13 GB   31 MB/s   2m58s[K[?25h[?2026l[?2026h[?25l[A[1Gpulling manifest [K
pulling e7b273f96360:  59% ▕██████████        ▏ 8.1 GB/ 13 GB   31 MB/s   2m58s[K[?25h[?2026l[?2026h[?25l[A[1Gpulling manifest [K
pulling e7b273f96360:  59% ▕██████████        ▏ 8.1 GB/ 13 GB   31 MB/s   2m58s[K[?25h[?2026l[?2026h[?25l[A[1Gpulling manifest [K
pulling e7b273f96360:  59% ▕██████████        ▏ 8.1 GB/ 13 GB   31 MB/s   2m58s[K[?25h[?2026l[?2026h[?25l[A[1Gpulling manifest [K
pulling e7b273f96360:  59% ▕██████████        ▏ 8.1 GB/ 13 GB   31 MB/s   2m58s[K[?25h[?2026l[?2026h[?25l[A[1Gpulling manifest [K
pulling e7b273f96360:  59% ▕██████████        ▏ 8.1 GB/ 13 GB   32 MB/s   2m56s[K[?25h[?2026l[?2026h[?25l[A[1Gpulling manifest [K
pulling e7b273f96360:  59% ▕██████████        ▏ 8.1 GB/ 13 GB   32 MB/s   2m56s[K[?25h[?2026l[?2026h[?25l[A[1Gpulling manifest [K
pulling e7b273f96360:  59% ▕██████████        ▏ 8.1 GB/ 13 GB   32 MB/s   2m56s[K[?25h[?2026l[?2026h[?25l[A[1Gpulling manifest [K
pulling e7b273f96360:  59% ▕██████████        ▏ 8.1 GB/ 13 GB   32 MB/s   2m55s[K[?25h[?2026l[?2026h[?25l[A[1Gpulling manifest [K
pulling e7b273f96360:  59% ▕██████████        ▏ 8.1 GB/ 13 GB   32 MB/s   2m55s[K[?25h[?2026l[?2026h[?25l[A[1Gpulling manifest [K
pulling e7b273f96360:  59% ▕██████████        ▏ 8.1 GB/ 13 GB   32 MB/s   2m55s[K[?25h[?2026l[?2026h[?25l[A[1Gpulling manifest [K
pulling e7b273f96360:  59% ▕██████████        ▏ 8.2 GB/ 13 GB   32 MB/s   2m55s[K[?25h[?2026l[?2026h[?25l[A[1Gpulling manifest [K
pulling e7b273f96360:  59% ▕██████████        ▏ 8.2 GB/ 13 GB   32 MB/s   2m55s[K[?25h[?2026l[?2026h[?25l[A[1Gpulling manifest [K
pulling e7b273f96360:  59% ▕██████████        ▏ 8.2 GB/ 13 GB   32 MB/s   2m55s[K[?25h[?2026l[?2026h[?25l[A[1Gpulling manifest [K
pulling e7b273f96360:  59% ▕██████████        ▏ 8.2 GB/ 13 GB   32 MB/s   2m55s[K[?25h[?2026l[?2026h[?25l[A[1Gpulling manifest [K
pulling e7b273f96360:  59% ▕██████████        ▏ 8.2 GB/ 13 GB   32 MB/s   2m52s[K[?25h[?2026l[?2026h[?25l[A[1Gpulling manifest [K
pulling e7b273f96360:  59% ▕██████████        ▏ 8.2 GB/ 13 GB   32 MB/s   2m52s[K[?25h[?2026l[?2026h[?25l[A[1Gpulling manifest [K
pulling e7b273f96360:  59% ▕██████████        ▏ 8.2 GB/ 13 GB   32 MB/s   2m52s[K[?25h[?2026l[?2026h[?25l[A[1Gpulling manifest [K
pulling e7b273f96360:  59% ▕██████████        ▏ 8.2 GB/ 13 GB   32 MB/s   2m52s[K[?25h[?2026l[?2026h[?25l[A[1Gpulling manifest [K
pulling e7b273f96360:  59% ▕██████████        ▏ 8.2 GB/ 13 GB   32 MB/s   2m52s[K[?25h[?2026l[?2026h[?25l[A[1Gpulling manifest [K
pulling e7b273f96360:  59% ▕██████████        ▏ 8.2 GB/ 13 GB   32 MB/s   2m51s[K[?25h[?2026l[?2026h[?25l[A[1Gpulling manifest [K
pulling e7b273f96360:  59% ▕██████████        ▏ 8.2 GB/ 13 GB   32 MB/s   2m51s[K[?25h[?2026l[?2026h[?25l[A[1Gpulling manifest [K
pulling e7b273f96360:  59% ▕██████████        ▏ 8.2 GB/ 13 GB   32 MB/s   2m51s[K[?25h[?2026l[?2026h[?25l[A[1Gpulling manifest [K
pulling e7b273f96360:  59% ▕██████████        ▏ 8.2 GB/ 13 GB   32 MB/s   2m51s[K[?25h[?2026l[?2026h[?25l[A[1Gpulling manifest [K
pulling e7b273f96360:  59% ▕██████████        ▏ 8.2 GB/ 13 GB   32 MB/s   2m51s[K[?25h[?2026l[?2026h[?25l[A[1Gpulling manifest [K
pulling e7b273f96360:  59% ▕██████████        ▏ 8.2 GB/ 13 GB   32 MB/s   2m51s[K[?25h[?2026l[?2026h[?25l[A[1Gpulling manifest [K
pulling e7b273f96360:  59% ▕██████████        ▏ 8.2 GB/ 13 GB   32 MB/s   2m51s[K[?25h[?2026l[?2026h[?25l[A[1Gpulling manifest [K
pulling e7b273f96360:  59% ▕██████████        ▏ 8.2 GB/ 13 GB   32 MB/s   2m51s[K[?25h[?2026l[?2026h[?25l[A[1Gpulling manifest [K
pulling e7b273f96360:  59% ▕██████████        ▏ 8.2 GB/ 13 GB   32 MB/s   2m51s[K[?25h[?2026l[?2026h[?25l[A[1Gpulling manifest [K
pulling e7b273f96360:  60% ▕██████████        ▏ 8.2 GB/ 13 GB   32 MB/s   2m51s[K[?25h[?2026l[?2026h[?25l[A[1Gpulling manifest [K
pulling e7b273f96360:  60% ▕██████████        ▏ 8.2 GB/ 13 GB   32 MB/s   2m51s[K[?25h[?2026l[?2026h[?25l[A[1Gpulling manifest [K
pulling e7b273f96360:  60% ▕██████████        ▏ 8.2 GB/ 13 GB   32 MB/s   2m51s[K[?25h[?2026l[?2026h[?25l[A[1Gpulling manifest [K
pulling e7b273f96360:  60% ▕██████████        ▏ 8.2 GB/ 13 GB   32 MB/s   2m51s[K[?25h[?2026l[?2026h[?25l[A[1Gpulling manifest [K
pulling e7b273f96360:  60% ▕██████████        ▏ 8.2 GB/ 13 GB   32 MB/s   2m50s[K[?25h[?2026l[?2026h[?25l[A[1Gpulling manifest [K
pulling e7b273f96360:  60% ▕██████████        ▏ 8.2 GB/ 13 GB   32 MB/s   2m50s[K[?25h[?2026l[?2026h[?25l[A[1Gpulling manifest [K
pulling e7b273f96360:  60% ▕██████████        ▏ 8.2 GB/ 13 GB   32 MB/s   2m50s[K[?25h[?2026l[?2026h[?25l[A[1Gpulling manifest [K
pulling e7b273f96360:  60% ▕██████████        ▏ 8.2 GB/ 13 GB   32 MB/s   2m49s[K[?25h[?2026l[?2026h[?25l[A[1Gpulling manifest [K
pulling e7b273f96360:  60% ▕██████████        ▏ 8.2 GB/ 13 GB   32 MB/s   2m49s[K[?25h[?2026l[?2026h[?25l[A[1Gpulling manifest [K
pulling e7b273f96360:  60% ▕██████████        ▏ 8.2 GB/ 13 GB   32 MB/s   2m48s[K[?25h[?2026l[?2026h[?25l[A[1Gpulling manifest [K
pulling e7b273f96360:  60% ▕██████████        ▏ 8.2 GB/ 13 GB   32 MB/s   2m48s[K[?25h[?2026l[?2026h[?25l[A[1Gpulling manifest [K
pulling e7b273f96360:  60% ▕██████████        ▏ 8.2 GB/ 13 GB   32 MB/s   2m48s[K[?25h[?2026l[?2026h[?25l[A[1Gpulling manifest [K
pulling e7b273f96360:  60% ▕██████████        ▏ 8.2 GB/ 13 GB   32 MB/s   2m48s[K[?25h[?2026l[?2026h[?25l[A[1Gpulling manifest [K
pulling e7b273f96360:  60% ▕██████████        ▏ 8.3 GB/ 13 GB   32 MB/s   2m48s[K[?25h[?2026l[?2026h[?25l[A[1Gpulling manifest [K
pulling e7b273f96360:  60% ▕██████████        ▏ 8.3 GB/ 13 GB   32 MB/s   2m48s[K[?25h[?2026l[?2026h[?25l[A[1Gpulling manifest [K
pulling e7b273f96360:  60% ▕██████████        ▏ 8.3 GB/ 13 GB   32 MB/s   2m48s[K[?25h[?2026l[?2026h[?25l[A[1Gpulling manifest [K
pulling e7b273f96360:  60% ▕██████████        ▏ 8.3 GB/ 13 GB   32 MB/s   2m48s[K[?25h[?2026l[?2026h[?25l[A[1Gpulling manifest [K
pulling e7b273f96360:  60% ▕██████████        ▏ 8.3 GB/ 13 GB   33 MB/s   2m46s[K[?25h[?2026l[?2026h[?25l[A[1Gpulling manifest [K
pulling e7b273f96360:  60% ▕██████████        ▏ 8.3 GB/ 13 GB   33 MB/s   2m46s[K[?25h[?2026l[?2026h[?25l[A[1Gpulling manifest [K
pulling e7b273f96360:  60% ▕██████████        ▏ 8.3 GB/ 13 GB   33 MB/s   2m46s[K[?25h[?2026l[?2026h[?25l[A[1Gpulling manifest [K
pulling e7b273f96360:  60% ▕██████████        ▏ 8.3 GB/ 13 GB   33 MB/s   2m46s[K[?25h[?2026l[?2026h[?25l[A[1Gpulling manifest [K
pulling e7b273f96360:  60% ▕██████████        ▏ 8.3 GB/ 13 GB   33 MB/s   2m46s[K[?25h[?2026l[?2026h[?25l[A[1Gpulling manifest [K
pulling e7b273f96360:  60% ▕██████████        ▏ 8.3 GB/ 13 GB   33 MB/s   2m46s[K[?25h[?2026l[?2026h[?25l[A[1Gpulling manifest [K
pulling e7b273f96360:  60% ▕██████████        ▏ 8.3 GB/ 13 GB   33 MB/s   2m46s[K[?25h[?2026l[?2026h[?25l[A[1Gpulling manifest [K
pulling e7b273f96360:  60% ▕██████████        ▏ 8.3 GB/ 13 GB   33 MB/s   2m46s[K[?25h[?2026l[?2026h[?25l[A[1Gpulling manifest [K
pulling e7b273f96360:  60% ▕██████████        ▏ 8.3 GB/ 13 GB   33 MB/s   2m45s[K[?25h[?2026l[?2026h[?25l[A[1Gpulling manifest [K
pulling e7b273f96360:  60% ▕██████████        ▏ 8.3 GB/ 13 GB   33 MB/s   2m45s[K[?25h[?2026l[?2026h[?25l[A[1Gpulling manifest [K
pulling e7b273f96360:  60% ▕██████████        ▏ 8.3 GB/ 13 GB   33 MB/s   2m43s[K[?25h[?2026l[?2026h[?25l[A[1Gpulling manifest [K
pulling e7b273f96360:  60% ▕██████████        ▏ 8.3 GB/ 13 GB   33 MB/s   2m43s[K[?25h[?2026l[?2026h[?25l[A[1Gpulling manifest [K
pulling e7b273f96360:  60% ▕██████████        ▏ 8.3 GB/ 13 GB   33 MB/s   2m43s[K[?25h[?2026l[?2026h[?25l[A[1Gpulling manifest [K
pulling e7b273f96360:  60% ▕██████████        ▏ 8.3 GB/ 13 GB   33 MB/s   2m43s[K[?25h[?2026l[?2026h[?25l[A[1Gpulling manifest [K
pulling e7b273f96360:  60% ▕██████████        ▏ 8.3 GB/ 13 GB   33 MB/s   2m42s[K[?25h[?2026l[?2026h[?25l[A[1Gpulling manifest [K
pulling e7b273f96360:  60% ▕██████████        ▏ 8.3 GB/ 13 GB   33 MB/s   2m42s[K[?25h[?2026l[?2026h[?25l[A[1Gpulling manifest [K
pulling e7b273f96360:  60% ▕██████████        ▏ 8.3 GB/ 13 GB   33 MB/s   2m42s[K[?25h[?2026l[?2026h[?25l[A[1Gpulling manifest [K
pulling e7b273f96360:  60% ▕██████████        ▏ 8.3 GB/ 13 GB   33 MB/s   2m42s[K[?25h[?2026l[?2026h[?25l[A[1Gpulling manifest [K
pulling e7b273f96360:  60% ▕██████████        ▏ 8.3 GB/ 13 GB   33 MB/s   2m42s[K[?25h[?2026l[?2026h[?25l[A[1Gpulling manifest [K
pulling e7b273f96360:  60% ▕██████████        ▏ 8.3 GB/ 13 GB   33 MB/s   2m42s[K[?25h[?2026l[?2026h[?25l[A[1Gpulling manifest [K
pulling e7b273f96360:  60% ▕██████████        ▏ 8.3 GB/ 13 GB   34 MB/s   2m40s[K[?25h[?2026l[?2026h[?25l[A[1Gpulling manifest [K
pulling e7b273f96360:  60% ▕██████████        ▏ 8.3 GB/ 13 GB   34 MB/s   2m40s[K[?25h[?2026l[?2026h[?25l[A[1Gpulling manifest [K
pulling e7b273f96360:  60% ▕██████████        ▏ 8.3 GB/ 13 GB   34 MB/s   2m40s[K[?25h[?2026l[?2026h[?25l[A[1Gpulling manifest [K
pulling e7b273f96360:  60% ▕██████████        ▏ 8.3 GB/ 13 GB   34 MB/s   2m40s[K[?25h[?2026l[?2026h[?25l[A[1Gpulling manifest [K
pulling e7b273f96360:  61% ▕██████████        ▏ 8.3 GB/ 13 GB   34 MB/s   2m39s[K[?25h[?2026l[?2026h[?25l[A[1Gpulling manifest [K
pulling e7b273f96360:  61% ▕██████████        ▏ 8.4 GB/ 13 GB   34 MB/s   2m39s[K[?25h[?2026l[?2026h[?25l[A[1Gpulling manifest [K
pulling e7b273f96360:  61% ▕██████████        ▏ 8.4 GB/ 13 GB   34 MB/s   2m39s[K[?25h[?2026l[?2026h[?25l[A[1Gpulling manifest [K
pulling e7b273f96360:  61% ▕██████████        ▏ 8.4 GB/ 13 GB   34 MB/s   2m39s[K[?25h[?2026l[?2026h[?25l[A[1Gpulling manifest [K
pulling e7b273f96360:  61% ▕██████████        ▏ 8.4 GB/ 13 GB   34 MB/s   2m39s[K[?25h[?2026l[?2026h[?25l[A[1Gpulling manifest [K
pulling e7b273f96360:  61% ▕██████████        ▏ 8.4 GB/ 13 GB   34 MB/s   2m39s[K[?25h[?2026l[?2026h[?25l[A[1Gpulling manifest [K
pulling e7b273f96360:  61% ▕██████████        ▏ 8.4 GB/ 13 GB   34 MB/s   2m39s[K[?25h[?2026l[?2026h[?25l[A[1Gpulling manifest [K
pulling e7b273f96360:  61% ▕██████████        ▏ 8.4 GB/ 13 GB   33 MB/s   2m41s[K[?25h[?2026l[?2026h[?25l[A[1Gpulling manifest [K
pulling e7b273f96360:  61% ▕██████████        ▏ 8.4 GB/ 13 GB   33 MB/s   2m41s[K[?25h[?2026l[?2026h[?25l[A[1Gpulling manifest [K
pulling e7b273f96360:  61% ▕██████████        ▏ 8.4 GB/ 13 GB   33 MB/s   2m41s[K[?25h[?2026l[?2026h[?25l[A[1Gpulling manifest [K
pulling e7b273f96360:  61% ▕██████████        ▏ 8.4 GB/ 13 GB   33 MB/s   2m41s[K[?25h[?2026l[?2026h[?25l[A[1Gpulling manifest [K
pulling e7b273f96360:  61% ▕██████████        ▏ 8.4 GB/ 13 GB   33 MB/s   2m41s[K[?25h[?2026l[?2026h[?25l[A[1Gpulling manifest [K
pulling e7b273f96360:  61% ▕██████████        ▏ 8.4 GB/ 13 GB   33 MB/s   2m41s[K[?25h[?2026l[?2026h[?25l[A[1Gpulling manifest [K
pulling e7b273f96360:  61% ▕██████████        ▏ 8.4 GB/ 13 GB   33 MB/s   2m40s[K[?25h[?2026l[?2026h[?25l[A[1Gpulling manifest [K
pulling e7b273f96360:  61% ▕██████████        ▏ 8.4 GB/ 13 GB   33 MB/s   2m40s[K[?25h[?2026l[?2026h[?25l[A[1Gpulling manifest [K
pulling e7b273f96360:  61% ▕██████████        ▏ 8.4 GB/ 13 GB   33 MB/s   2m40s[K[?25h[?2026l[?2026h[?25l[A[1Gpulling manifest [K
pulling e7b273f96360:  61% ▕██████████        ▏ 8.4 GB/ 13 GB   33 MB/s   2m40s[K[?25h[?2026l[?2026h[?25l[A[1Gpulling manifest [K
pulling e7b273f96360:  61% ▕██████████        ▏ 8.4 GB/ 13 GB   33 MB/s   2m40s[K[?25h[?2026l[?2026h[?25l[A[1Gpulling manifest [K
pulling e7b273f96360:  61% ▕██████████        ▏ 8.4 GB/ 13 GB   33 MB/s   2m40s[K[?25h[?2026l[?2026h[?25l[A[1Gpulling manifest [K
pulling e7b273f96360:  61% ▕██████████        ▏ 8.4 GB/ 13 GB   33 MB/s   2m39s[K[?25h[?2026l[?2026h[?25l[A[1Gpulling manifest [K
pulling e7b273f96360:  61% ▕██████████        ▏ 8.4 GB/ 13 GB   33 MB/s   2m39s[K[?25h[?2026l[?2026h[?25l[A[1Gpulling manifest [K
pulling e7b273f96360:  61% ▕██████████        ▏ 8.4 GB/ 13 GB   33 MB/s   2m39s[K[?25h[?2026l[?2026h[?25l[A[1Gpulling manifest [K
pulling e7b273f96360:  61% ▕██████████        ▏ 8.4 GB/ 13 GB   33 MB/s   2m39s[K[?25h[?2026l[?2026h[?25l[A[1Gpulling manifest [K
pulling e7b273f96360:  61% ▕██████████        ▏ 8.4 GB/ 13 GB   33 MB/s   2m39s[K[?25h[?2026l[?2026h[?25l[A[1Gpulling manifest [K
pulling e7b273f96360:  61% ▕██████████        ▏ 8.4 GB/ 13 GB   33 MB/s   2m39s[K[?25h[?2026l[?2026h[?25l[A[1Gpulling manifest [K
pulling e7b273f96360:  61% ▕██████████        ▏ 8.4 GB/ 13 GB   33 MB/s   2m39s[K[?25h[?2026l[?2026h[?25l[A[1Gpulling manifest [K
pulling e7b273f96360:  61% ▕███████████       ▏ 8.4 GB/ 13 GB   33 MB/s   2m39s[K[?25h[?2026l[?2026h[?25l[A[1Gpulling manifest [K
pulling e7b273f96360:  61% ▕███████████       ▏ 8.4 GB/ 13 GB   33 MB/s   2m40s[K[?25h[?2026l[?2026h[?25l[A[1Gpulling manifest [K
pulling e7b273f96360:  61% ▕███████████       ▏ 8.4 GB/ 13 GB   33 MB/s   2m40s[K[?25h[?2026l[?2026h[?25l[A[1Gpulling manifest [K
pulling e7b273f96360:  61% ▕███████████       ▏ 8.4 GB/ 13 GB   33 MB/s   2m40s[K[?25h[?2026l[?2026h[?25l[A[1Gpulling manifest [K
pulling e7b273f96360:  61% ▕███████████       ▏ 8.4 GB/ 13 GB   33 MB/s   2m40s[K[?25h[?2026l[?2026h[?25l[A[1Gpulling manifest [K
pulling e7b273f96360:  61% ▕███████████       ▏ 8.4 GB/ 13 GB   33 MB/s   2m40s[K[?25h[?2026l[?2026h[?25l[A[1Gpulling manifest [K
pulling e7b273f96360:  61% ▕███████████       ▏ 8.4 GB/ 13 GB   33 MB/s   2m39s[K[?25h[?2026l[?2026h[?25l[A[1Gpulling manifest [K
pulling e7b273f96360:  61% ▕███████████       ▏ 8.5 GB/ 13 GB   33 MB/s   2m39s[K[?25h[?2026l[?2026h[?25l[A[1Gpulling manifest [K
pulling e7b273f96360:  61% ▕███████████       ▏ 8.5 GB/ 13 GB   33 MB/s   2m39s[K[?25h[?2026l[?2026h[?25l[A[1Gpulling manifest [K
pulling e7b273f96360:  61% ▕███████████       ▏ 8.5 GB/ 13 GB   33 MB/s   2m39s[K[?25h[?2026l[?2026h[?25l[A[1Gpulling manifest [K
pulling e7b273f96360:  61% ▕███████████       ▏ 8.5 GB/ 13 GB   33 MB/s   2m39s[K[?25h[?2026l[?2026h[?25l[A[1Gpulling manifest [K
pulling e7b273f96360:  61% ▕███████████       ▏ 8.5 GB/ 13 GB   33 MB/s   2m41s[K[?25h[?2026l[?2026h[?25l[A[1Gpulling manifest [K
pulling e7b273f96360:  61% ▕███████████       ▏ 8.5 GB/ 13 GB   33 MB/s   2m40s[K[?25h[?2026l[?2026h[?25l[A[1Gpulling manifest [K
pulling e7b273f96360:  61% ▕███████████       ▏ 8.5 GB/ 13 GB   33 MB/s   2m40s[K[?25h[?2026l[?2026h[?25l[A[1Gpulling manifest [K
pulling e7b273f96360:  61% ▕███████████       ▏ 8.5 GB/ 13 GB   33 MB/s   2m40s[K[?25h[?2026l[?2026h[?25l[A[1Gpulling manifest [K
pulling e7b273f96360:  61% ▕███████████       ▏ 8.5 GB/ 13 GB   33 MB/s   2m40s[K[?25h[?2026l[?2026h[?25l[A[1Gpulling manifest [K
pulling e7b273f96360:  61% ▕███████████       ▏ 8.5 GB/ 13 GB   33 MB/s   2m40s[K[?25h[?2026l[?2026h[?25l[A[1Gpulling manifest [K
pulling e7b273f96360:  61% ▕███████████       ▏ 8.5 GB/ 13 GB   33 MB/s   2m40s[K[?25h[?2026l[?2026h[?25l[A[1Gpulling manifest [K
pulling e7b273f96360:  61% ▕███████████       ▏ 8.5 GB/ 13 GB   33 MB/s   2m40s[K[?25h[?2026l[?2026h[?25l[A[1Gpulling manifest [K
pulling e7b273f96360:  62% ▕███████████       ▏ 8.5 GB/ 13 GB   33 MB/s   2m40s[K[?25h[?2026l[?2026h[?25l[A[1Gpulling manifest [K
pulling e7b273f96360:  62% ▕███████████       ▏ 8.5 GB/ 13 GB   33 MB/s   2m40s[K[?25h[?2026l[?2026h[?25l[A[1Gpulling manifest [K
pulling e7b273f96360:  62% ▕███████████       ▏ 8.5 GB/ 13 GB   32 MB/s   2m40s[K[?25h[?2026l[?2026h[?25l[A[1Gpulling manifest [K
pulling e7b273f96360:  62% ▕███████████       ▏ 8.5 GB/ 13 GB   32 MB/s   2m40s[K[?25h[?2026l[?2026h[?25l[A[1Gpulling manifest [K
pulling e7b273f96360:  62% ▕███████████       ▏ 8.5 GB/ 13 GB   32 MB/s   2m40s[K[?25h[?2026l[?2026h[?25l[A[1Gpulling manifest [K
pulling e7b273f96360:  62% ▕███████████       ▏ 8.5 GB/ 13 GB   32 MB/s   2m40s[K[?25h[?2026l[?2026h[?25l[A[1Gpulling manifest [K
pulling e7b273f96360:  62% ▕███████████       ▏ 8.5 GB/ 13 GB   32 MB/s   2m40s[K[?25h[?2026l[?2026h[?25l[A[1Gpulling manifest [K
pulling e7b273f96360:  62% ▕███████████       ▏ 8.5 GB/ 13 GB   32 MB/s   2m40s[K[?25h[?2026l[?2026h[?25l[A[1Gpulling manifest [K
pulling e7b273f96360:  62% ▕███████████       ▏ 8.5 GB/ 13 GB   32 MB/s   2m40s[K[?25h[?2026l[?2026h[?25l[A[1Gpulling manifest [K
pulling e7b273f96360:  62% ▕███████████       ▏ 8.5 GB/ 13 GB   32 MB/s   2m40s[K[?25h[?2026l[?2026h[?25l[A[1Gpulling manifest [K
pulling e7b273f96360:  62% ▕███████████       ▏ 8.5 GB/ 13 GB   32 MB/s   2m40s[K[?25h[?2026l[?2026h[?25l[A[1Gpulling manifest [K
pulling e7b273f96360:  62% ▕███████████       ▏ 8.5 GB/ 13 GB   32 MB/s   2m40s[K[?25h[?2026l[?2026h[?25l[A[1Gpulling manifest [K
pulling e7b273f96360:  62% ▕███████████       ▏ 8.5 GB/ 13 GB   32 MB/s   2m40s[K[?25h[?2026l[?2026h[?25l[A[1Gpulling manifest [K
pulling e7b273f96360:  62% ▕███████████       ▏ 8.5 GB/ 13 GB   32 MB/s   2m41s[K[?25h[?2026l[?2026h[?25l[A[1Gpulling manifest [K
pulling e7b273f96360:  62% ▕███████████       ▏ 8.5 GB/ 13 GB   32 MB/s   2m41s[K[?25h[?2026l[?2026h[?25l[A[1Gpulling manifest [K
pulling e7b273f96360:  62% ▕███████████       ▏ 8.5 GB/ 13 GB   32 MB/s   2m41s[K[?25h[?2026l[?2026h[?25l[A[1Gpulling manifest [K
pulling e7b273f96360:  62% ▕███████████       ▏ 8.5 GB/ 13 GB   32 MB/s   2m40s[K[?25h[?2026l[?2026h[?25l[A[1Gpulling manifest [K
pulling e7b273f96360:  62% ▕███████████       ▏ 8.5 GB/ 13 GB   32 MB/s   2m40s[K[?25h[?2026l[?2026h[?25l[A[1Gpulling manifest [K
pulling e7b273f96360:  62% ▕███████████       ▏ 8.5 GB/ 13 GB   32 MB/s   2m40s[K[?25h[?2026l[?2026h[?25l[A[1Gpulling manifest [K
pulling e7b273f96360:  62% ▕███████████       ▏ 8.5 GB/ 13 GB   32 MB/s   2m40s[K[?25h[?2026l[?2026h[?25l[A[1Gpulling manifest [K
pulling e7b273f96360:  62% ▕███████████       ▏ 8.5 GB/ 13 GB   32 MB/s   2m40s[K[?25h[?2026l[?2026h[?25l[A[1Gpulling manifest [K
pulling e7b273f96360:  62% ▕███████████       ▏ 8.5 GB/ 13 GB   32 MB/s   2m40s[K[?25h[?2026l[?2026h[?25l[A[1Gpulling manifest [K
pulling e7b273f96360:  62% ▕███████████       ▏ 8.6 GB/ 13 GB   32 MB/s   2m40s[K[?25h[?2026l[?2026h[?25l[A[1Gpulling manifest [K
pulling e7b273f96360:  62% ▕███████████       ▏ 8.6 GB/ 13 GB   32 MB/s   2m40s[K[?25h[?2026l[?2026h[?25l[A[1Gpulling manifest [K
pulling e7b273f96360:  62% ▕███████████       ▏ 8.6 GB/ 13 GB   32 MB/s   2m40s[K[?25h[?2026l[?2026h[?25l[A[1Gpulling manifest [K
pulling e7b273f96360:  62% ▕███████████       ▏ 8.6 GB/ 13 GB   32 MB/s   2m39s[K[?25h[?2026l[?2026h[?25l[A[1Gpulling manifest [K
pulling e7b273f96360:  62% ▕███████████       ▏ 8.6 GB/ 13 GB   32 MB/s   2m39s[K[?25h[?2026l[?2026h[?25l[A[1Gpulling manifest [K
pulling e7b273f96360:  62% ▕███████████       ▏ 8.6 GB/ 13 GB   32 MB/s   2m39s[K[?25h[?2026l[?2026h[?25l[A[1Gpulling manifest [K
pulling e7b273f96360:  62% ▕███████████       ▏ 8.6 GB/ 13 GB   32 MB/s   2m39s[K[?25h[?2026l[?2026h[?25l[A[1Gpulling manifest [K
pulling e7b273f96360:  62% ▕███████████       ▏ 8.6 GB/ 13 GB   32 MB/s   2m39s[K[?25h[?2026l[?2026h[?25l[A[1Gpulling manifest [K
pulling e7b273f96360:  62% ▕███████████       ▏ 8.6 GB/ 13 GB   32 MB/s   2m39s[K[?25h[?2026l[?2026h[?25l[A[1Gpulling manifest [K
pulling e7b273f96360:  62% ▕███████████       ▏ 8.6 GB/ 13 GB   32 MB/s   2m39s[K[?25h[?2026l[?2026h[?25l[A[1Gpulling manifest [K
pulling e7b273f96360:  62% ▕███████████       ▏ 8.6 GB/ 13 GB   32 MB/s   2m39s[K[?25h[?2026l[?2026h[?25l[A[1Gpulling manifest [K
pulling e7b273f96360:  62% ▕███████████       ▏ 8.6 GB/ 13 GB   32 MB/s   2m39s[K[?25h[?2026l[?2026h[?25l[A[1Gpulling manifest [K
pulling e7b273f96360:  62% ▕███████████       ▏ 8.6 GB/ 13 GB   32 MB/s   2m39s[K[?25h[?2026l[?2026h[?25l[A[1Gpulling manifest [K
pulling e7b273f96360:  62% ▕███████████       ▏ 8.6 GB/ 13 GB   32 MB/s   2m39s[K[?25h[?2026l[?2026h[?25l[A[1Gpulling manifest [K
pulling e7b273f96360:  62% ▕███████████       ▏ 8.6 GB/ 13 GB   32 MB/s   2m39s[K[?25h[?2026l[?2026h[?25l[A[1Gpulling manifest [K
pulling e7b273f96360:  62% ▕███████████       ▏ 8.6 GB/ 13 GB   32 MB/s   2m39s[K[?25h[?2026l[?2026h[?25l[A[1Gpulling manifest [K
pulling e7b273f96360:  62% ▕███████████       ▏ 8.6 GB/ 13 GB   32 MB/s   2m39s[K[?25h[?2026l[?2026h[?25l[A[1Gpulling manifest [K
pulling e7b273f96360:  62% ▕███████████       ▏ 8.6 GB/ 13 GB   32 MB/s   2m39s[K[?25h[?2026l[?2026h[?25l[A[1Gpulling manifest [K
pulling e7b273f96360:  62% ▕███████████       ▏ 8.6 GB/ 13 GB   32 MB/s   2m39s[K[?25h[?2026l[?2026h[?25l[A[1Gpulling manifest [K
pulling e7b273f96360:  62% ▕███████████       ▏ 8.6 GB/ 13 GB   32 MB/s   2m38s[K[?25h[?2026l[?2026h[?25l[A[1Gpulling manifest [K
pulling e7b273f96360:  62% ▕███████████       ▏ 8.6 GB/ 13 GB   32 MB/s   2m38s[K[?25h[?2026l[?2026h[?25l[A[1Gpulling manifest [K
pulling e7b273f96360:  63% ▕███████████       ▏ 8.6 GB/ 13 GB   32 MB/s   2m41s[K[?25h[?2026l[?2026h[?25l[A[1Gpulling manifest [K
pulling e7b273f96360:  63% ▕███████████       ▏ 8.6 GB/ 13 GB   32 MB/s   2m41s[K[?25h[?2026l[?2026h[?25l[A[1Gpulling manifest [K
pulling e7b273f96360:  63% ▕███████████       ▏ 8.6 GB/ 13 GB   32 MB/s   2m41s[K[?25h[?2026l[?2026h[?25l[A[1Gpulling manifest [K
pulling e7b273f96360:  63% ▕███████████       ▏ 8.6 GB/ 13 GB   32 MB/s   2m41s[K[?25h[?2026l[?2026h[?25l[A[1Gpulling manifest [K
pulling e7b273f96360:  63% ▕███████████       ▏ 8.6 GB/ 13 GB   32 MB/s   2m41s[K[?25h[?2026l[?2026h[?25l[A[1Gpulling manifest [K
pulling e7b273f96360:  63% ▕███████████       ▏ 8.6 GB/ 13 GB   32 MB/s   2m41s[K[?25h[?2026l[?2026h[?25l[A[1Gpulling manifest [K
pulling e7b273f96360:  63% ▕███████████       ▏ 8.6 GB/ 13 GB   32 MB/s   2m40s[K[?25h[?2026l[?2026h[?25l[A[1Gpulling manifest [K
pulling e7b273f96360:  63% ▕███████████       ▏ 8.6 GB/ 13 GB   32 MB/s   2m40s[K[?25h[?2026l[?2026h[?25l[A[1Gpulling manifest [K
pulling e7b273f96360:  63% ▕███████████       ▏ 8.7 GB/ 13 GB   32 MB/s   2m40s[K[?25h[?2026l[?2026h[?25l[A[1Gpulling manifest [K
pulling e7b273f96360:  63% ▕███████████       ▏ 8.7 GB/ 13 GB   32 MB/s   2m40s[K[?25h[?2026l[?2026h[?25l[A[1Gpulling manifest [K
pulling e7b273f96360:  63% ▕███████████       ▏ 8.7 GB/ 13 GB   32 MB/s   2m38s[K[?25h[?2026l[?2026h[?25l[A[1Gpulling manifest [K
pulling e7b273f96360:  63% ▕███████████       ▏ 8.7 GB/ 13 GB   32 MB/s   2m38s[K[?25h[?2026l[?2026h[?25l[A[1Gpulling manifest [K
pulling e7b273f96360:  63% ▕███████████       ▏ 8.7 GB/ 13 GB   32 MB/s   2m38s[K[?25h[?2026l[?2026h[?25l[A[1Gpulling manifest [K
pulling e7b273f96360:  63% ▕███████████       ▏ 8.7 GB/ 13 GB   32 MB/s   2m38s[K[?25h[?2026l[?2026h[?25l[A[1Gpulling manifest [K
pulling e7b273f96360:  63% ▕███████████       ▏ 8.7 GB/ 13 GB   32 MB/s   2m38s[K[?25h[?2026l[?2026h[?25l[A[1Gpulling manifest [K
pulling e7b273f96360:  63% ▕███████████       ▏ 8.7 GB/ 13 GB   32 MB/s   2m38s[K[?25h[?2026l[?2026h[?25l[A[1Gpulling manifest [K
pulling e7b273f96360:  63% ▕███████████       ▏ 8.7 GB/ 13 GB   32 MB/s   2m38s[K[?25h[?2026l[?2026h[?25l[A[1Gpulling manifest [K
pulling e7b273f96360:  63% ▕███████████       ▏ 8.7 GB/ 13 GB   32 MB/s   2m38s[K[?25h[?2026l[?2026h[?25l[A[1Gpulling manifest [K
pulling e7b273f96360:  63% ▕███████████       ▏ 8.7 GB/ 13 GB   32 MB/s   2m37s[K[?25h[?2026l[?2026h[?25l[A[1Gpulling manifest [K
pulling e7b273f96360:  63% ▕███████████       ▏ 8.7 GB/ 13 GB   32 MB/s   2m37s[K[?25h[?2026l[?2026h[?25l[A[1Gpulling manifest [K
pulling e7b273f96360:  63% ▕███████████       ▏ 8.7 GB/ 13 GB   32 MB/s   2m37s[K[?25h[?2026l[?2026h[?25l[A[1Gpulling manifest [K
pulling e7b273f96360:  63% ▕███████████       ▏ 8.7 GB/ 13 GB   32 MB/s   2m39s[K[?25h[?2026l[?2026h[?25l[A[1Gpulling manifest [K
pulling e7b273f96360:  63% ▕███████████       ▏ 8.7 GB/ 13 GB   32 MB/s   2m39s[K[?25h[?2026l[?2026h[?25l[A[1Gpulling manifest [K
pulling e7b273f96360:  63% ▕███████████       ▏ 8.7 GB/ 13 GB   32 MB/s   2m39s[K[?25h[?2026l[?2026h[?25l[A[1Gpulling manifest [K
pulling e7b273f96360:  63% ▕███████████       ▏ 8.7 GB/ 13 GB   32 MB/s   2m39s[K[?25h[?2026l[?2026h[?25l[A[1Gpulling manifest [K
pulling e7b273f96360:  63% ▕███████████       ▏ 8.7 GB/ 13 GB   32 MB/s   2m38s[K[?25h[?2026l[?2026h[?25l[A[1Gpulling manifest [K
pulling e7b273f96360:  63% ▕███████████       ▏ 8.7 GB/ 13 GB   32 MB/s   2m38s[K[?25h[?2026l[?2026h[?25l[A[1Gpulling manifest [K
pulling e7b273f96360:  63% ▕███████████       ▏ 8.7 GB/ 13 GB   32 MB/s   2m38s[K[?25h[?2026l[?2026h[?25l[A[1Gpulling manifest [K
pulling e7b273f96360:  63% ▕███████████       ▏ 8.7 GB/ 13 GB   32 MB/s   2m38s[K[?25h[?2026l[?2026h[?25l[A[1Gpulling manifest [K
pulling e7b273f96360:  63% ▕███████████       ▏ 8.7 GB/ 13 GB   32 MB/s   2m38s[K[?25h[?2026l[?2026h[?25l[A[1Gpulling manifest [K
pulling e7b273f96360:  63% ▕███████████       ▏ 8.7 GB/ 13 GB   32 MB/s   2m38s[K[?25h[?2026l[?2026h[?25l[A[1Gpulling manifest [K
pulling e7b273f96360:  63% ▕███████████       ▏ 8.7 GB/ 13 GB   32 MB/s   2m36s[K[?25h[?2026l[?2026h[?25l[A[1Gpulling manifest [K
pulling e7b273f96360:  63% ▕███████████       ▏ 8.7 GB/ 13 GB   32 MB/s   2m36s[K[?25h[?2026l[?2026h[?25l[A[1Gpulling manifest [K
pulling e7b273f96360:  63% ▕███████████       ▏ 8.7 GB/ 13 GB   32 MB/s   2m36s[K[?25h[?2026l[?2026h[?25l[A[1Gpulling manifest [K
pulling e7b273f96360:  63% ▕███████████       ▏ 8.7 GB/ 13 GB   32 MB/s   2m36s[K[?25h[?2026l[?2026h[?25l[A[1Gpulling manifest [K
pulling e7b273f96360:  63% ▕███████████       ▏ 8.7 GB/ 13 GB   32 MB/s   2m35s[K[?25h[?2026l[?2026h[?25l[A[1Gpulling manifest [K
pulling e7b273f96360:  63% ▕███████████       ▏ 8.7 GB/ 13 GB   32 MB/s   2m35s[K[?25h[?2026l[?2026h[?25l[A[1Gpulling manifest [K
pulling e7b273f96360:  63% ▕███████████       ▏ 8.7 GB/ 13 GB   32 MB/s   2m35s[K[?25h[?2026l[?2026h[?25l[A[1Gpulling manifest [K
pulling e7b273f96360:  63% ▕███████████       ▏ 8.7 GB/ 13 GB   32 MB/s   2m35s[K[?25h[?2026l[?2026h[?25l[A[1Gpulling manifest [K
pulling e7b273f96360:  63% ▕███████████       ▏ 8.7 GB/ 13 GB   32 MB/s   2m35s[K[?25h[?2026l[?2026h[?25l[A[1Gpulling manifest [K
pulling e7b273f96360:  63% ▕███████████       ▏ 8.8 GB/ 13 GB   32 MB/s   2m35s[K[?25h[?2026l[?2026h[?25l[A[1Gpulling manifest [K
pulling e7b273f96360:  63% ▕███████████       ▏ 8.8 GB/ 13 GB   32 MB/s   2m35s[K[?25h[?2026l[?2026h[?25l[A[1Gpulling manifest [K
pulling e7b273f96360:  63% ▕███████████       ▏ 8.8 GB/ 13 GB   32 MB/s   2m35s[K[?25h[?2026l[?2026h[?25l[A[1Gpulling manifest [K
pulling e7b273f96360:  64% ▕███████████       ▏ 8.8 GB/ 13 GB   32 MB/s   2m35s[K[?25h[?2026l[?2026h[?25l[A[1Gpulling manifest [K
pulling e7b273f96360:  64% ▕███████████       ▏ 8.8 GB/ 13 GB   32 MB/s   2m35s[K[?25h[?2026l[?2026h[?25l[A[1Gpulling manifest [K
pulling e7b273f96360:  64% ▕███████████       ▏ 8.8 GB/ 13 GB   32 MB/s   2m35s[K[?25h[?2026l[?2026h[?25l[A[1Gpulling manifest [K
pulling e7b273f96360:  64% ▕███████████       ▏ 8.8 GB/ 13 GB   32 MB/s   2m35s[K[?25h[?2026l[?2026h[?25l[A[1Gpulling manifest [K
pulling e7b273f96360:  64% ▕███████████       ▏ 8.8 GB/ 13 GB   32 MB/s   2m35s[K[?25h[?2026l[?2026h[?25l[A[1Gpulling manifest [K
pulling e7b273f96360:  64% ▕███████████       ▏ 8.8 GB/ 13 GB   32 MB/s   2m34s[K[?25h[?2026l[?2026h[?25l[A[1Gpulling manifest [K
pulling e7b273f96360:  64% ▕███████████       ▏ 8.8 GB/ 13 GB   32 MB/s   2m34s[K[?25h[?2026l[?2026h[?25l[A[1Gpulling manifest [K
pulling e7b273f96360:  64% ▕███████████       ▏ 8.8 GB/ 13 GB   32 MB/s   2m34s[K[?25h[?2026l[?2026h[?25l[A[1Gpulling manifest [K
pulling e7b273f96360:  64% ▕███████████       ▏ 8.8 GB/ 13 GB   32 MB/s   2m33s[K[?25h[?2026l[?2026h[?25l[A[1Gpulling manifest [K
pulling e7b273f96360:  64% ▕███████████       ▏ 8.8 GB/ 13 GB   32 MB/s   2m33s[K[?25h[?2026l[?2026h[?25l[A[1Gpulling manifest [K
pulling e7b273f96360:  64% ▕███████████       ▏ 8.8 GB/ 13 GB   32 MB/s   2m33s[K[?25h[?2026l[?2026h[?25l[A[1Gpulling manifest [K
pulling e7b273f96360:  64% ▕███████████       ▏ 8.8 GB/ 13 GB   32 MB/s   2m33s[K[?25h[?2026l[?2026h[?25l[A[1Gpulling manifest [K
pulling e7b273f96360:  64% ▕███████████       ▏ 8.8 GB/ 13 GB   32 MB/s   2m32s[K[?25h[?2026l[?2026h[?25l[A[1Gpulling manifest [K
pulling e7b273f96360:  64% ▕███████████       ▏ 8.8 GB/ 13 GB   32 MB/s   2m32s[K[?25h[?2026l[?2026h[?25l[A[1Gpulling manifest [K
pulling e7b273f96360:  64% ▕███████████       ▏ 8.8 GB/ 13 GB   32 MB/s   2m32s[K[?25h[?2026l[?2026h[?25l[A[1Gpulling manifest [K
pulling e7b273f96360:  64% ▕███████████       ▏ 8.8 GB/ 13 GB   32 MB/s   2m32s[K[?25h[?2026l[?2026h[?25l[A[1Gpulling manifest [K
pulling e7b273f96360:  64% ▕███████████       ▏ 8.8 GB/ 13 GB   32 MB/s   2m32s[K[?25h[?2026l[?2026h[?25l[A[1Gpulling manifest [K
pulling e7b273f96360:  64% ▕███████████       ▏ 8.8 GB/ 13 GB   32 MB/s   2m32s[K[?25h[?2026l[?2026h[?25l[A[1Gpulling manifest [K
pulling e7b273f96360:  64% ▕███████████       ▏ 8.8 GB/ 13 GB   33 MB/s   2m30s[K[?25h[?2026l[?2026h[?25l[A[1Gpulling manifest [K
pulling e7b273f96360:  64% ▕███████████       ▏ 8.8 GB/ 13 GB   33 MB/s   2m30s[K[?25h[?2026l[?2026h[?25l[A[1Gpulling manifest [K
pulling e7b273f96360:  64% ▕███████████       ▏ 8.8 GB/ 13 GB   33 MB/s   2m30s[K[?25h[?2026l[?2026h[?25l[A[1Gpulling manifest [K
pulling e7b273f96360:  64% ▕███████████       ▏ 8.8 GB/ 13 GB   33 MB/s   2m29s[K[?25h[?2026l[?2026h[?25l[A[1Gpulling manifest [K
pulling e7b273f96360:  64% ▕███████████       ▏ 8.8 GB/ 13 GB   33 MB/s   2m29s[K[?25h[?2026l[?2026h[?25l[A[1Gpulling manifest [K
pulling e7b273f96360:  64% ▕███████████       ▏ 8.8 GB/ 13 GB   33 MB/s   2m29s[K[?25h[?2026l[?2026h[?25l[A[1Gpulling manifest [K
pulling e7b273f96360:  64% ▕███████████       ▏ 8.8 GB/ 13 GB   33 MB/s   2m29s[K[?25h[?2026l[?2026h[?25l[A[1Gpulling manifest [K
pulling e7b273f96360:  64% ▕███████████       ▏ 8.8 GB/ 13 GB   33 MB/s   2m29s[K[?25h[?2026l[?2026h[?25l[A[1Gpulling manifest [K
pulling e7b273f96360:  64% ▕███████████       ▏ 8.8 GB/ 13 GB   33 MB/s   2m29s[K[?25h[?2026l[?2026h[?25l[A[1Gpulling manifest [K
pulling e7b273f96360:  64% ▕███████████       ▏ 8.8 GB/ 13 GB   33 MB/s   2m29s[K[?25h[?2026l[?2026h[?25l[A[1Gpulling manifest [K
pulling e7b273f96360:  64% ▕███████████       ▏ 8.9 GB/ 13 GB   33 MB/s   2m29s[K[?25h[?2026l[?2026h[?25l[A[1Gpulling manifest [K
pulling e7b273f96360:  64% ▕███████████       ▏ 8.9 GB/ 13 GB   33 MB/s   2m29s[K[?25h[?2026l[?2026h[?25l[A[1Gpulling manifest [K
pulling e7b273f96360:  64% ▕███████████       ▏ 8.9 GB/ 13 GB   33 MB/s   2m29s[K[?25h[?2026l[?2026h[?25l[A[1Gpulling manifest [K
pulling e7b273f96360:  64% ▕███████████       ▏ 8.9 GB/ 13 GB   33 MB/s   2m29s[K[?25h[?2026l[?2026h[?25l[A[1Gpulling manifest [K
pulling e7b273f96360:  64% ▕███████████       ▏ 8.9 GB/ 13 GB   33 MB/s   2m29s[K[?25h[?2026l[?2026h[?25l[A[1Gpulling manifest [K
pulling e7b273f96360:  64% ▕███████████       ▏ 8.9 GB/ 13 GB   33 MB/s   2m29s[K[?25h[?2026l[?2026h[?25l[A[1Gpulling manifest [K
pulling e7b273f96360:  64% ▕███████████       ▏ 8.9 GB/ 13 GB   33 MB/s   2m29s[K[?25h[?2026l[?2026h[?25l[A[1Gpulling manifest [K
pulling e7b273f96360:  64% ▕███████████       ▏ 8.9 GB/ 13 GB   33 MB/s   2m29s[K[?25h[?2026l[?2026h[?25l[A[1Gpulling manifest [K
pulling e7b273f96360:  64% ▕███████████       ▏ 8.9 GB/ 13 GB   33 MB/s   2m28s[K[?25h[?2026l[?2026h[?25l[A[1Gpulling manifest [K
pulling e7b273f96360:  64% ▕███████████       ▏ 8.9 GB/ 13 GB   33 MB/s   2m28s[K[?25h[?2026l[?2026h[?25l[A[1Gpulling manifest [K
pulling e7b273f96360:  64% ▕███████████       ▏ 8.9 GB/ 13 GB   33 MB/s   2m28s[K[?25h[?2026l[?2026h[?25l[A[1Gpulling manifest [K
pulling e7b273f96360:  64% ▕███████████       ▏ 8.9 GB/ 13 GB   32 MB/s   2m30s[K[?25h[?2026l[?2026h[?25l[A[1Gpulling manifest [K
pulling e7b273f96360:  64% ▕███████████       ▏ 8.9 GB/ 13 GB   32 MB/s   2m30s[K[?25h[?2026l[?2026h[?25l[A[1Gpulling manifest [K
pulling e7b273f96360:  64% ▕███████████       ▏ 8.9 GB/ 13 GB   32 MB/s   2m30s[K[?25h[?2026l[?2026h[?25l[A[1Gpulling manifest [K
pulling e7b273f96360:  64% ▕███████████       ▏ 8.9 GB/ 13 GB   32 MB/s   2m29s[K[?25h[?2026l[?2026h[?25l[A[1Gpulling manifest [K
pulling e7b273f96360:  65% ▕███████████       ▏ 8.9 GB/ 13 GB   32 MB/s   2m29s[K[?25h[?2026l[?2026h[?25l[A[1Gpulling manifest [K
pulling e7b273f96360:  65% ▕███████████       ▏ 8.9 GB/ 13 GB   32 MB/s   2m29s[K[?25h[?2026l[?2026h[?25l[A[1Gpulling manifest [K
pulling e7b273f96360:  65% ▕███████████       ▏ 8.9 GB/ 13 GB   32 MB/s   2m29s[K[?25h[?2026l[?2026h[?25l[A[1Gpulling manifest [K
pulling e7b273f96360:  65% ▕███████████       ▏ 8.9 GB/ 13 GB   32 MB/s   2m29s[K[?25h[?2026l[?2026h[?25l[A[1Gpulling manifest [K
pulling e7b273f96360:  65% ▕███████████       ▏ 8.9 GB/ 13 GB   32 MB/s   2m29s[K[?25h[?2026l[?2026h[?25l[A[1Gpulling manifest [K
pulling e7b273f96360:  65% ▕███████████       ▏ 8.9 GB/ 13 GB   32 MB/s   2m29s[K[?25h[?2026l[?2026h[?25l[A[1Gpulling manifest [K
pulling e7b273f96360:  65% ▕███████████       ▏ 8.9 GB/ 13 GB   32 MB/s   2m27s[K[?25h[?2026l[?2026h[?25l[A[1Gpulling manifest [K
pulling e7b273f96360:  65% ▕███████████       ▏ 8.9 GB/ 13 GB   32 MB/s   2m27s[K[?25h[?2026l[?2026h[?25l[A[1Gpulling manifest [K
pulling e7b273f96360:  65% ▕███████████       ▏ 8.9 GB/ 13 GB   32 MB/s   2m27s[K[?25h[?2026l[?2026h[?25l[A[1Gpulling manifest [K
pulling e7b273f96360:  65% ▕███████████       ▏ 8.9 GB/ 13 GB   32 MB/s   2m27s[K[?25h[?2026l[?2026h[?25l[A[1Gpulling manifest [K
pulling e7b273f96360:  65% ▕███████████       ▏ 8.9 GB/ 13 GB   32 MB/s   2m27s[K[?25h[?2026l[?2026h[?25l[A[1Gpulling manifest [K
pulling e7b273f96360:  65% ▕███████████       ▏ 8.9 GB/ 13 GB   32 MB/s   2m27s[K[?25h[?2026l[?2026h[?25l[A[1Gpulling manifest [K
pulling e7b273f96360:  65% ▕███████████       ▏ 8.9 GB/ 13 GB   32 MB/s   2m27s[K[?25h[?2026l[?2026h[?25l[A[1Gpulling manifest [K
pulling e7b273f96360:  65% ▕███████████       ▏ 8.9 GB/ 13 GB   32 MB/s   2m27s[K[?25h[?2026l[?2026h[?25l[A[1Gpulling manifest [K
pulling e7b273f96360:  65% ▕███████████       ▏ 9.0 GB/ 13 GB   32 MB/s   2m26s[K[?25h[?2026l[?2026h[?25l[A[1Gpulling manifest [K
pulling e7b273f96360:  65% ▕███████████       ▏ 9.0 GB/ 13 GB   32 MB/s   2m26s[K[?25h[?2026l[?2026h[?25l[A[1Gpulling manifest [K
pulling e7b273f96360:  65% ▕███████████       ▏ 9.0 GB/ 13 GB   33 MB/s   2m26s[K[?25h[?2026l[?2026h[?25l[A[1Gpulling manifest [K
pulling e7b273f96360:  65% ▕███████████       ▏ 9.0 GB/ 13 GB   33 MB/s   2m26s[K[?25h[?2026l[?2026h[?25l[A[1Gpulling manifest [K
pulling e7b273f96360:  65% ▕███████████       ▏ 9.0 GB/ 13 GB   33 MB/s   2m25s[K[?25h[?2026l[?2026h[?25l[A[1Gpulling manifest [K
pulling e7b273f96360:  65% ▕███████████       ▏ 9.0 GB/ 13 GB   33 MB/s   2m25s[K[?25h[?2026l[?2026h[?25l[A[1Gpulling manifest [K
pulling e7b273f96360:  65% ▕███████████       ▏ 9.0 GB/ 13 GB   33 MB/s   2m25s[K[?25h[?2026l[?2026h[?25l[A[1Gpulling manifest [K
pulling e7b273f96360:  65% ▕███████████       ▏ 9.0 GB/ 13 GB   33 MB/s   2m25s[K[?25h[?2026l[?2026h[?25l[A[1Gpulling manifest [K
pulling e7b273f96360:  65% ▕███████████       ▏ 9.0 GB/ 13 GB   33 MB/s   2m25s[K[?25h[?2026l[?2026h[?25l[A[1Gpulling manifest [K
pulling e7b273f96360:  65% ▕███████████       ▏ 9.0 GB/ 13 GB   33 MB/s   2m25s[K[?25h[?2026l[?2026h[?25l[A[1Gpulling manifest [K
pulling e7b273f96360:  65% ▕███████████       ▏ 9.0 GB/ 13 GB   33 MB/s   2m25s[K[?25h[?2026l[?2026h[?25l[A[1Gpulling manifest [K
pulling e7b273f96360:  65% ▕███████████       ▏ 9.0 GB/ 13 GB   33 MB/s   2m25s[K[?25h[?2026l[?2026h[?25l[A[1Gpulling manifest [K
pulling e7b273f96360:  65% ▕███████████       ▏ 9.0 GB/ 13 GB   33 MB/s   2m21s[K[?25h[?2026l[?2026h[?25l[A[1Gpulling manifest [K
pulling e7b273f96360:  65% ▕███████████       ▏ 9.0 GB/ 13 GB   33 MB/s   2m21s[K[?25h[?2026l[?2026h[?25l[A[1Gpulling manifest [K
pulling e7b273f96360:  65% ▕███████████       ▏ 9.0 GB/ 13 GB   33 MB/s   2m21s[K[?25h[?2026l[?2026h[?25l[A[1Gpulling manifest [K
pulling e7b273f96360:  65% ▕███████████       ▏ 9.0 GB/ 13 GB   33 MB/s   2m21s[K[?25h[?2026l[?2026h[?25l[A[1Gpulling manifest [K
pulling e7b273f96360:  65% ▕███████████       ▏ 9.0 GB/ 13 GB   33 MB/s   2m21s[K[?25h[?2026l[?2026h[?25l[A[1Gpulling manifest [K
pulling e7b273f96360:  65% ▕███████████       ▏ 9.0 GB/ 13 GB   33 MB/s   2m21s[K[?25h[?2026l[?2026h[?25l[A[1Gpulling manifest [K
pulling e7b273f96360:  65% ▕███████████       ▏ 9.0 GB/ 13 GB   33 MB/s   2m21s[K[?25h[?2026l[?2026h[?25l[A[1Gpulling manifest [K
pulling e7b273f96360:  65% ▕███████████       ▏ 9.0 GB/ 13 GB   33 MB/s   2m21s[K[?25h[?2026l[?2026h[?25l[A[1Gpulling manifest [K
pulling e7b273f96360:  65% ▕███████████       ▏ 9.0 GB/ 13 GB   33 MB/s   2m21s[K[?25h[?2026l[?2026h[?25l[A[1Gpulling manifest [K
pulling e7b273f96360:  65% ▕███████████       ▏ 9.0 GB/ 13 GB   33 MB/s   2m20s[K[?25h[?2026l[?2026h[?25l[A[1Gpulling manifest [K
pulling e7b273f96360:  65% ▕███████████       ▏ 9.0 GB/ 13 GB   33 MB/s   2m20s[K[?25h[?2026l[?2026h[?25l[A[1Gpulling manifest [K
pulling e7b273f96360:  65% ▕███████████       ▏ 9.0 GB/ 13 GB   34 MB/s   2m19s[K[?25h[?2026l[?2026h[?25l[A[1Gpulling manifest [K
pulling e7b273f96360:  66% ▕███████████       ▏ 9.0 GB/ 13 GB   34 MB/s   2m19s[K[?25h[?2026l[?2026h[?25l[A[1Gpulling manifest [K
pulling e7b273f96360:  66% ▕███████████       ▏ 9.0 GB/ 13 GB   34 MB/s   2m19s[K[?25h[?2026l[?2026h[?25l[A[1Gpulling manifest [K
pulling e7b273f96360:  66% ▕███████████       ▏ 9.0 GB/ 13 GB   34 MB/s   2m19s[K[?25h[?2026l[?2026h[?25l[A[1Gpulling manifest [K
pulling e7b273f96360:  66% ▕███████████       ▏ 9.0 GB/ 13 GB   34 MB/s   2m19s[K[?25h[?2026l[?2026h[?25l[A[1Gpulling manifest [K
pulling e7b273f96360:  66% ▕███████████       ▏ 9.0 GB/ 13 GB   34 MB/s   2m18s[K[?25h[?2026l[?2026h[?25l[A[1Gpulling manifest [K
pulling e7b273f96360:  66% ▕███████████       ▏ 9.1 GB/ 13 GB   34 MB/s   2m18s[K[?25h[?2026l[?2026h[?25l[A[1Gpulling manifest [K
pulling e7b273f96360:  66% ▕███████████       ▏ 9.1 GB/ 13 GB   34 MB/s   2m18s[K[?25h[?2026l[?2026h[?25l[A[1Gpulling manifest [K
pulling e7b273f96360:  66% ▕███████████       ▏ 9.1 GB/ 13 GB   34 MB/s   2m18s[K[?25h[?2026l[?2026h[?25l[A[1Gpulling manifest [K
pulling e7b273f96360:  66% ▕███████████       ▏ 9.1 GB/ 13 GB   34 MB/s   2m18s[K[?25h[?2026l[?2026h[?25l[A[1Gpulling manifest [K
pulling e7b273f96360:  66% ▕███████████       ▏ 9.1 GB/ 13 GB   34 MB/s   2m18s[K[?25h[?2026l[?2026h[?25l[A[1Gpulling manifest [K
pulling e7b273f96360:  66% ▕███████████       ▏ 9.1 GB/ 13 GB   34 MB/s   2m18s[K[?25h[?2026l[?2026h[?25l[A[1Gpulling manifest [K
pulling e7b273f96360:  66% ▕███████████       ▏ 9.1 GB/ 13 GB   34 MB/s   2m18s[K[?25h[?2026l[?2026h[?25l[A[1Gpulling manifest [K
pulling e7b273f96360:  66% ▕███████████       ▏ 9.1 GB/ 13 GB   34 MB/s   2m18s[K[?25h[?2026l[?2026h[?25l[A[1Gpulling manifest [K
pulling e7b273f96360:  66% ▕███████████       ▏ 9.1 GB/ 13 GB   34 MB/s   2m18s[K[?25h[?2026l[?2026h[?25l[A[1Gpulling manifest [K
pulling e7b273f96360:  66% ▕███████████       ▏ 9.1 GB/ 13 GB   34 MB/s   2m18s[K[?25h[?2026l[?2026h[?25l[A[1Gpulling manifest [K
pulling e7b273f96360:  66% ▕███████████       ▏ 9.1 GB/ 13 GB   34 MB/s   2m17s[K[?25h[?2026l[?2026h[?25l[A[1Gpulling manifest [K
pulling e7b273f96360:  66% ▕███████████       ▏ 9.1 GB/ 13 GB   34 MB/s   2m17s[K[?25h[?2026l[?2026h[?25l[A[1Gpulling manifest [K
pulling e7b273f96360:  66% ▕███████████       ▏ 9.1 GB/ 13 GB   34 MB/s   2m17s[K[?25h[?2026l[?2026h[?25l[A[1Gpulling manifest [K
pulling e7b273f96360:  66% ▕███████████       ▏ 9.1 GB/ 13 GB   34 MB/s   2m17s[K[?25h[?2026l[?2026h[?25l[A[1Gpulling manifest [K
pulling e7b273f96360:  66% ▕███████████       ▏ 9.1 GB/ 13 GB   34 MB/s   2m18s[K[?25h[?2026l[?2026h[?25l[A[1Gpulling manifest [K
pulling e7b273f96360:  66% ▕███████████       ▏ 9.1 GB/ 13 GB   34 MB/s   2m18s[K[?25h[?2026l[?2026h[?25l[A[1Gpulling manifest [K
pulling e7b273f96360:  66% ▕███████████       ▏ 9.1 GB/ 13 GB   34 MB/s   2m18s[K[?25h[?2026l[?2026h[?25l[A[1Gpulling manifest [K
pulling e7b273f96360:  66% ▕███████████       ▏ 9.1 GB/ 13 GB   34 MB/s   2m17s[K[?25h[?2026l[?2026h[?25l[A[1Gpulling manifest [K
pulling e7b273f96360:  66% ▕███████████       ▏ 9.1 GB/ 13 GB   34 MB/s   2m17s[K[?25h[?2026l[?2026h[?25l[A[1Gpulling manifest [K
pulling e7b273f96360:  66% ▕███████████       ▏ 9.1 GB/ 13 GB   34 MB/s   2m17s[K[?25h[?2026l[?2026h[?25l[A[1Gpulling manifest [K
pulling e7b273f96360:  66% ▕███████████       ▏ 9.1 GB/ 13 GB   34 MB/s   2m17s[K[?25h[?2026l[?2026h[?25l[A[1Gpulling manifest [K
pulling e7b273f96360:  66% ▕███████████       ▏ 9.1 GB/ 13 GB   34 MB/s   2m17s[K[?25h[?2026l[?2026h[?25l[A[1Gpulling manifest [K
pulling e7b273f96360:  66% ▕███████████       ▏ 9.1 GB/ 13 GB   34 MB/s   2m17s[K[?25h[?2026l[?2026h[?25l[A[1Gpulling manifest [K
pulling e7b273f96360:  66% ▕███████████       ▏ 9.1 GB/ 13 GB   34 MB/s   2m17s[K[?25h[?2026l[?2026h[?25l[A[1Gpulling manifest [K
pulling e7b273f96360:  66% ▕███████████       ▏ 9.1 GB/ 13 GB   33 MB/s   2m18s[K[?25h[?2026l[?2026h[?25l[A[1Gpulling manifest [K
pulling e7b273f96360:  66% ▕███████████       ▏ 9.1 GB/ 13 GB   33 MB/s   2m18s[K[?25h[?2026l[?2026h[?25l[A[1Gpulling manifest [K
pulling e7b273f96360:  66% ▕███████████       ▏ 9.1 GB/ 13 GB   33 MB/s   2m18s[K[?25h[?2026l[?2026h[?25l[A[1Gpulling manifest [K
pulling e7b273f96360:  66% ▕███████████       ▏ 9.1 GB/ 13 GB   33 MB/s   2m18s[K[?25h[?2026l[?2026h[?25l[A[1Gpulling manifest [K
pulling e7b273f96360:  66% ▕███████████       ▏ 9.1 GB/ 13 GB   33 MB/s   2m17s[K[?25h[?2026l[?2026h[?25l[A[1Gpulling manifest [K
pulling e7b273f96360:  66% ▕███████████       ▏ 9.1 GB/ 13 GB   33 MB/s   2m17s[K[?25h[?2026l[?2026h[?25l[A[1Gpulling manifest [K
pulling e7b273f96360:  66% ▕███████████       ▏ 9.1 GB/ 13 GB   33 MB/s   2m17s[K[?25h[?2026l[?2026h[?25l[A[1Gpulling manifest [K
pulling e7b273f96360:  66% ▕███████████       ▏ 9.1 GB/ 13 GB   33 MB/s   2m17s[K[?25h[?2026l[?2026h[?25l[A[1Gpulling manifest [K
pulling e7b273f96360:  66% ▕███████████       ▏ 9.1 GB/ 13 GB   33 MB/s   2m17s[K[?25h[?2026l[?2026h[?25l[A[1Gpulling manifest [K
pulling e7b273f96360:  66% ▕███████████       ▏ 9.2 GB/ 13 GB   33 MB/s   2m17s[K[?25h[?2026l[?2026h[?25l[A[1Gpulling manifest [K
pulling e7b273f96360:  66% ▕███████████       ▏ 9.2 GB/ 13 GB   33 MB/s   2m18s[K[?25h[?2026l[?2026h[?25l[A[1Gpulling manifest [K
pulling e7b273f96360:  66% ▕███████████       ▏ 9.2 GB/ 13 GB   33 MB/s   2m18s[K[?25h[?2026l[?2026h[?25l[A[1Gpulling manifest [K
pulling e7b273f96360:  66% ▕███████████       ▏ 9.2 GB/ 13 GB   33 MB/s   2m18s[K[?25h[?2026l[?2026h[?25l[A[1Gpulling manifest [K
pulling e7b273f96360:  66% ▕███████████       ▏ 9.2 GB/ 13 GB   33 MB/s   2m18s[K[?25h[?2026l[?2026h[?25l[A[1Gpulling manifest [K
pulling e7b273f96360:  66% ▕███████████       ▏ 9.2 GB/ 13 GB   33 MB/s   2m17s[K[?25h[?2026l[?2026h[?25l[A[1Gpulling manifest [K
pulling e7b273f96360:  66% ▕███████████       ▏ 9.2 GB/ 13 GB   33 MB/s   2m17s[K[?25h[?2026l[?2026h[?25l[A[1Gpulling manifest [K
pulling e7b273f96360:  67% ▕███████████       ▏ 9.2 GB/ 13 GB   33 MB/s   2m17s[K[?25h[?2026l[?2026h[?25l[A[1Gpulling manifest [K
pulling e7b273f96360:  67% ▕███████████       ▏ 9.2 GB/ 13 GB   33 MB/s   2m17s[K[?25h[?2026l[?2026h[?25l[A[1Gpulling manifest [K
pulling e7b273f96360:  67% ▕███████████       ▏ 9.2 GB/ 13 GB   33 MB/s   2m17s[K[?25h[?2026l[?2026h[?25l[A[1Gpulling manifest [K
pulling e7b273f96360:  67% ▕███████████       ▏ 9.2 GB/ 13 GB   33 MB/s   2m17s[K[?25h[?2026l[?2026h[?25l[A[1Gpulling manifest [K
pulling e7b273f96360:  67% ▕███████████       ▏ 9.2 GB/ 13 GB   33 MB/s   2m17s[K[?25h[?2026l[?2026h[?25l[A[1Gpulling manifest [K
pulling e7b273f96360:  67% ▕███████████       ▏ 9.2 GB/ 13 GB   33 MB/s   2m17s[K[?25h[?2026l[?2026h[?25l[A[1Gpulling manifest [K
pulling e7b273f96360:  67% ▕███████████       ▏ 9.2 GB/ 13 GB   33 MB/s   2m17s[K[?25h[?2026l[?2026h[?25l[A[1Gpulling manifest [K
pulling e7b273f96360:  67% ▕███████████       ▏ 9.2 GB/ 13 GB   33 MB/s   2m17s[K[?25h[?2026l[?2026h[?25l[A[1Gpulling manifest [K
pulling e7b273f96360:  67% ▕████████████      ▏ 9.2 GB/ 13 GB   33 MB/s   2m17s[K[?25h[?2026l[?2026h[?25l[A[1Gpulling manifest [K
pulling e7b273f96360:  67% ▕████████████      ▏ 9.2 GB/ 13 GB   33 MB/s   2m17s[K[?25h[?2026l[?2026h[?25l[A[1Gpulling manifest [K
pulling e7b273f96360:  67% ▕████████████      ▏ 9.2 GB/ 13 GB   33 MB/s   2m17s[K[?25h[?2026l[?2026h[?25l[A[1Gpulling manifest [K
pulling e7b273f96360:  67% ▕████████████      ▏ 9.2 GB/ 13 GB   33 MB/s   2m17s[K[?25h[?2026l[?2026h[?25l[A[1Gpulling manifest [K
pulling e7b273f96360:  67% ▕████████████      ▏ 9.2 GB/ 13 GB   33 MB/s   2m17s[K[?25h[?2026l[?2026h[?25l[A[1Gpulling manifest [K
pulling e7b273f96360:  67% ▕████████████      ▏ 9.2 GB/ 13 GB   33 MB/s   2m17s[K[?25h[?2026l[?2026h[?25l[A[1Gpulling manifest [K
pulling e7b273f96360:  67% ▕████████████      ▏ 9.2 GB/ 13 GB   33 MB/s   2m17s[K[?25h[?2026l[?2026h[?25l[A[1Gpulling manifest [K
pulling e7b273f96360:  67% ▕████████████      ▏ 9.2 GB/ 13 GB   33 MB/s   2m18s[K[?25h[?2026l[?2026h[?25l[A[1Gpulling manifest [K
pulling e7b273f96360:  67% ▕████████████      ▏ 9.2 GB/ 13 GB   33 MB/s   2m18s[K[?25h[?2026l[?2026h[?25l[A[1Gpulling manifest [K
pulling e7b273f96360:  67% ▕████████████      ▏ 9.2 GB/ 13 GB   33 MB/s   2m18s[K[?25h[?2026l[?2026h[?25l[A[1Gpulling manifest [K
pulling e7b273f96360:  67% ▕████████████      ▏ 9.2 GB/ 13 GB   33 MB/s   2m18s[K[?25h[?2026l[?2026h[?25l[A[1Gpulling manifest [K
pulling e7b273f96360:  67% ▕████████████      ▏ 9.2 GB/ 13 GB   33 MB/s   2m18s[K[?25h[?2026l[?2026h[?25l[A[1Gpulling manifest [K
pulling e7b273f96360:  67% ▕████████████      ▏ 9.2 GB/ 13 GB   33 MB/s   2m17s[K[?25h[?2026l[?2026h[?25l[A[1Gpulling manifest [K
pulling e7b273f96360:  67% ▕████████████      ▏ 9.2 GB/ 13 GB   33 MB/s   2m17s[K[?25h[?2026l[?2026h[?25l[A[1Gpulling manifest [K
pulling e7b273f96360:  67% ▕████████████      ▏ 9.2 GB/ 13 GB   33 MB/s   2m17s[K[?25h[?2026l[?2026h[?25l[A[1Gpulling manifest [K
pulling e7b273f96360:  67% ▕████████████      ▏ 9.2 GB/ 13 GB   33 MB/s   2m17s[K[?25h[?2026l[?2026h[?25l[A[1Gpulling manifest [K
pulling e7b273f96360:  67% ▕████████████      ▏ 9.2 GB/ 13 GB   33 MB/s   2m17s[K[?25h[?2026l[?2026h[?25l[A[1Gpulling manifest [K
pulling e7b273f96360:  67% ▕████████████      ▏ 9.2 GB/ 13 GB   32 MB/s   2m19s[K[?25h[?2026l[?2026h[?25l[A[1Gpulling manifest [K
pulling e7b273f96360:  67% ▕████████████      ▏ 9.3 GB/ 13 GB   32 MB/s   2m19s[K[?25h[?2026l[?2026h[?25l[A[1Gpulling manifest [K
pulling e7b273f96360:  67% ▕████████████      ▏ 9.3 GB/ 13 GB   32 MB/s   2m19s[K[?25h[?2026l[?2026h[?25l[A[1Gpulling manifest [K
pulling e7b273f96360:  67% ▕████████████      ▏ 9.3 GB/ 13 GB   32 MB/s   2m19s[K[?25h[?2026l[?2026h[?25l[A[1Gpulling manifest [K
pulling e7b273f96360:  67% ▕████████████      ▏ 9.3 GB/ 13 GB   32 MB/s   2m18s[K[?25h[?2026l[?2026h[?25l[A[1Gpulling manifest [K
pulling e7b273f96360:  67% ▕████████████      ▏ 9.3 GB/ 13 GB   32 MB/s   2m18s[K[?25h[?2026l[?2026h[?25l[A[1Gpulling manifest [K
pulling e7b273f96360:  67% ▕████████████      ▏ 9.3 GB/ 13 GB   32 MB/s   2m18s[K[?25h[?2026l[?2026h[?25l[A[1Gpulling manifest [K
pulling e7b273f96360:  67% ▕████████████      ▏ 9.3 GB/ 13 GB   32 MB/s   2m18s[K[?25h[?2026l[?2026h[?25l[A[1Gpulling manifest [K
pulling e7b273f96360:  67% ▕████████████      ▏ 9.3 GB/ 13 GB   32 MB/s   2m18s[K[?25h[?2026l[?2026h[?25l[A[1Gpulling manifest [K
pulling e7b273f96360:  67% ▕████████████      ▏ 9.3 GB/ 13 GB   32 MB/s   2m18s[K[?25h[?2026l[?2026h[?25l[A[1Gpulling manifest [K
pulling e7b273f96360:  67% ▕████████████      ▏ 9.3 GB/ 13 GB   31 MB/s   2m22s[K[?25h[?2026l[?2026h[?25l[A[1Gpulling manifest [K
pulling e7b273f96360:  67% ▕████████████      ▏ 9.3 GB/ 13 GB   31 MB/s   2m22s[K[?25h[?2026l[?2026h[?25l[A[1Gpulling manifest [K
pulling e7b273f96360:  67% ▕████████████      ▏ 9.3 GB/ 13 GB   31 MB/s   2m22s[K[?25h[?2026l[?2026h[?25l[A[1Gpulling manifest [K
pulling e7b273f96360:  67% ▕████████████      ▏ 9.3 GB/ 13 GB   31 MB/s   2m22s[K[?25h[?2026l[?2026h[?25l[A[1Gpulling manifest [K
pulling e7b273f96360:  67% ▕████████████      ▏ 9.3 GB/ 13 GB   31 MB/s   2m22s[K[?25h[?2026l[?2026h[?25l[A[1Gpulling manifest [K
pulling e7b273f96360:  67% ▕████████████      ▏ 9.3 GB/ 13 GB   31 MB/s   2m21s[K[?25h[?2026l[?2026h[?25l[A[1Gpulling manifest [K
pulling e7b273f96360:  67% ▕████████████      ▏ 9.3 GB/ 13 GB   31 MB/s   2m21s[K[?25h[?2026l[?2026h[?25l[A[1Gpulling manifest [K
pulling e7b273f96360:  67% ▕████████████      ▏ 9.3 GB/ 13 GB   31 MB/s   2m21s[K[?25h[?2026l[?2026h[?25l[A[1Gpulling manifest [K
pulling e7b273f96360:  67% ▕████████████      ▏ 9.3 GB/ 13 GB   31 MB/s   2m21s[K[?25h[?2026l[?2026h[?25l[A[1Gpulling manifest [K
pulling e7b273f96360:  67% ▕████████████      ▏ 9.3 GB/ 13 GB   31 MB/s   2m21s[K[?25h[?2026l[?2026h[?25l[A[1Gpulling manifest [K
pulling e7b273f96360:  67% ▕████████████      ▏ 9.3 GB/ 13 GB   30 MB/s   2m25s[K[?25h[?2026l[?2026h[?25l[A[1Gpulling manifest [K
pulling e7b273f96360:  67% ▕████████████      ▏ 9.3 GB/ 13 GB   30 MB/s   2m25s[K[?25h[?2026l[?2026h[?25l[A[1Gpulling manifest [K
pulling e7b273f96360:  68% ▕████████████      ▏ 9.3 GB/ 13 GB   30 MB/s   2m25s[K[?25h[?2026l[?2026h[?25l[A[1Gpulling manifest [K
pulling e7b273f96360:  68% ▕████████████      ▏ 9.3 GB/ 13 GB   30 MB/s   2m25s[K[?25h[?2026l[?2026h[?25l[A[1Gpulling manifest [K
pulling e7b273f96360:  68% ▕████████████      ▏ 9.3 GB/ 13 GB   30 MB/s   2m25s[K[?25h[?2026l[?2026h[?25l[A[1Gpulling manifest [K
pulling e7b273f96360:  68% ▕████████████      ▏ 9.3 GB/ 13 GB   30 MB/s   2m25s[K[?25h[?2026l[?2026h[?25l[A[1Gpulling manifest [K
pulling e7b273f96360:  68% ▕████████████      ▏ 9.3 GB/ 13 GB   30 MB/s   2m24s[K[?25h[?2026l[?2026h[?25l[A[1Gpulling manifest [K
pulling e7b273f96360:  68% ▕████████████      ▏ 9.3 GB/ 13 GB   30 MB/s   2m24s[K[?25h[?2026l[?2026h[?25l[A[1Gpulling manifest [K
pulling e7b273f96360:  68% ▕████████████      ▏ 9.3 GB/ 13 GB   30 MB/s   2m24s[K[?25h[?2026l[?2026h[?25l[A[1Gpulling manifest [K
pulling e7b273f96360:  68% ▕████████████      ▏ 9.3 GB/ 13 GB   30 MB/s   2m24s[K[?25h[?2026l[?2026h[?25l[A[1Gpulling manifest [K
pulling e7b273f96360:  68% ▕████████████      ▏ 9.3 GB/ 13 GB   30 MB/s   2m24s[K[?25h[?2026l[?2026h[?25l[A[1Gpulling manifest [K
pulling e7b273f96360:  68% ▕████████████      ▏ 9.3 GB/ 13 GB   30 MB/s   2m24s[K[?25h[?2026l[?2026h[?25l[A[1Gpulling manifest [K
pulling e7b273f96360:  68% ▕████████████      ▏ 9.3 GB/ 13 GB   30 MB/s   2m24s[K[?25h[?2026l[?2026h[?25l[A[1Gpulling manifest [K
pulling e7b273f96360:  68% ▕████████████      ▏ 9.3 GB/ 13 GB   30 MB/s   2m24s[K[?25h[?2026l[?2026h[?25l[A[1Gpulling manifest [K
pulling e7b273f96360:  68% ▕████████████      ▏ 9.3 GB/ 13 GB   30 MB/s   2m24s[K[?25h[?2026l[?2026h[?25l[A[1Gpulling manifest [K
pulling e7b273f96360:  68% ▕████████████      ▏ 9.4 GB/ 13 GB   30 MB/s   2m24s[K[?25h[?2026l[?2026h[?25l[A[1Gpulling manifest [K
pulling e7b273f96360:  68% ▕████████████      ▏ 9.4 GB/ 13 GB   30 MB/s   2m23s[K[?25h[?2026l[?2026h[?25l[A[1Gpulling manifest [K
pulling e7b273f96360:  68% ▕████████████      ▏ 9.4 GB/ 13 GB   30 MB/s   2m23s[K[?25h[?2026l[?2026h[?25l[A[1Gpulling manifest [K
pulling e7b273f96360:  68% ▕████████████      ▏ 9.4 GB/ 13 GB   30 MB/s   2m23s[K[?25h[?2026l[?2026h[?25l[A[1Gpulling manifest [K
pulling e7b273f96360:  68% ▕████████████      ▏ 9.4 GB/ 13 GB   30 MB/s   2m23s[K[?25h[?2026l[?2026h[?25l[A[1Gpulling manifest [K
pulling e7b273f96360:  68% ▕████████████      ▏ 9.4 GB/ 13 GB   30 MB/s   2m23s[K[?25h[?2026l[?2026h[?25l[A[1Gpulling manifest [K
pulling e7b273f96360:  68% ▕████████████      ▏ 9.4 GB/ 13 GB   30 MB/s   2m25s[K[?25h[?2026l[?2026h[?25l[A[1Gpulling manifest [K
pulling e7b273f96360:  68% ▕████████████      ▏ 9.4 GB/ 13 GB   30 MB/s   2m24s[K[?25h[?2026l[?2026h[?25l[A[1Gpulling manifest [K
pulling e7b273f96360:  68% ▕████████████      ▏ 9.4 GB/ 13 GB   30 MB/s   2m24s[K[?25h[?2026l[?2026h[?25l[A[1Gpulling manifest [K
pulling e7b273f96360:  68% ▕████████████      ▏ 9.4 GB/ 13 GB   30 MB/s   2m24s[K[?25h[?2026l[?2026h[?25l[A[1Gpulling manifest [K
pulling e7b273f96360:  68% ▕████████████      ▏ 9.4 GB/ 13 GB   30 MB/s   2m24s[K[?25h[?2026l[?2026h[?25l[A[1Gpulling manifest [K
pulling e7b273f96360:  68% ▕████████████      ▏ 9.4 GB/ 13 GB   30 MB/s   2m24s[K[?25h[?2026l[?2026h[?25l[A[1Gpulling manifest [K
pulling e7b273f96360:  68% ▕████████████      ▏ 9.4 GB/ 13 GB   30 MB/s   2m24s[K[?25h[?2026l[?2026h[?25l[A[1Gpulling manifest [K
pulling e7b273f96360:  68% ▕████████████      ▏ 9.4 GB/ 13 GB   30 MB/s   2m24s[K[?25h[?2026l[?2026h[?25l[A[1Gpulling manifest [K
pulling e7b273f96360:  68% ▕████████████      ▏ 9.4 GB/ 13 GB   30 MB/s   2m24s[K[?25h[?2026l[?2026h[?25l[A[1Gpulling manifest [K
pulling e7b273f96360:  68% ▕████████████      ▏ 9.4 GB/ 13 GB   30 MB/s   2m24s[K[?25h[?2026l[?2026h[?25l[A[1Gpulling manifest [K
pulling e7b273f96360:  68% ▕████████████      ▏ 9.4 GB/ 13 GB   30 MB/s   2m24s[K[?25h[?2026l[?2026h[?25l[A[1Gpulling manifest [K
pulling e7b273f96360:  68% ▕████████████      ▏ 9.4 GB/ 13 GB   30 MB/s   2m24s[K[?25h[?2026l[?2026h[?25l[A[1Gpulling manifest [K
pulling e7b273f96360:  68% ▕████████████      ▏ 9.4 GB/ 13 GB   30 MB/s   2m24s[K[?25h[?2026l[?2026h[?25l[A[1Gpulling manifest [K
pulling e7b273f96360:  68% ▕████████████      ▏ 9.4 GB/ 13 GB   30 MB/s   2m24s[K[?25h[?2026l[?2026h[?25l[A[1Gpulling manifest [K
pulling e7b273f96360:  68% ▕████████████      ▏ 9.4 GB/ 13 GB   30 MB/s   2m24s[K[?25h[?2026l[?2026h[?25l[A[1Gpulling manifest [K
pulling e7b273f96360:  68% ▕████████████      ▏ 9.4 GB/ 13 GB   30 MB/s   2m24s[K[?25h[?2026l[?2026h[?25l[A[1Gpulling manifest [K
pulling e7b273f96360:  68% ▕████████████      ▏ 9.4 GB/ 13 GB   30 MB/s   2m24s[K[?25h[?2026l[?2026h[?25l[A[1Gpulling manifest [K
pulling e7b273f96360:  68% ▕████████████      ▏ 9.4 GB/ 13 GB   30 MB/s   2m24s[K[?25h[?2026l[?2026h[?25l[A[1Gpulling manifest [K
pulling e7b273f96360:  68% ▕████████████      ▏ 9.4 GB/ 13 GB   30 MB/s   2m23s[K[?25h[?2026l[?2026h[?25l[A[1Gpulling manifest [K
pulling e7b273f96360:  68% ▕████████████      ▏ 9.4 GB/ 13 GB   30 MB/s   2m23s[K[?25h[?2026l[?2026h[?25l[A[1Gpulling manifest [K
pulling e7b273f96360:  68% ▕████████████      ▏ 9.4 GB/ 13 GB   30 MB/s   2m23s[K[?25h[?2026l[?2026h[?25l[A[1Gpulling manifest [K
pulling e7b273f96360:  68% ▕████████████      ▏ 9.4 GB/ 13 GB   30 MB/s   2m23s[K[?25h[?2026l[?2026h[?25l[A[1Gpulling manifest [K
pulling e7b273f96360:  68% ▕████████████      ▏ 9.4 GB/ 13 GB   30 MB/s   2m23s[K[?25h[?2026l[?2026h[?25l[A[1Gpulling manifest [K
pulling e7b273f96360:  68% ▕████████████      ▏ 9.4 GB/ 13 GB   30 MB/s   2m23s[K[?25h[?2026l[?2026h[?25l[A[1Gpulling manifest [K
pulling e7b273f96360:  68% ▕████████████      ▏ 9.4 GB/ 13 GB   30 MB/s   2m23s[K[?25h[?2026l[?2026h[?25l[A[1Gpulling manifest [K
pulling e7b273f96360:  68% ▕████████████      ▏ 9.4 GB/ 13 GB   30 MB/s   2m23s[K[?25h[?2026l[?2026h[?25l[A[1Gpulling manifest [K
pulling e7b273f96360:  68% ▕████████████      ▏ 9.4 GB/ 13 GB   30 MB/s   2m22s[K[?25h[?2026l[?2026h[?25l[A[1Gpulling manifest [K
pulling e7b273f96360:  69% ▕████████████      ▏ 9.5 GB/ 13 GB   30 MB/s   2m22s[K[?25h[?2026l[?2026h[?25l[A[1Gpulling manifest [K
pulling e7b273f96360:  69% ▕████████████      ▏ 9.5 GB/ 13 GB   30 MB/s   2m22s[K[?25h[?2026l[?2026h[?25l[A[1Gpulling manifest [K
pulling e7b273f96360:  69% ▕████████████      ▏ 9.5 GB/ 13 GB   30 MB/s   2m22s[K[?25h[?2026l[?2026h[?25l[A[1Gpulling manifest [K
pulling e7b273f96360:  69% ▕████████████      ▏ 9.5 GB/ 13 GB   30 MB/s   2m22s[K[?25h[?2026l[?2026h[?25l[A[1Gpulling manifest [K
pulling e7b273f96360:  69% ▕████████████      ▏ 9.5 GB/ 13 GB   30 MB/s   2m22s[K[?25h[?2026l[?2026h[?25l[A[1Gpulling manifest [K
pulling e7b273f96360:  69% ▕████████████      ▏ 9.5 GB/ 13 GB   30 MB/s   2m22s[K[?25h[?2026l[?2026h[?25l[A[1Gpulling manifest [K
pulling e7b273f96360:  69% ▕████████████      ▏ 9.5 GB/ 13 GB   30 MB/s   2m22s[K[?25h[?2026l[?2026h[?25l[A[1Gpulling manifest [K
pulling e7b273f96360:  69% ▕████████████      ▏ 9.5 GB/ 13 GB   30 MB/s   2m22s[K[?25h[?2026l[?2026h[?25l[A[1Gpulling manifest [K
pulling e7b273f96360:  69% ▕████████████      ▏ 9.5 GB/ 13 GB   30 MB/s   2m22s[K[?25h[?2026l[?2026h[?25l[A[1Gpulling manifest [K
pulling e7b273f96360:  69% ▕████████████      ▏ 9.5 GB/ 13 GB   30 MB/s   2m22s[K[?25h[?2026l[?2026h[?25l[A[1Gpulling manifest [K
pulling e7b273f96360:  69% ▕████████████      ▏ 9.5 GB/ 13 GB   30 MB/s   2m22s[K[?25h[?2026l[?2026h[?25l[A[1Gpulling manifest [K
pulling e7b273f96360:  69% ▕████████████      ▏ 9.5 GB/ 13 GB   30 MB/s   2m22s[K[?25h[?2026l[?2026h[?25l[A[1Gpulling manifest [K
pulling e7b273f96360:  69% ▕████████████      ▏ 9.5 GB/ 13 GB   30 MB/s   2m21s[K[?25h[?2026l[?2026h[?25l[A[1Gpulling manifest [K
pulling e7b273f96360:  69% ▕████████████      ▏ 9.5 GB/ 13 GB   30 MB/s   2m21s[K[?25h[?2026l[?2026h[?25l[A[1Gpulling manifest [K
pulling e7b273f96360:  69% ▕████████████      ▏ 9.5 GB/ 13 GB   30 MB/s   2m22s[K[?25h[?2026l[?2026h[?25l[A[1Gpulling manifest [K
pulling e7b273f96360:  69% ▕████████████      ▏ 9.5 GB/ 13 GB   30 MB/s   2m21s[K[?25h[?2026l[?2026h[?25l[A[1Gpulling manifest [K
pulling e7b273f96360:  69% ▕████████████      ▏ 9.5 GB/ 13 GB   30 MB/s   2m21s[K[?25h[?2026l[?2026h[?25l[A[1Gpulling manifest [K
pulling e7b273f96360:  69% ▕████████████      ▏ 9.5 GB/ 13 GB   30 MB/s   2m21s[K[?25h[?2026l[?2026h[?25l[A[1Gpulling manifest [K
pulling e7b273f96360:  69% ▕████████████      ▏ 9.5 GB/ 13 GB   30 MB/s   2m21s[K[?25h[?2026l[?2026h[?25l[A[1Gpulling manifest [K
pulling e7b273f96360:  69% ▕████████████      ▏ 9.5 GB/ 13 GB   30 MB/s   2m21s[K[?25h[?2026l[?2026h[?25l[A[1Gpulling manifest [K
pulling e7b273f96360:  69% ▕████████████      ▏ 9.5 GB/ 13 GB   30 MB/s   2m21s[K[?25h[?2026l[?2026h[?25l[A[1Gpulling manifest [K
pulling e7b273f96360:  69% ▕████████████      ▏ 9.5 GB/ 13 GB   30 MB/s   2m21s[K[?25h[?2026l[?2026h[?25l[A[1Gpulling manifest [K
pulling e7b273f96360:  69% ▕████████████      ▏ 9.5 GB/ 13 GB   30 MB/s   2m21s[K[?25h[?2026l[?2026h[?25l[A[1Gpulling manifest [K
pulling e7b273f96360:  69% ▕████████████      ▏ 9.5 GB/ 13 GB   30 MB/s   2m21s[K[?25h[?2026l[?2026h[?25l[A[1Gpulling manifest [K
pulling e7b273f96360:  69% ▕████████████      ▏ 9.5 GB/ 13 GB   30 MB/s   2m19s[K[?25h[?2026l[?2026h[?25l[A[1Gpulling manifest [K
pulling e7b273f96360:  69% ▕████████████      ▏ 9.5 GB/ 13 GB   30 MB/s   2m19s[K[?25h[?2026l[?2026h[?25l[A[1Gpulling manifest [K
pulling e7b273f96360:  69% ▕████████████      ▏ 9.5 GB/ 13 GB   30 MB/s   2m19s[K[?25h[?2026l[?2026h[?25l[A[1Gpulling manifest [K
pulling e7b273f96360:  69% ▕████████████      ▏ 9.5 GB/ 13 GB   30 MB/s   2m19s[K[?25h[?2026l[?2026h[?25l[A[1Gpulling manifest [K
pulling e7b273f96360:  69% ▕████████████      ▏ 9.5 GB/ 13 GB   30 MB/s   2m19s[K[?25h[?2026l[?2026h[?25l[A[1Gpulling manifest [K
pulling e7b273f96360:  69% ▕████████████      ▏ 9.5 GB/ 13 GB   30 MB/s   2m19s[K[?25h[?2026l[?2026h[?25l[A[1Gpulling manifest [K
pulling e7b273f96360:  69% ▕████████████      ▏ 9.5 GB/ 13 GB   30 MB/s   2m19s[K[?25h[?2026l[?2026h[?25l[A[1Gpulling manifest [K
pulling e7b273f96360:  69% ▕████████████      ▏ 9.5 GB/ 13 GB   30 MB/s   2m19s[K[?25h[?2026l[?2026h[?25l[A[1Gpulling manifest [K
pulling e7b273f96360:  69% ▕████████████      ▏ 9.6 GB/ 13 GB   30 MB/s   2m19s[K[?25h[?2026l[?2026h[?25l[A[1Gpulling manifest [K
pulling e7b273f96360:  69% ▕████████████      ▏ 9.6 GB/ 13 GB   30 MB/s   2m19s[K[?25h[?2026l[?2026h[?25l[A[1Gpulling manifest [K
pulling e7b273f96360:  69% ▕████████████      ▏ 9.6 GB/ 13 GB   30 MB/s   2m17s[K[?25h[?2026l[?2026h[?25l[A[1Gpulling manifest [K
pulling e7b273f96360:  69% ▕████████████      ▏ 9.6 GB/ 13 GB   30 MB/s   2m16s[K[?25h[?2026l[?2026h[?25l[A[1Gpulling manifest [K
pulling e7b273f96360:  69% ▕████████████      ▏ 9.6 GB/ 13 GB   30 MB/s   2m16s[K[?25h[?2026l[?2026h[?25l[A[1Gpulling manifest [K
pulling e7b273f96360:  69% ▕████████████      ▏ 9.6 GB/ 13 GB   30 MB/s   2m16s[K[?25h[?2026l[?2026h[?25l[A[1Gpulling manifest [K
pulling e7b273f96360:  69% ▕████████████      ▏ 9.6 GB/ 13 GB   30 MB/s   2m16s[K[?25h[?2026l[?2026h[?25l[A[1Gpulling manifest [K
pulling e7b273f96360:  69% ▕████████████      ▏ 9.6 GB/ 13 GB   30 MB/s   2m16s[K[?25h[?2026l[?2026h[?25l[A[1Gpulling manifest [K
pulling e7b273f96360:  69% ▕████████████      ▏ 9.6 GB/ 13 GB   30 MB/s   2m16s[K[?25h[?2026l[?2026h[?25l[A[1Gpulling manifest [K
pulling e7b273f96360:  69% ▕████████████      ▏ 9.6 GB/ 13 GB   30 MB/s   2m16s[K[?25h[?2026l[?2026h[?25l[A[1Gpulling manifest [K
pulling e7b273f96360:  69% ▕████████████      ▏ 9.6 GB/ 13 GB   30 MB/s   2m16s[K[?25h[?2026l[?2026h[?25l[A[1Gpulling manifest [K
pulling e7b273f96360:  70% ▕████████████      ▏ 9.6 GB/ 13 GB   30 MB/s   2m16s[K[?25h[?2026l[?2026h[?25l[A[1Gpulling manifest [K
pulling e7b273f96360:  70% ▕████████████      ▏ 9.6 GB/ 13 GB   31 MB/s   2m13s[K[?25h[?2026l[?2026h[?25l[A[1Gpulling manifest [K
pulling e7b273f96360:  70% ▕████████████      ▏ 9.6 GB/ 13 GB   31 MB/s   2m13s[K[?25h[?2026l[?2026h[?25l[A[1Gpulling manifest [K
pulling e7b273f96360:  70% ▕████████████      ▏ 9.6 GB/ 13 GB   31 MB/s   2m13s[K[?25h[?2026l[?2026h[?25l[A[1Gpulling manifest [K
pulling e7b273f96360:  70% ▕████████████      ▏ 9.6 GB/ 13 GB   31 MB/s   2m13s[K[?25h[?2026l[?2026h[?25l[A[1Gpulling manifest [K
pulling e7b273f96360:  70% ▕████████████      ▏ 9.6 GB/ 13 GB   31 MB/s   2m13s[K[?25h[?2026l[?2026h[?25l[A[1Gpulling manifest [K
pulling e7b273f96360:  70% ▕████████████      ▏ 9.6 GB/ 13 GB   31 MB/s   2m13s[K[?25h[?2026l[?2026h[?25l[A[1Gpulling manifest [K
pulling e7b273f96360:  70% ▕████████████      ▏ 9.6 GB/ 13 GB   31 MB/s   2m12s[K[?25h[?2026l[?2026h[?25l[A[1Gpulling manifest [K
pulling e7b273f96360:  70% ▕████████████      ▏ 9.6 GB/ 13 GB   31 MB/s   2m12s[K[?25h[?2026l[?2026h[?25l[A[1Gpulling manifest [K
pulling e7b273f96360:  70% ▕████████████      ▏ 9.6 GB/ 13 GB   31 MB/s   2m12s[K[?25h[?2026l[?2026h[?25l[A[1Gpulling manifest [K
pulling e7b273f96360:  70% ▕████████████      ▏ 9.6 GB/ 13 GB   31 MB/s   2m12s[K[?25h[?2026l[?2026h[?25l[A[1Gpulling manifest [K
pulling e7b273f96360:  70% ▕████████████      ▏ 9.6 GB/ 13 GB   31 MB/s   2m14s[K[?25h[?2026l[?2026h[?25l[A[1Gpulling manifest [K
pulling e7b273f96360:  70% ▕████████████      ▏ 9.6 GB/ 13 GB   31 MB/s   2m14s[K[?25h[?2026l[?2026h[?25l[A[1Gpulling manifest [K
pulling e7b273f96360:  70% ▕████████████      ▏ 9.6 GB/ 13 GB   31 MB/s   2m14s[K[?25h[?2026l[?2026h[?25l[A[1Gpulling manifest [K
pulling e7b273f96360:  70% ▕████████████      ▏ 9.6 GB/ 13 GB   31 MB/s   2m14s[K[?25h[?2026l[?2026h[?25l[A[1Gpulling manifest [K
pulling e7b273f96360:  70% ▕████████████      ▏ 9.6 GB/ 13 GB   31 MB/s   2m14s[K[?25h[?2026l[?2026h[?25l[A[1Gpulling manifest [K
pulling e7b273f96360:  70% ▕████████████      ▏ 9.6 GB/ 13 GB   31 MB/s   2m13s[K[?25h[?2026l[?2026h[?25l[A[1Gpulling manifest [K
pulling e7b273f96360:  70% ▕████████████      ▏ 9.6 GB/ 13 GB   31 MB/s   2m13s[K[?25h[?2026l[?2026h[?25l[A[1Gpulling manifest [K
pulling e7b273f96360:  70% ▕████████████      ▏ 9.6 GB/ 13 GB   31 MB/s   2m13s[K[?25h[?2026l[?2026h[?25l[A[1Gpulling manifest [K
pulling e7b273f96360:  70% ▕████████████      ▏ 9.6 GB/ 13 GB   31 MB/s   2m13s[K[?25h[?2026l[?2026h[?25l[A[1Gpulling manifest [K
pulling e7b273f96360:  70% ▕████████████      ▏ 9.6 GB/ 13 GB   31 MB/s   2m13s[K[?25h[?2026l[?2026h[?25l[A[1Gpulling manifest [K
pulling e7b273f96360:  70% ▕████████████      ▏ 9.7 GB/ 13 GB   31 MB/s   2m13s[K[?25h[?2026l[?2026h[?25l[A[1Gpulling manifest [K
pulling e7b273f96360:  70% ▕████████████      ▏ 9.7 GB/ 13 GB   31 MB/s   2m10s[K[?25h[?2026l[?2026h[?25l[A[1Gpulling manifest [K
pulling e7b273f96360:  70% ▕████████████      ▏ 9.7 GB/ 13 GB   31 MB/s   2m10s[K[?25h[?2026l[?2026h[?25l[A[1Gpulling manifest [K
pulling e7b273f96360:  70% ▕████████████      ▏ 9.7 GB/ 13 GB   31 MB/s   2m10s[K[?25h[?2026l[?2026h[?25l[A[1Gpulling manifest [K
pulling e7b273f96360:  70% ▕████████████      ▏ 9.7 GB/ 13 GB   31 MB/s    2m9s[K[?25h[?2026l[?2026h[?25l[A[1Gpulling manifest [K
pulling e7b273f96360:  70% ▕████████████      ▏ 9.7 GB/ 13 GB   31 MB/s    2m9s[K[?25h[?2026l[?2026h[?25l[A[1Gpulling manifest [K
pulling e7b273f96360:  70% ▕████████████      ▏ 9.7 GB/ 13 GB   31 MB/s    2m9s[K[?25h[?2026l[?2026h[?25l[A[1Gpulling manifest [K
pulling e7b273f96360:  70% ▕████████████      ▏ 9.7 GB/ 13 GB   31 MB/s    2m9s[K[?25h[?2026l[?2026h[?25l[A[1Gpulling manifest [K
pulling e7b273f96360:  70% ▕████████████      ▏ 9.7 GB/ 13 GB   31 MB/s    2m9s[K[?25h[?2026l[?2026h[?25l[A[1Gpulling manifest [K
pulling e7b273f96360:  70% ▕████████████      ▏ 9.7 GB/ 13 GB   31 MB/s    2m9s[K[?25h[?2026l[?2026h[?25l[A[1Gpulling manifest [K
pulling e7b273f96360:  70% ▕████████████      ▏ 9.7 GB/ 13 GB   31 MB/s    2m9s[K[?25h[?2026l[?2026h[?25l[A[1Gpulling manifest [K
pulling e7b273f96360:  70% ▕████████████      ▏ 9.7 GB/ 13 GB   31 MB/s    2m9s[K[?25h[?2026l[?2026h[?25l[A[1Gpulling manifest [K
pulling e7b273f96360:  70% ▕████████████      ▏ 9.7 GB/ 13 GB   31 MB/s    2m9s[K[?25h[?2026l[?2026h[?25l[A[1Gpulling manifest [K
pulling e7b273f96360:  70% ▕████████████      ▏ 9.7 GB/ 13 GB   31 MB/s    2m9s[K[?25h[?2026l[?2026h[?25l[A[1Gpulling manifest [K
pulling e7b273f96360:  70% ▕████████████      ▏ 9.7 GB/ 13 GB   31 MB/s    2m9s[K[?25h[?2026l[?2026h[?25l[A[1Gpulling manifest [K
pulling e7b273f96360:  70% ▕████████████      ▏ 9.7 GB/ 13 GB   31 MB/s    2m9s[K[?25h[?2026l[?2026h[?25l[A[1Gpulling manifest [K
pulling e7b273f96360:  70% ▕████████████      ▏ 9.7 GB/ 13 GB   31 MB/s    2m9s[K[?25h[?2026l[?2026h[?25l[A[1Gpulling manifest [K
pulling e7b273f96360:  70% ▕████████████      ▏ 9.7 GB/ 13 GB   31 MB/s    2m9s[K[?25h[?2026l[?2026h[?25l[A[1Gpulling manifest [K
pulling e7b273f96360:  70% ▕████████████      ▏ 9.7 GB/ 13 GB   31 MB/s    2m9s[K[?25h[?2026l[?2026h[?25l[A[1Gpulling manifest [K
pulling e7b273f96360:  70% ▕████████████      ▏ 9.7 GB/ 13 GB   31 MB/s    2m9s[K[?25h[?2026l[?2026h[?25l[A[1Gpulling manifest [K
pulling e7b273f96360:  70% ▕████████████      ▏ 9.7 GB/ 13 GB   31 MB/s    2m9s[K[?25h[?2026l[?2026h[?25l[A[1Gpulling manifest [K
pulling e7b273f96360:  70% ▕████████████      ▏ 9.7 GB/ 13 GB   31 MB/s    2m9s[K[?25h[?2026l[?2026h[?25l[A[1Gpulling manifest [K
pulling e7b273f96360:  70% ▕████████████      ▏ 9.7 GB/ 13 GB   31 MB/s    2m9s[K[?25h[?2026l[?2026h[?25l[A[1Gpulling manifest [K
pulling e7b273f96360:  70% ▕████████████      ▏ 9.7 GB/ 13 GB   31 MB/s    2m9s[K[?25h[?2026l[?2026h[?25l[A[1Gpulling manifest [K
pulling e7b273f96360:  70% ▕████████████      ▏ 9.7 GB/ 13 GB   31 MB/s    2m9s[K[?25h[?2026l[?2026h[?25l[A[1Gpulling manifest [K
pulling e7b273f96360:  70% ▕████████████      ▏ 9.7 GB/ 13 GB   31 MB/s    2m9s[K[?25h[?2026l[?2026h[?25l[A[1Gpulling manifest [K
pulling e7b273f96360:  71% ▕████████████      ▏ 9.7 GB/ 13 GB   31 MB/s    2m9s[K[?25h[?2026l[?2026h[?25l[A[1Gpulling manifest [K
pulling e7b273f96360:  71% ▕████████████      ▏ 9.7 GB/ 13 GB   31 MB/s    2m9s[K[?25h[?2026l[?2026h[?25l[A[1Gpulling manifest [K
pulling e7b273f96360:  71% ▕████████████      ▏ 9.7 GB/ 13 GB   31 MB/s    2m9s[K[?25h[?2026l[?2026h[?25l[A[1Gpulling manifest [K
pulling e7b273f96360:  71% ▕████████████      ▏ 9.7 GB/ 13 GB   31 MB/s    2m9s[K[?25h[?2026l[?2026h[?25l[A[1Gpulling manifest [K
pulling e7b273f96360:  71% ▕████████████      ▏ 9.7 GB/ 13 GB   31 MB/s    2m8s[K[?25h[?2026l[?2026h[?25l[A[1Gpulling manifest [K
pulling e7b273f96360:  71% ▕████████████      ▏ 9.7 GB/ 13 GB   31 MB/s    2m8s[K[?25h[?2026l[?2026h[?25l[A[1Gpulling manifest [K
pulling e7b273f96360:  71% ▕████████████      ▏ 9.7 GB/ 13 GB   31 MB/s    2m8s[K[?25h[?2026l[?2026h[?25l[A[1Gpulling manifest [K
pulling e7b273f96360:  71% ▕████████████      ▏ 9.7 GB/ 13 GB   31 MB/s    2m8s[K[?25h[?2026l[?2026h[?25l[A[1Gpulling manifest [K
pulling e7b273f96360:  71% ▕████████████      ▏ 9.8 GB/ 13 GB   31 MB/s    2m8s[K[?25h[?2026l[?2026h[?25l[A[1Gpulling manifest [K
pulling e7b273f96360:  71% ▕████████████      ▏ 9.8 GB/ 13 GB   31 MB/s    2m8s[K[?25h[?2026l[?2026h[?25l[A[1Gpulling manifest [K
pulling e7b273f96360:  71% ▕████████████      ▏ 9.8 GB/ 13 GB   31 MB/s    2m8s[K[?25h[?2026l[?2026h[?25l[A[1Gpulling manifest [K
pulling e7b273f96360:  71% ▕████████████      ▏ 9.8 GB/ 13 GB   31 MB/s    2m8s[K[?25h[?2026l[?2026h[?25l[A[1Gpulling manifest [K
pulling e7b273f96360:  71% ▕████████████      ▏ 9.8 GB/ 13 GB   31 MB/s    2m8s[K[?25h[?2026l[?2026h[?25l[A[1Gpulling manifest [K
pulling e7b273f96360:  71% ▕████████████      ▏ 9.8 GB/ 13 GB   31 MB/s    2m7s[K[?25h[?2026l[?2026h[?25l[A[1Gpulling manifest [K
pulling e7b273f96360:  71% ▕████████████      ▏ 9.8 GB/ 13 GB   31 MB/s    2m7s[K[?25h[?2026l[?2026h[?25l[A[1Gpulling manifest [K
pulling e7b273f96360:  71% ▕████████████      ▏ 9.8 GB/ 13 GB   31 MB/s    2m6s[K[?25h[?2026l[?2026h[?25l[A[1Gpulling manifest [K
pulling e7b273f96360:  71% ▕████████████      ▏ 9.8 GB/ 13 GB   31 MB/s    2m6s[K[?25h[?2026l[?2026h[?25l[A[1Gpulling manifest [K
pulling e7b273f96360:  71% ▕████████████      ▏ 9.8 GB/ 13 GB   31 MB/s    2m6s[K[?25h[?2026l[?2026h[?25l[A[1Gpulling manifest [K
pulling e7b273f96360:  71% ▕████████████      ▏ 9.8 GB/ 13 GB   31 MB/s    2m6s[K[?25h[?2026l[?2026h[?25l[A[1Gpulling manifest [K
pulling e7b273f96360:  71% ▕████████████      ▏ 9.8 GB/ 13 GB   31 MB/s    2m6s[K[?25h[?2026l[?2026h[?25l[A[1Gpulling manifest [K
pulling e7b273f96360:  71% ▕████████████      ▏ 9.8 GB/ 13 GB   31 MB/s    2m5s[K[?25h[?2026l[?2026h[?25l[A[1Gpulling manifest [K
pulling e7b273f96360:  71% ▕████████████      ▏ 9.8 GB/ 13 GB   31 MB/s    2m5s[K[?25h[?2026l[?2026h[?25l[A[1Gpulling manifest [K
pulling e7b273f96360:  71% ▕████████████      ▏ 9.8 GB/ 13 GB   31 MB/s    2m5s[K[?25h[?2026l[?2026h[?25l[A[1Gpulling manifest [K
pulling e7b273f96360:  71% ▕████████████      ▏ 9.8 GB/ 13 GB   31 MB/s    2m5s[K[?25h[?2026l[?2026h[?25l[A[1Gpulling manifest [K
pulling e7b273f96360:  71% ▕████████████      ▏ 9.8 GB/ 13 GB   31 MB/s    2m5s[K[?25h[?2026l[?2026h[?25l[A[1Gpulling manifest [K
pulling e7b273f96360:  71% ▕████████████      ▏ 9.8 GB/ 13 GB   31 MB/s    2m5s[K[?25h[?2026l[?2026h[?25l[A[1Gpulling manifest [K
pulling e7b273f96360:  71% ▕████████████      ▏ 9.8 GB/ 13 GB   31 MB/s    2m6s[K[?25h[?2026l[?2026h[?25l[A[1Gpulling manifest [K
pulling e7b273f96360:  71% ▕████████████      ▏ 9.8 GB/ 13 GB   31 MB/s    2m6s[K[?25h[?2026l[?2026h[?25l[A[1Gpulling manifest [K
pulling e7b273f96360:  71% ▕████████████      ▏ 9.8 GB/ 13 GB   31 MB/s    2m6s[K[?25h[?2026l[?2026h[?25l[A[1Gpulling manifest [K
pulling e7b273f96360:  71% ▕████████████      ▏ 9.8 GB/ 13 GB   31 MB/s    2m6s[K[?25h[?2026l[?2026h[?25l[A[1Gpulling manifest [K
pulling e7b273f96360:  71% ▕████████████      ▏ 9.8 GB/ 13 GB   31 MB/s    2m5s[K[?25h[?2026l[?2026h[?25l[A[1Gpulling manifest [K
pulling e7b273f96360:  71% ▕████████████      ▏ 9.8 GB/ 13 GB   31 MB/s    2m5s[K[?25h[?2026l[?2026h[?25l[A[1Gpulling manifest [K
pulling e7b273f96360:  71% ▕████████████      ▏ 9.8 GB/ 13 GB   31 MB/s    2m5s[K[?25h[?2026l[?2026h[?25l[A[1Gpulling manifest [K
pulling e7b273f96360:  71% ▕████████████      ▏ 9.8 GB/ 13 GB   31 MB/s    2m5s[K[?25h[?2026l[?2026h[?25l[A[1Gpulling manifest [K
pulling e7b273f96360:  71% ▕████████████      ▏ 9.8 GB/ 13 GB   31 MB/s    2m5s[K[?25h[?2026l[?2026h[?25l[A[1Gpulling manifest [K
pulling e7b273f96360:  71% ▕████████████      ▏ 9.8 GB/ 13 GB   31 MB/s    2m5s[K[?25h[?2026l[?2026h[?25l[A[1Gpulling manifest [K
pulling e7b273f96360:  71% ▕████████████      ▏ 9.8 GB/ 13 GB   31 MB/s    2m5s[K[?25h[?2026l[?2026h[?25l[A[1Gpulling manifest [K
pulling e7b273f96360:  71% ▕████████████      ▏ 9.8 GB/ 13 GB   31 MB/s    2m5s[K[?25h[?2026l[?2026h[?25l[A[1Gpulling manifest [K
pulling e7b273f96360:  71% ▕████████████      ▏ 9.8 GB/ 13 GB   31 MB/s    2m5s[K[?25h[?2026l[?2026h[?25l[A[1Gpulling manifest [K
pulling e7b273f96360:  71% ▕████████████      ▏ 9.9 GB/ 13 GB   31 MB/s    2m5s[K[?25h[?2026l[?2026h[?25l[A[1Gpulling manifest [K
pulling e7b273f96360:  71% ▕████████████      ▏ 9.9 GB/ 13 GB   31 MB/s    2m5s[K[?25h[?2026l[?2026h[?25l[A[1Gpulling manifest [K
pulling e7b273f96360:  71% ▕████████████      ▏ 9.9 GB/ 13 GB   31 MB/s    2m5s[K[?25h[?2026l[?2026h[?25l[A[1Gpulling manifest [K
pulling e7b273f96360:  71% ▕████████████      ▏ 9.9 GB/ 13 GB   31 MB/s    2m5s[K[?25h[?2026l[?2026h[?25l[A[1Gpulling manifest [K
pulling e7b273f96360:  72% ▕████████████      ▏ 9.9 GB/ 13 GB   31 MB/s    2m5s[K[?25h[?2026l[?2026h[?25l[A[1Gpulling manifest [K
pulling e7b273f96360:  72% ▕████████████      ▏ 9.9 GB/ 13 GB   31 MB/s    2m5s[K[?25h[?2026l[?2026h[?25l[A[1Gpulling manifest [K
pulling e7b273f96360:  72% ▕████████████      ▏ 9.9 GB/ 13 GB   31 MB/s    2m4s[K[?25h[?2026l[?2026h[?25l[A[1Gpulling manifest [K
pulling e7b273f96360:  72% ▕████████████      ▏ 9.9 GB/ 13 GB   31 MB/s    2m5s[K[?25h[?2026l[?2026h[?25l[A[1Gpulling manifest [K
pulling e7b273f96360:  72% ▕████████████      ▏ 9.9 GB/ 13 GB   31 MB/s    2m5s[K[?25h[?2026l[?2026h[?25l[A[1Gpulling manifest [K
pulling e7b273f96360:  72% ▕████████████      ▏ 9.9 GB/ 13 GB   31 MB/s    2m4s[K[?25h[?2026l[?2026h[?25l[A[1Gpulling manifest [K
pulling e7b273f96360:  72% ▕████████████      ▏ 9.9 GB/ 13 GB   31 MB/s    2m4s[K[?25h[?2026l[?2026h[?25l[A[1Gpulling manifest [K
pulling e7b273f96360:  72% ▕████████████      ▏ 9.9 GB/ 13 GB   31 MB/s    2m4s[K[?25h[?2026l[?2026h[?25l[A[1Gpulling manifest [K
pulling e7b273f96360:  72% ▕████████████      ▏ 9.9 GB/ 13 GB   31 MB/s    2m4s[K[?25h[?2026l[?2026h[?25l[A[1Gpulling manifest [K
pulling e7b273f96360:  72% ▕████████████      ▏ 9.9 GB/ 13 GB   31 MB/s    2m4s[K[?25h[?2026l[?2026h[?25l[A[1Gpulling manifest [K
pulling e7b273f96360:  72% ▕████████████      ▏ 9.9 GB/ 13 GB   31 MB/s    2m4s[K[?25h[?2026l[?2026h[?25l[A[1Gpulling manifest [K
pulling e7b273f96360:  72% ▕████████████      ▏ 9.9 GB/ 13 GB   31 MB/s    2m4s[K[?25h[?2026l[?2026h[?25l[A[1Gpulling manifest [K
pulling e7b273f96360:  72% ▕████████████      ▏ 9.9 GB/ 13 GB   31 MB/s    2m4s[K[?25h[?2026l[?2026h[?25l[A[1Gpulling manifest [K
pulling e7b273f96360:  72% ▕████████████      ▏ 9.9 GB/ 13 GB   32 MB/s    2m0s[K[?25h[?2026l[?2026h[?25l[A[1Gpulling manifest [K
pulling e7b273f96360:  72% ▕████████████      ▏ 9.9 GB/ 13 GB   32 MB/s    2m0s[K[?25h[?2026l[?2026h[?25l[A[1Gpulling manifest [K
pulling e7b273f96360:  72% ▕████████████      ▏ 9.9 GB/ 13 GB   32 MB/s    2m0s[K[?25h[?2026l[?2026h[?25l[A[1Gpulling manifest [K
pulling e7b273f96360:  72% ▕████████████      ▏ 9.9 GB/ 13 GB   32 MB/s    2m0s[K[?25h[?2026l[?2026h[?25l[A[1Gpulling manifest [K
pulling e7b273f96360:  72% ▕████████████      ▏ 9.9 GB/ 13 GB   32 MB/s    2m0s[K[?25h[?2026l[?2026h[?25l[A[1Gpulling manifest [K
pulling e7b273f96360:  72% ▕████████████      ▏ 9.9 GB/ 13 GB   32 MB/s    2m0s[K[?25h[?2026l[?2026h[?25l[A[1Gpulling manifest [K
pulling e7b273f96360:  72% ▕████████████      ▏ 9.9 GB/ 13 GB   32 MB/s    2m0s[K[?25h[?2026l[?2026h[?25l[A[1Gpulling manifest [K
pulling e7b273f96360:  72% ▕████████████      ▏ 9.9 GB/ 13 GB   32 MB/s    2m0s[K[?25h[?2026l[?2026h[?25l[A[1Gpulling manifest [K
pulling e7b273f96360:  72% ▕████████████      ▏ 9.9 GB/ 13 GB   32 MB/s    2m0s[K[?25h[?2026l[?2026h[?25l[A[1Gpulling manifest [K
pulling e7b273f96360:  72% ▕████████████      ▏ 9.9 GB/ 13 GB   32 MB/s   1m59s[K[?25h[?2026l[?2026h[?25l[A[1Gpulling manifest [K
pulling e7b273f96360:  72% ▕████████████      ▏ 9.9 GB/ 13 GB   32 MB/s    2m0s[K[?25h[?2026l[?2026h[?25l[A[1Gpulling manifest [K
pulling e7b273f96360:  72% ▕████████████      ▏ 9.9 GB/ 13 GB   32 MB/s    2m0s[K[?25h[?2026l[?2026h[?25l[A[1Gpulling manifest [K
pulling e7b273f96360:  72% ▕████████████      ▏ 9.9 GB/ 13 GB   32 MB/s    2m0s[K[?25h[?2026l[?2026h[?25l[A[1Gpulling manifest [K
pulling e7b273f96360:  72% ▕████████████     ▏ 10.0 GB/ 13 GB   32 MB/s    2m0s[K[?25h[?2026l[?2026h[?25l[A[1Gpulling manifest [K
pulling e7b273f96360:  72% ▕████████████     ▏ 10.0 GB/ 13 GB   32 MB/s   1m59s[K[?25h[?2026l[?2026h[?25l[A[1Gpulling manifest [K
pulling e7b273f96360:  72% ▕████████████     ▏ 10.0 GB/ 13 GB   32 MB/s   1m59s[K[?25h[?2026l[?2026h[?25l[A[1Gpulling manifest [K
pulling e7b273f96360:  72% ▕████████████     ▏ 10.0 GB/ 13 GB   32 MB/s   1m59s[K[?25h[?2026l[?2026h[?25l[A[1Gpulling manifest [K
pulling e7b273f96360:  72% ▕████████████     ▏ 10.0 GB/ 13 GB   32 MB/s   1m59s[K[?25h[?2026l[?2026h[?25l[A[1Gpulling manifest [K
pulling e7b273f96360:  72% ▕████████████     ▏ 10.0 GB/ 13 GB   32 MB/s   1m59s[K[?25h[?2026l[?2026h[?25l[A[1Gpulling manifest [K
pulling e7b273f96360:  72% ▕████████████     ▏ 10.0 GB/ 13 GB   32 MB/s   1m59s[K[?25h[?2026l[?2026h[?25l[A[1Gpulling manifest [K
pulling e7b273f96360:  72% ▕████████████     ▏ 10.0 GB/ 13 GB   32 MB/s   1m59s[K[?25h[?2026l[?2026h[?25l[A[1Gpulling manifest [K
pulling e7b273f96360:  72% ▕████████████     ▏ 10.0 GB/ 13 GB   32 MB/s   1m57s[K[?25h[?2026l[?2026h[?25l[A[1Gpulling manifest [K
pulling e7b273f96360:  72% ▕████████████     ▏ 10.0 GB/ 13 GB   32 MB/s   1m57s[K[?25h[?2026l[?2026h[?25l[A[1Gpulling manifest [K
pulling e7b273f96360:  72% ▕████████████     ▏ 10.0 GB/ 13 GB   32 MB/s   1m57s[K[?25h[?2026l[?2026h[?25l[A[1Gpulling manifest [K
pulling e7b273f96360:  72% ▕████████████     ▏ 10.0 GB/ 13 GB   32 MB/s   1m57s[K[?25h[?2026l[?2026h[?25l[A[1Gpulling manifest [K
pulling e7b273f96360:  72% ▕████████████     ▏ 10.0 GB/ 13 GB   32 MB/s   1m57s[K[?25h[?2026l[?2026h[?25l[A[1Gpulling manifest [K
pulling e7b273f96360:  72% ▕████████████     ▏ 10.0 GB/ 13 GB   32 MB/s   1m57s[K[?25h[?2026l[?2026h[?25l[A[1Gpulling manifest [K
pulling e7b273f96360:  72% ▕████████████     ▏ 10.0 GB/ 13 GB   32 MB/s   1m56s[K[?25h[?2026l[?2026h[?25l[A[1Gpulling manifest [K
pulling e7b273f96360:  73% ▕█████████████     ▏  10 GB/ 13 GB   32 MB/s   1m56s[K[?25h[?2026l[?2026h[?25l[A[1Gpulling manifest [K
pulling e7b273f96360:  73% ▕█████████████     ▏  10 GB/ 13 GB   32 MB/s   1m56s[K[?25h[?2026l[?2026h[?25l[A[1Gpulling manifest [K
pulling e7b273f96360:  73% ▕█████████████     ▏  10 GB/ 13 GB   32 MB/s   1m56s[K[?25h[?2026l[?2026h[?25l[A[1Gpulling manifest [K
pulling e7b273f96360:  73% ▕█████████████     ▏  10 GB/ 13 GB   32 MB/s   1m54s[K[?25h[?2026l[?2026h[?25l[A[1Gpulling manifest [K
pulling e7b273f96360:  73% ▕█████████████     ▏  10 GB/ 13 GB   32 MB/s   1m54s[K[?25h[?2026l[?2026h[?25l[A[1Gpulling manifest [K
pulling e7b273f96360:  73% ▕█████████████     ▏  10 GB/ 13 GB   32 MB/s   1m54s[K[?25h[?2026l[?2026h[?25l[A[1Gpulling manifest [K
pulling e7b273f96360:  73% ▕█████████████     ▏  10 GB/ 13 GB   32 MB/s   1m54s[K[?25h[?2026l[?2026h[?25l[A[1Gpulling manifest [K
pulling e7b273f96360:  73% ▕█████████████     ▏  10 GB/ 13 GB   32 MB/s   1m54s[K[?25h[?2026l[?2026h[?25l[A[1Gpulling manifest [K
pulling e7b273f96360:  73% ▕█████████████     ▏  10 GB/ 13 GB   32 MB/s   1m54s[K[?25h[?2026l[?2026h[?25l[A[1Gpulling manifest [K
pulling e7b273f96360:  73% ▕█████████████     ▏  10 GB/ 13 GB   32 MB/s   1m54s[K[?25h[?2026l[?2026h[?25l[A[1Gpulling manifest [K
pulling e7b273f96360:  73% ▕█████████████     ▏  10 GB/ 13 GB   32 MB/s   1m54s[K[?25h[?2026l[?2026h[?25l[A[1Gpulling manifest [K
pulling e7b273f96360:  73% ▕█████████████     ▏  10 GB/ 13 GB   32 MB/s   1m54s[K[?25h[?2026l[?2026h[?25l[A[1Gpulling manifest [K
pulling e7b273f96360:  73% ▕█████████████     ▏  10 GB/ 13 GB   32 MB/s   1m53s[K[?25h[?2026l[?2026h[?25l[A[1Gpulling manifest [K
pulling e7b273f96360:  73% ▕█████████████     ▏  10 GB/ 13 GB   33 MB/s   1m53s[K[?25h[?2026l[?2026h[?25l[A[1Gpulling manifest [K
pulling e7b273f96360:  73% ▕█████████████     ▏  10 GB/ 13 GB   33 MB/s   1m52s[K[?25h[?2026l[?2026h[?25l[A[1Gpulling manifest [K
pulling e7b273f96360:  73% ▕█████████████     ▏  10 GB/ 13 GB   33 MB/s   1m52s[K[?25h[?2026l[?2026h[?25l[A[1Gpulling manifest [K
pulling e7b273f96360:  73% ▕█████████████     ▏  10 GB/ 13 GB   33 MB/s   1m52s[K[?25h[?2026l[?2026h[?25l[A[1Gpulling manifest [K
pulling e7b273f96360:  73% ▕█████████████     ▏  10 GB/ 13 GB   33 MB/s   1m52s[K[?25h[?2026l[?2026h[?25l[A[1Gpulling manifest [K
pulling e7b273f96360:  73% ▕█████████████     ▏  10 GB/ 13 GB   33 MB/s   1m52s[K[?25h[?2026l[?2026h[?25l[A[1Gpulling manifest [K
pulling e7b273f96360:  73% ▕█████████████     ▏  10 GB/ 13 GB   33 MB/s   1m52s[K[?25h[?2026l[?2026h[?25l[A[1Gpulling manifest [K
pulling e7b273f96360:  73% ▕█████████████     ▏  10 GB/ 13 GB   33 MB/s   1m52s[K[?25h[?2026l[?2026h[?25l[A[1Gpulling manifest [K
pulling e7b273f96360:  73% ▕█████████████     ▏  10 GB/ 13 GB   33 MB/s   1m52s[K[?25h[?2026l[?2026h[?25l[A[1Gpulling manifest [K
pulling e7b273f96360:  73% ▕█████████████     ▏  10 GB/ 13 GB   33 MB/s   1m52s[K[?25h[?2026l[?2026h[?25l[A[1Gpulling manifest [K
pulling e7b273f96360:  73% ▕█████████████     ▏  10 GB/ 13 GB   31 MB/s   1m57s[K[?25h[?2026l[?2026h[?25l[A[1Gpulling manifest [K
pulling e7b273f96360:  73% ▕█████████████     ▏  10 GB/ 13 GB   31 MB/s   1m57s[K[?25h[?2026l[?2026h[?25l[A[1Gpulling manifest [K
pulling e7b273f96360:  73% ▕█████████████     ▏  10 GB/ 13 GB   31 MB/s   1m57s[K[?25h[?2026l[?2026h[?25l[A[1Gpulling manifest [K
pulling e7b273f96360:  73% ▕█████████████     ▏  10 GB/ 13 GB   31 MB/s   1m57s[K[?25h[?2026l[?2026h[?25l[A[1Gpulling manifest [K
pulling e7b273f96360:  73% ▕█████████████     ▏  10 GB/ 13 GB   31 MB/s   1m57s[K[?25h[?2026l[?2026h[?25l[A[1Gpulling manifest [K
pulling e7b273f96360:  73% ▕█████████████     ▏  10 GB/ 13 GB   31 MB/s   1m57s[K[?25h[?2026l[?2026h[?25l[A[1Gpulling manifest [K
pulling e7b273f96360:  73% ▕█████████████     ▏  10 GB/ 13 GB   31 MB/s   1m57s[K[?25h[?2026l[?2026h[?25l[A[1Gpulling manifest [K
pulling e7b273f96360:  73% ▕█████████████     ▏  10 GB/ 13 GB   31 MB/s   1m57s[K[?25h[?2026l[?2026h[?25l[A[1Gpulling manifest [K
pulling e7b273f96360:  73% ▕█████████████     ▏  10 GB/ 13 GB   31 MB/s   1m57s[K[?25h[?2026l[?2026h[?25l[A[1Gpulling manifest [K
pulling e7b273f96360:  73% ▕█████████████     ▏  10 GB/ 13 GB   31 MB/s   1m56s[K[?25h[?2026l[?2026h[?25l[A[1Gpulling manifest [K
pulling e7b273f96360:  73% ▕█████████████     ▏  10 GB/ 13 GB   31 MB/s   1m57s[K[?25h[?2026l[?2026h[?25l[A[1Gpulling manifest [K
pulling e7b273f96360:  73% ▕█████████████     ▏  10 GB/ 13 GB   31 MB/s   1m57s[K[?25h[?2026l[?2026h[?25l[A[1Gpulling manifest [K
pulling e7b273f96360:  73% ▕█████████████     ▏  10 GB/ 13 GB   31 MB/s   1m56s[K[?25h[?2026l[?2026h[?25l[A[1Gpulling manifest [K
pulling e7b273f96360:  73% ▕█████████████     ▏  10 GB/ 13 GB   31 MB/s   1m56s[K[?25h[?2026l[?2026h[?25l[A[1Gpulling manifest [K
pulling e7b273f96360:  73% ▕█████████████     ▏  10 GB/ 13 GB   31 MB/s   1m56s[K[?25h[?2026l[?2026h[?25l[A[1Gpulling manifest [K
pulling e7b273f96360:  73% ▕█████████████     ▏  10 GB/ 13 GB   31 MB/s   1m56s[K[?25h[?2026l[?2026h[?25l[A[1Gpulling manifest [K
pulling e7b273f96360:  73% ▕█████████████     ▏  10 GB/ 13 GB   31 MB/s   1m56s[K[?25h[?2026l[?2026h[?25l[A[1Gpulling manifest [K
pulling e7b273f96360:  73% ▕█████████████     ▏  10 GB/ 13 GB   31 MB/s   1m56s[K[?25h[?2026l[?2026h[?25l[A[1Gpulling manifest [K
pulling e7b273f96360:  73% ▕█████████████     ▏  10 GB/ 13 GB   31 MB/s   1m55s[K[?25h[?2026l[?2026h[?25l[A[1Gpulling manifest [K
pulling e7b273f96360:  74% ▕█████████████     ▏  10 GB/ 13 GB   31 MB/s   1m55s[K[?25h[?2026l[?2026h[?25l[A[1Gpulling manifest [K
pulling e7b273f96360:  74% ▕█████████████     ▏  10 GB/ 13 GB   31 MB/s   1m55s[K[?25h[?2026l[?2026h[?25l[A[1Gpulling manifest [K
pulling e7b273f96360:  74% ▕█████████████     ▏  10 GB/ 13 GB   33 MB/s   1m47s[K[?25h[?2026l[?2026h[?25l[A[1Gpulling manifest [K
pulling e7b273f96360:  74% ▕█████████████     ▏  10 GB/ 13 GB   33 MB/s   1m47s[K[?25h[?2026l[?2026h[?25l[A[1Gpulling manifest [K
pulling e7b273f96360:  74% ▕█████████████     ▏  10 GB/ 13 GB   33 MB/s   1m47s[K[?25h[?2026l[?2026h[?25l[A[1Gpulling manifest [K
pulling e7b273f96360:  74% ▕█████████████     ▏  10 GB/ 13 GB   33 MB/s   1m47s[K[?25h[?2026l[?2026h[?25l[A[1Gpulling manifest [K
pulling e7b273f96360:  74% ▕█████████████     ▏  10 GB/ 13 GB   33 MB/s   1m47s[K[?25h[?2026l[?2026h[?25l[A[1Gpulling manifest [K
pulling e7b273f96360:  74% ▕█████████████     ▏  10 GB/ 13 GB   33 MB/s   1m47s[K[?25h[?2026l[?2026h[?25l[A[1Gpulling manifest [K
pulling e7b273f96360:  74% ▕█████████████     ▏  10 GB/ 13 GB   33 MB/s   1m47s[K[?25h[?2026l[?2026h[?25l[A[1Gpulling manifest [K
pulling e7b273f96360:  74% ▕█████████████     ▏  10 GB/ 13 GB   33 MB/s   1m46s[K[?25h[?2026l[?2026h[?25l[A[1Gpulling manifest [K
pulling e7b273f96360:  74% ▕█████████████     ▏  10 GB/ 13 GB   33 MB/s   1m46s[K[?25h[?2026l[?2026h[?25l[A[1Gpulling manifest [K
pulling e7b273f96360:  74% ▕█████████████     ▏  10 GB/ 13 GB   33 MB/s   1m46s[K[?25h[?2026l[?2026h[?25l[A[1Gpulling manifest [K
pulling e7b273f96360:  74% ▕█████████████     ▏  10 GB/ 13 GB   36 MB/s   1m39s[K[?25h[?2026l[?2026h[?25l[A[1Gpulling manifest [K
pulling e7b273f96360:  74% ▕█████████████     ▏  10 GB/ 13 GB   36 MB/s   1m39s[K[?25h[?2026l[?2026h[?25l[A[1Gpulling manifest [K
pulling e7b273f96360:  74% ▕█████████████     ▏  10 GB/ 13 GB   36 MB/s   1m39s[K[?25h[?2026l[?2026h[?25l[A[1Gpulling manifest [K
pulling e7b273f96360:  74% ▕█████████████     ▏  10 GB/ 13 GB   36 MB/s   1m39s[K[?25h[?2026l[?2026h[?25l[A[1Gpulling manifest [K
pulling e7b273f96360:  74% ▕█████████████     ▏  10 GB/ 13 GB   36 MB/s   1m39s[K[?25h[?2026l[?2026h[?25l[A[1Gpulling manifest [K
pulling e7b273f96360:  74% ▕█████████████     ▏  10 GB/ 13 GB   36 MB/s   1m38s[K[?25h[?2026l[?2026h[?25l[A[1Gpulling manifest [K
pulling e7b273f96360:  74% ▕█████████████     ▏  10 GB/ 13 GB   36 MB/s   1m38s[K[?25h[?2026l[?2026h[?25l[A[1Gpulling manifest [K
pulling e7b273f96360:  74% ▕█████████████     ▏  10 GB/ 13 GB   36 MB/s   1m38s[K[?25h[?2026l[?2026h[?25l[A[1Gpulling manifest [K
pulling e7b273f96360:  74% ▕█████████████     ▏  10 GB/ 13 GB   36 MB/s   1m38s[K[?25h[?2026l[?2026h[?25l[A[1Gpulling manifest [K
pulling e7b273f96360:  74% ▕█████████████     ▏  10 GB/ 13 GB   36 MB/s   1m38s[K[?25h[?2026l[?2026h[?25l[A[1Gpulling manifest [K
pulling e7b273f96360:  74% ▕█████████████     ▏  10 GB/ 13 GB   37 MB/s   1m35s[K[?25h[?2026l[?2026h[?25l[A[1Gpulling manifest [K
pulling e7b273f96360:  74% ▕█████████████     ▏  10 GB/ 13 GB   37 MB/s   1m35s[K[?25h[?2026l[?2026h[?25l[A[1Gpulling manifest [K
pulling e7b273f96360:  74% ▕█████████████     ▏  10 GB/ 13 GB   37 MB/s   1m34s[K[?25h[?2026l[?2026h[?25l[A[1Gpulling manifest [K
pulling e7b273f96360:  74% ▕█████████████     ▏  10 GB/ 13 GB   37 MB/s   1m34s[K[?25h[?2026l[?2026h[?25l[A[1Gpulling manifest [K
pulling e7b273f96360:  74% ▕█████████████     ▏  10 GB/ 13 GB   37 MB/s   1m34s[K[?25h[?2026l[?2026h[?25l[A[1Gpulling manifest [K
pulling e7b273f96360:  74% ▕█████████████     ▏  10 GB/ 13 GB   37 MB/s   1m34s[K[?25h[?2026l[?2026h[?25l[A[1Gpulling manifest [K
pulling e7b273f96360:  74% ▕█████████████     ▏  10 GB/ 13 GB   37 MB/s   1m34s[K[?25h[?2026l[?2026h[?25l[A[1Gpulling manifest [K
pulling e7b273f96360:  74% ▕█████████████     ▏  10 GB/ 13 GB   37 MB/s   1m34s[K[?25h[?2026l[?2026h[?25l[A[1Gpulling manifest [K
pulling e7b273f96360:  74% ▕█████████████     ▏  10 GB/ 13 GB   37 MB/s   1m34s[K[?25h[?2026l[?2026h[?25l[A[1Gpulling manifest [K
pulling e7b273f96360:  74% ▕█████████████     ▏  10 GB/ 13 GB   37 MB/s   1m34s[K[?25h[?2026l[?2026h[?25l[A[1Gpulling manifest [K
pulling e7b273f96360:  74% ▕█████████████     ▏  10 GB/ 13 GB   37 MB/s   1m34s[K[?25h[?2026l[?2026h[?25l[A[1Gpulling manifest [K
pulling e7b273f96360:  75% ▕█████████████     ▏  10 GB/ 13 GB   37 MB/s   1m34s[K[?25h[?2026l[?2026h[?25l[A[1Gpulling manifest [K
pulling e7b273f96360:  75% ▕█████████████     ▏  10 GB/ 13 GB   37 MB/s   1m34s[K[?25h[?2026l[?2026h[?25l[A[1Gpulling manifest [K
pulling e7b273f96360:  75% ▕█████████████     ▏  10 GB/ 13 GB   37 MB/s   1m34s[K[?25h[?2026l[?2026h[?25l[A[1Gpulling manifest [K
pulling e7b273f96360:  75% ▕█████████████     ▏  10 GB/ 13 GB   37 MB/s   1m34s[K[?25h[?2026l[?2026h[?25l[A[1Gpulling manifest [K
pulling e7b273f96360:  75% ▕█████████████     ▏  10 GB/ 13 GB   37 MB/s   1m33s[K[?25h[?2026l[?2026h[?25l[A[1Gpulling manifest [K
pulling e7b273f96360:  75% ▕█████████████     ▏  10 GB/ 13 GB   37 MB/s   1m33s[K[?25h[?2026l[?2026h[?25l[A[1Gpulling manifest [K
pulling e7b273f96360:  75% ▕█████████████     ▏  10 GB/ 13 GB   37 MB/s   1m33s[K[?25h[?2026l[?2026h[?25l[A[1Gpulling manifest [K
pulling e7b273f96360:  75% ▕█████████████     ▏  10 GB/ 13 GB   37 MB/s   1m33s[K[?25h[?2026l[?2026h[?25l[A[1Gpulling manifest [K
pulling e7b273f96360:  75% ▕█████████████     ▏  10 GB/ 13 GB   37 MB/s   1m33s[K[?25h[?2026l[?2026h[?25l[A[1Gpulling manifest [K
pulling e7b273f96360:  75% ▕█████████████     ▏  10 GB/ 13 GB   37 MB/s   1m33s[K[?25h[?2026l[?2026h[?25l[A[1Gpulling manifest [K
pulling e7b273f96360:  75% ▕█████████████     ▏  10 GB/ 13 GB   37 MB/s   1m33s[K[?25h[?2026l[?2026h[?25l[A[1Gpulling manifest [K
pulling e7b273f96360:  75% ▕█████████████     ▏  10 GB/ 13 GB   37 MB/s   1m33s[K[?25h[?2026l[?2026h[?25l[A[1Gpulling manifest [K
pulling e7b273f96360:  75% ▕█████████████     ▏  10 GB/ 13 GB   37 MB/s   1m33s[K[?25h[?2026l[?2026h[?25l[A[1Gpulling manifest [K
pulling e7b273f96360:  75% ▕█████████████     ▏  10 GB/ 13 GB   37 MB/s   1m33s[K[?25h[?2026l[?2026h[?25l[A[1Gpulling manifest [K
pulling e7b273f96360:  75% ▕█████████████     ▏  10 GB/ 13 GB   37 MB/s   1m33s[K[?25h[?2026l[?2026h[?25l[A[1Gpulling manifest [K
pulling e7b273f96360:  75% ▕█████████████     ▏  10 GB/ 13 GB   37 MB/s   1m33s[K[?25h[?2026l[?2026h[?25l[A[1Gpulling manifest [K
pulling e7b273f96360:  75% ▕█████████████     ▏  10 GB/ 13 GB   37 MB/s   1m33s[K[?25h[?2026l[?2026h[?25l[A[1Gpulling manifest [K
pulling e7b273f96360:  75% ▕█████████████     ▏  10 GB/ 13 GB   37 MB/s   1m32s[K[?25h[?2026l[?2026h[?25l[A[1Gpulling manifest [K
pulling e7b273f96360:  75% ▕█████████████     ▏  10 GB/ 13 GB   37 MB/s   1m32s[K[?25h[?2026l[?2026h[?25l[A[1Gpulling manifest [K
pulling e7b273f96360:  75% ▕█████████████     ▏  10 GB/ 13 GB   37 MB/s   1m32s[K[?25h[?2026l[?2026h[?25l[A[1Gpulling manifest [K
pulling e7b273f96360:  75% ▕█████████████     ▏  10 GB/ 13 GB   37 MB/s   1m32s[K[?25h[?2026l[?2026h[?25l[A[1Gpulling manifest [K
pulling e7b273f96360:  75% ▕█████████████     ▏  10 GB/ 13 GB   37 MB/s   1m32s[K[?25h[?2026l[?2026h[?25l[A[1Gpulling manifest [K
pulling e7b273f96360:  75% ▕█████████████     ▏  10 GB/ 13 GB   37 MB/s   1m32s[K[?25h[?2026l[?2026h[?25l[A[1Gpulling manifest [K
pulling e7b273f96360:  75% ▕█████████████     ▏  10 GB/ 13 GB   37 MB/s   1m31s[K[?25h[?2026l[?2026h[?25l[A[1Gpulling manifest [K
pulling e7b273f96360:  75% ▕█████████████     ▏  10 GB/ 13 GB   37 MB/s   1m31s[K[?25h[?2026l[?2026h[?25l[A[1Gpulling manifest [K
pulling e7b273f96360:  75% ▕█████████████     ▏  10 GB/ 13 GB   37 MB/s   1m31s[K[?25h[?2026l[?2026h[?25l[A[1Gpulling manifest [K
pulling e7b273f96360:  75% ▕█████████████     ▏  10 GB/ 13 GB   37 MB/s   1m31s[K[?25h[?2026l[?2026h[?25l[A[1Gpulling manifest [K
pulling e7b273f96360:  75% ▕█████████████     ▏  10 GB/ 13 GB   37 MB/s   1m31s[K[?25h[?2026l[?2026h[?25l[A[1Gpulling manifest [K
pulling e7b273f96360:  75% ▕█████████████     ▏  10 GB/ 13 GB   37 MB/s   1m31s[K[?25h[?2026l[?2026h[?25l[A[1Gpulling manifest [K
pulling e7b273f96360:  75% ▕█████████████     ▏  10 GB/ 13 GB   37 MB/s   1m31s[K[?25h[?2026l[?2026h[?25l[A[1Gpulling manifest [K
pulling e7b273f96360:  75% ▕█████████████     ▏  10 GB/ 13 GB   37 MB/s   1m30s[K[?25h[?2026l[?2026h[?25l[A[1Gpulling manifest [K
pulling e7b273f96360:  75% ▕█████████████     ▏  10 GB/ 13 GB   37 MB/s   1m30s[K[?25h[?2026l[?2026h[?25l[A[1Gpulling manifest [K
pulling e7b273f96360:  75% ▕█████████████     ▏  10 GB/ 13 GB   37 MB/s   1m30s[K[?25h[?2026l[?2026h[?25l[A[1Gpulling manifest [K
pulling e7b273f96360:  75% ▕█████████████     ▏  10 GB/ 13 GB   37 MB/s   1m30s[K[?25h[?2026l[?2026h[?25l[A[1Gpulling manifest [K
pulling e7b273f96360:  75% ▕█████████████     ▏  10 GB/ 13 GB   37 MB/s   1m30s[K[?25h[?2026l[?2026h[?25l[A[1Gpulling manifest [K
pulling e7b273f96360:  75% ▕█████████████     ▏  10 GB/ 13 GB   37 MB/s   1m30s[K[?25h[?2026l[?2026h[?25l[A[1Gpulling manifest [K
pulling e7b273f96360:  75% ▕█████████████     ▏  10 GB/ 13 GB   37 MB/s   1m30s[K[?25h[?2026l[?2026h[?25l[A[1Gpulling manifest [K
pulling e7b273f96360:  75% ▕█████████████     ▏  10 GB/ 13 GB   37 MB/s   1m30s[K[?25h[?2026l[?2026h[?25l[A[1Gpulling manifest [K
pulling e7b273f96360:  75% ▕█████████████     ▏  10 GB/ 13 GB   37 MB/s   1m30s[K[?25h[?2026l[?2026h[?25l[A[1Gpulling manifest [K
pulling e7b273f96360:  75% ▕█████████████     ▏  10 GB/ 13 GB   37 MB/s   1m30s[K[?25h[?2026l[?2026h[?25l[A[1Gpulling manifest [K
pulling e7b273f96360:  75% ▕█████████████     ▏  10 GB/ 13 GB   39 MB/s   1m26s[K[?25h[?2026l[?2026h[?25l[A[1Gpulling manifest [K
pulling e7b273f96360:  76% ▕█████████████     ▏  10 GB/ 13 GB   39 MB/s   1m26s[K[?25h[?2026l[?2026h[?25l[A[1Gpulling manifest [K
pulling e7b273f96360:  76% ▕█████████████     ▏  10 GB/ 13 GB   39 MB/s   1m26s[K[?25h[?2026l[?2026h[?25l[A[1Gpulling manifest [K
pulling e7b273f96360:  76% ▕█████████████     ▏  10 GB/ 13 GB   39 MB/s   1m26s[K[?25h[?2026l[?2026h[?25l[A[1Gpulling manifest [K
pulling e7b273f96360:  76% ▕█████████████     ▏  10 GB/ 13 GB   39 MB/s   1m26s[K[?25h[?2026l[?2026h[?25l[A[1Gpulling manifest [K
pulling e7b273f96360:  76% ▕█████████████     ▏  10 GB/ 13 GB   39 MB/s   1m26s[K[?25h[?2026l[?2026h[?25l[A[1Gpulling manifest [K
pulling e7b273f96360:  76% ▕█████████████     ▏  10 GB/ 13 GB   39 MB/s   1m25s[K[?25h[?2026l[?2026h[?25l[A[1Gpulling manifest [K
pulling e7b273f96360:  76% ▕█████████████     ▏  10 GB/ 13 GB   39 MB/s   1m25s[K[?25h[?2026l[?2026h[?25l[A[1Gpulling manifest [K
pulling e7b273f96360:  76% ▕█████████████     ▏  10 GB/ 13 GB   39 MB/s   1m25s[K[?25h[?2026l[?2026h[?25l[A[1Gpulling manifest [K
pulling e7b273f96360:  76% ▕█████████████     ▏  10 GB/ 13 GB   39 MB/s   1m25s[K[?25h[?2026l[?2026h[?25l[A[1Gpulling manifest [K
pulling e7b273f96360:  76% ▕█████████████     ▏  10 GB/ 13 GB   39 MB/s   1m24s[K[?25h[?2026l[?2026h[?25l[A[1Gpulling manifest [K
pulling e7b273f96360:  76% ▕█████████████     ▏  10 GB/ 13 GB   39 MB/s   1m24s[K[?25h[?2026l[?2026h[?25l[A[1Gpulling manifest [K
pulling e7b273f96360:  76% ▕█████████████     ▏  10 GB/ 13 GB   39 MB/s   1m24s[K[?25h[?2026l[?2026h[?25l[A[1Gpulling manifest [K
pulling e7b273f96360:  76% ▕█████████████     ▏  10 GB/ 13 GB   39 MB/s   1m24s[K[?25h[?2026l[?2026h[?25l[A[1Gpulling manifest [K
pulling e7b273f96360:  76% ▕█████████████     ▏  10 GB/ 13 GB   39 MB/s   1m24s[K[?25h[?2026l[?2026h[?25l[A[1Gpulling manifest [K
pulling e7b273f96360:  76% ▕█████████████     ▏  10 GB/ 13 GB   39 MB/s   1m24s[K[?25h[?2026l[?2026h[?25l[A[1Gpulling manifest [K
pulling e7b273f96360:  76% ▕█████████████     ▏  10 GB/ 13 GB   39 MB/s   1m24s[K[?25h[?2026l[?2026h[?25l[A[1Gpulling manifest [K
pulling e7b273f96360:  76% ▕█████████████     ▏  10 GB/ 13 GB   39 MB/s   1m23s[K[?25h[?2026l[?2026h[?25l[A[1Gpulling manifest [K
pulling e7b273f96360:  76% ▕█████████████     ▏  10 GB/ 13 GB   39 MB/s   1m23s[K[?25h[?2026l[?2026h[?25l[A[1Gpulling manifest [K
pulling e7b273f96360:  76% ▕█████████████     ▏  10 GB/ 13 GB   39 MB/s   1m23s[K[?25h[?2026l[?2026h[?25l[A[1Gpulling manifest [K
pulling e7b273f96360:  76% ▕█████████████     ▏  10 GB/ 13 GB   37 MB/s   1m28s[K[?25h[?2026l[?2026h[?25l[A[1Gpulling manifest [K
pulling e7b273f96360:  76% ▕█████████████     ▏  10 GB/ 13 GB   37 MB/s   1m28s[K[?25h[?2026l[?2026h[?25l[A[1Gpulling manifest [K
pulling e7b273f96360:  76% ▕█████████████     ▏  10 GB/ 13 GB   37 MB/s   1m28s[K[?25h[?2026l[?2026h[?25l[A[1Gpulling manifest [K
pulling e7b273f96360:  76% ▕█████████████     ▏  10 GB/ 13 GB   37 MB/s   1m28s[K[?25h[?2026l[?2026h[?25l[A[1Gpulling manifest [K
pulling e7b273f96360:  76% ▕█████████████     ▏  10 GB/ 13 GB   37 MB/s   1m28s[K[?25h[?2026l[?2026h[?25l[A[1Gpulling manifest [K
pulling e7b273f96360:  76% ▕█████████████     ▏  10 GB/ 13 GB   37 MB/s   1m28s[K[?25h[?2026l[?2026h[?25l[A[1Gpulling manifest [K
pulling e7b273f96360:  76% ▕█████████████     ▏  10 GB/ 13 GB   37 MB/s   1m28s[K[?25h[?2026l[?2026h[?25l[A[1Gpulling manifest [K
pulling e7b273f96360:  76% ▕█████████████     ▏  10 GB/ 13 GB   37 MB/s   1m28s[K[?25h[?2026l[?2026h[?25l[A[1Gpulling manifest [K
pulling e7b273f96360:  76% ▕█████████████     ▏  10 GB/ 13 GB   37 MB/s   1m28s[K[?25h[?2026l[?2026h[?25l[A[1Gpulling manifest [K
pulling e7b273f96360:  76% ▕█████████████     ▏  10 GB/ 13 GB   37 MB/s   1m27s[K[?25h[?2026l[?2026h[?25l[A[1Gpulling manifest [K
pulling e7b273f96360:  76% ▕█████████████     ▏  10 GB/ 13 GB   37 MB/s   1m27s[K[?25h[?2026l[?2026h[?25l[A[1Gpulling manifest [K
pulling e7b273f96360:  76% ▕█████████████     ▏  10 GB/ 13 GB   35 MB/s   1m33s[K[?25h[?2026l[?2026h[?25l[A[1Gpulling manifest [K
pulling e7b273f96360:  76% ▕█████████████     ▏  10 GB/ 13 GB   35 MB/s   1m33s[K[?25h[?2026l[?2026h[?25l[A[1Gpulling manifest [K
pulling e7b273f96360:  76% ▕█████████████     ▏  10 GB/ 13 GB   35 MB/s   1m33s[K[?25h[?2026l[?2026h[?25l[A[1Gpulling manifest [K
pulling e7b273f96360:  76% ▕█████████████     ▏  10 GB/ 13 GB   35 MB/s   1m33s[K[?25h[?2026l[?2026h[?25l[A[1Gpulling manifest [K
pulling e7b273f96360:  76% ▕█████████████     ▏  10 GB/ 13 GB   35 MB/s   1m32s[K[?25h[?2026l[?2026h[?25l[A[1Gpulling manifest [K
pulling e7b273f96360:  76% ▕█████████████     ▏  10 GB/ 13 GB   35 MB/s   1m32s[K[?25h[?2026l[?2026h[?25l[A[1Gpulling manifest [K
pulling e7b273f96360:  76% ▕█████████████     ▏  10 GB/ 13 GB   35 MB/s   1m32s[K[?25h[?2026l[?2026h[?25l[A[1Gpulling manifest [K
pulling e7b273f96360:  76% ▕█████████████     ▏  10 GB/ 13 GB   35 MB/s   1m32s[K[?25h[?2026l[?2026h[?25l[A[1Gpulling manifest [K
pulling e7b273f96360:  76% ▕█████████████     ▏  10 GB/ 13 GB   35 MB/s   1m32s[K[?25h[?2026l[?2026h[?25l[A[1Gpulling manifest [K
pulling e7b273f96360:  76% ▕█████████████     ▏  10 GB/ 13 GB   35 MB/s   1m32s[K[?25h[?2026l[?2026h[?25l[A[1Gpulling manifest [K
pulling e7b273f96360:  76% ▕█████████████     ▏  10 GB/ 13 GB   33 MB/s   1m36s[K[?25h[?2026l[?2026h[?25l[A[1Gpulling manifest [K
pulling e7b273f96360:  76% ▕█████████████     ▏  10 GB/ 13 GB   33 MB/s   1m36s[K[?25h[?2026l[?2026h[?25l[A[1Gpulling manifest [K
pulling e7b273f96360:  77% ▕█████████████     ▏  10 GB/ 13 GB   33 MB/s   1m36s[K[?25h[?2026l[?2026h[?25l[A[1Gpulling manifest [K
pulling e7b273f96360:  77% ▕█████████████     ▏  10 GB/ 13 GB   33 MB/s   1m36s[K[?25h[?2026l[?2026h[?25l[A[1Gpulling manifest [K
pulling e7b273f96360:  77% ▕█████████████     ▏  10 GB/ 13 GB   33 MB/s   1m36s[K[?25h[?2026l[?2026h[?25l[A[1Gpulling manifest [K
pulling e7b273f96360:  77% ▕█████████████     ▏  10 GB/ 13 GB   33 MB/s   1m36s[K[?25h[?2026l[?2026h[?25l[A[1Gpulling manifest [K
pulling e7b273f96360:  77% ▕█████████████     ▏  10 GB/ 13 GB   33 MB/s   1m36s[K[?25h[?2026l[?2026h[?25l[A[1Gpulling manifest [K
pulling e7b273f96360:  77% ▕█████████████     ▏  10 GB/ 13 GB   33 MB/s   1m36s[K[?25h[?2026l[?2026h[?25l[A[1Gpulling manifest [K
pulling e7b273f96360:  77% ▕█████████████     ▏  10 GB/ 13 GB   33 MB/s   1m36s[K[?25h[?2026l[?2026h[?25l[A[1Gpulling manifest [K
pulling e7b273f96360:  77% ▕█████████████     ▏  10 GB/ 13 GB   33 MB/s   1m35s[K[?25h[?2026l[?2026h[?25l[A[1Gpulling manifest [K
pulling e7b273f96360:  77% ▕█████████████     ▏  10 GB/ 13 GB   33 MB/s   1m35s[K[?25h[?2026l[?2026h[?25l[A[1Gpulling manifest [K
pulling e7b273f96360:  77% ▕█████████████     ▏  10 GB/ 13 GB   33 MB/s   1m35s[K[?25h[?2026l[?2026h[?25l[A[1Gpulling manifest [K
pulling e7b273f96360:  77% ▕█████████████     ▏  10 GB/ 13 GB   33 MB/s   1m35s[K[?25h[?2026l[?2026h[?25l[A[1Gpulling manifest [K
pulling e7b273f96360:  77% ▕█████████████     ▏  10 GB/ 13 GB   33 MB/s   1m35s[K[?25h[?2026l[?2026h[?25l[A[1Gpulling manifest [K
pulling e7b273f96360:  77% ▕█████████████     ▏  10 GB/ 13 GB   33 MB/s   1m35s[K[?25h[?2026l[?2026h[?25l[A[1Gpulling manifest [K
pulling e7b273f96360:  77% ▕█████████████     ▏  10 GB/ 13 GB   33 MB/s   1m35s[K[?25h[?2026l[?2026h[?25l[A[1Gpulling manifest [K
pulling e7b273f96360:  77% ▕█████████████     ▏  10 GB/ 13 GB   33 MB/s   1m35s[K[?25h[?2026l[?2026h[?25l[A[1Gpulling manifest [K
pulling e7b273f96360:  77% ▕█████████████     ▏  10 GB/ 13 GB   33 MB/s   1m35s[K[?25h[?2026l[?2026h[?25l[A[1Gpulling manifest [K
pulling e7b273f96360:  77% ▕█████████████     ▏  10 GB/ 13 GB   33 MB/s   1m34s[K[?25h[?2026l[?2026h[?25l[A[1Gpulling manifest [K
pulling e7b273f96360:  77% ▕█████████████     ▏  10 GB/ 13 GB   33 MB/s   1m34s[K[?25h[?2026l[?2026h[?25l[A[1Gpulling manifest [K
pulling e7b273f96360:  77% ▕█████████████     ▏  10 GB/ 13 GB   33 MB/s   1m35s[K[?25h[?2026l[?2026h[?25l[A[1Gpulling manifest [K
pulling e7b273f96360:  77% ▕█████████████     ▏  10 GB/ 13 GB   33 MB/s   1m35s[K[?25h[?2026l[?2026h[?25l[A[1Gpulling manifest [K
pulling e7b273f96360:  77% ▕█████████████     ▏  10 GB/ 13 GB   33 MB/s   1m35s[K[?25h[?2026l[?2026h[?25l[A[1Gpulling manifest [K
pulling e7b273f96360:  77% ▕█████████████     ▏  10 GB/ 13 GB   33 MB/s   1m35s[K[?25h[?2026l[?2026h[?25l[A[1Gpulling manifest [K
pulling e7b273f96360:  77% ▕█████████████     ▏  10 GB/ 13 GB   33 MB/s   1m34s[K[?25h[?2026l[?2026h[?25l[A[1Gpulling manifest [K
pulling e7b273f96360:  77% ▕█████████████     ▏  10 GB/ 13 GB   33 MB/s   1m34s[K[?25h[?2026l[?2026h[?25l[A[1Gpulling manifest [K
pulling e7b273f96360:  77% ▕█████████████     ▏  10 GB/ 13 GB   33 MB/s   1m34s[K[?25h[?2026l[?2026h[?25l[A[1Gpulling manifest [K
pulling e7b273f96360:  77% ▕█████████████     ▏  10 GB/ 13 GB   33 MB/s   1m34s[K[?25h[?2026l[?2026h[?25l[A[1Gpulling manifest [K
pulling e7b273f96360:  77% ▕█████████████     ▏  10 GB/ 13 GB   33 MB/s   1m34s[K[?25h[?2026l[?2026h[?25l[A[1Gpulling manifest [K
pulling e7b273f96360:  77% ▕█████████████     ▏  10 GB/ 13 GB   33 MB/s   1m34s[K[?25h[?2026l[?2026h[?25l[A[1Gpulling manifest [K
pulling e7b273f96360:  77% ▕█████████████     ▏  10 GB/ 13 GB   32 MB/s   1m36s[K[?25h[?2026l[?2026h[?25l[A[1Gpulling manifest [K
pulling e7b273f96360:  77% ▕█████████████     ▏  10 GB/ 13 GB   32 MB/s   1m35s[K[?25h[?2026l[?2026h[?25l[A[1Gpulling manifest [K
pulling e7b273f96360:  77% ▕█████████████     ▏  10 GB/ 13 GB   32 MB/s   1m35s[K[?25h[?2026l[?2026h[?25l[A[1Gpulling manifest [K
pulling e7b273f96360:  77% ▕█████████████     ▏  10 GB/ 13 GB   32 MB/s   1m35s[K[?25h[?2026l[?2026h[?25l[A[1Gpulling manifest [K
pulling e7b273f96360:  77% ▕█████████████     ▏  10 GB/ 13 GB   32 MB/s   1m35s[K[?25h[?2026l[?2026h[?25l[A[1Gpulling manifest [K
pulling e7b273f96360:  77% ▕█████████████     ▏  10 GB/ 13 GB   32 MB/s   1m35s[K[?25h[?2026l[?2026h[?25l[A[1Gpulling manifest [K
pulling e7b273f96360:  77% ▕█████████████     ▏  10 GB/ 13 GB   32 MB/s   1m35s[K[?25h[?2026l[?2026h[?25l[A[1Gpulling manifest [K
pulling e7b273f96360:  77% ▕█████████████     ▏  10 GB/ 13 GB   32 MB/s   1m35s[K[?25h[?2026l[?2026h[?25l[A[1Gpulling manifest [K
pulling e7b273f96360:  77% ▕█████████████     ▏  10 GB/ 13 GB   32 MB/s   1m35s[K[?25h[?2026l[?2026h[?25l[A[1Gpulling manifest [K
pulling e7b273f96360:  77% ▕█████████████     ▏  10 GB/ 13 GB   32 MB/s   1m35s[K[?25h[?2026l[?2026h[?25l[A[1Gpulling manifest [K
pulling e7b273f96360:  77% ▕█████████████     ▏  10 GB/ 13 GB   32 MB/s   1m35s[K[?25h[?2026l[?2026h[?25l[A[1Gpulling manifest [K
pulling e7b273f96360:  77% ▕█████████████     ▏  10 GB/ 13 GB   32 MB/s   1m36s[K[?25h[?2026l[?2026h[?25l[A[1Gpulling manifest [K
pulling e7b273f96360:  77% ▕█████████████     ▏  10 GB/ 13 GB   32 MB/s   1m36s[K[?25h[?2026l[?2026h[?25l[A[1Gpulling manifest [K
pulling e7b273f96360:  77% ▕█████████████     ▏  10 GB/ 13 GB   32 MB/s   1m36s[K[?25h[?2026l[?2026h[?25l[A[1Gpulling manifest [K
pulling e7b273f96360:  77% ▕█████████████     ▏  10 GB/ 13 GB   32 MB/s   1m36s[K[?25h[?2026l[?2026h[?25l[A[1Gpulling manifest [K
pulling e7b273f96360:  77% ▕█████████████     ▏  10 GB/ 13 GB   32 MB/s   1m35s[K[?25h[?2026l[?2026h[?25l[A[1Gpulling manifest [K
pulling e7b273f96360:  77% ▕█████████████     ▏  10 GB/ 13 GB   32 MB/s   1m35s[K[?25h[?2026l[?2026h[?25l[A[1Gpulling manifest [K
pulling e7b273f96360:  78% ▕█████████████     ▏  10 GB/ 13 GB   32 MB/s   1m35s[K[?25h[?2026l[?2026h[?25l[A[1Gpulling manifest [K
pulling e7b273f96360:  78% ▕█████████████     ▏  10 GB/ 13 GB   32 MB/s   1m35s[K[?25h[?2026l[?2026h[?25l[A[1Gpulling manifest [K
pulling e7b273f96360:  78% ▕█████████████     ▏  10 GB/ 13 GB   32 MB/s   1m35s[K[?25h[?2026l[?2026h[?25l[A[1Gpulling manifest [K
pulling e7b273f96360:  78% ▕█████████████     ▏  10 GB/ 13 GB   32 MB/s   1m35s[K[?25h[?2026l[?2026h[?25l[A[1Gpulling manifest [K
pulling e7b273f96360:  78% ▕█████████████     ▏  10 GB/ 13 GB   32 MB/s   1m35s[K[?25h[?2026l[?2026h[?25l[A[1Gpulling manifest [K
pulling e7b273f96360:  78% ▕█████████████     ▏  10 GB/ 13 GB   32 MB/s   1m35s[K[?25h[?2026l[?2026h[?25l[A[1Gpulling manifest [K
pulling e7b273f96360:  78% ▕█████████████     ▏  10 GB/ 13 GB   32 MB/s   1m35s[K[?25h[?2026l[?2026h[?25l[A[1Gpulling manifest [K
pulling e7b273f96360:  78% ▕█████████████     ▏  10 GB/ 13 GB   32 MB/s   1m35s[K[?25h[?2026l[?2026h[?25l[A[1Gpulling manifest [K
pulling e7b273f96360:  78% ▕█████████████     ▏  10 GB/ 13 GB   32 MB/s   1m35s[K[?25h[?2026l[?2026h[?25l[A[1Gpulling manifest [K
pulling e7b273f96360:  78% ▕█████████████     ▏  10 GB/ 13 GB   32 MB/s   1m35s[K[?25h[?2026l[?2026h[?25l[A[1Gpulling manifest [K
pulling e7b273f96360:  78% ▕█████████████     ▏  10 GB/ 13 GB   32 MB/s   1m34s[K[?25h[?2026l[?2026h[?25l[A[1Gpulling manifest [K
pulling e7b273f96360:  78% ▕█████████████     ▏  10 GB/ 13 GB   32 MB/s   1m34s[K[?25h[?2026l[?2026h[?25l[A[1Gpulling manifest [K
pulling e7b273f96360:  78% ▕██████████████    ▏  10 GB/ 13 GB   32 MB/s   1m34s[K[?25h[?2026l[?2026h[?25l[A[1Gpulling manifest [K
pulling e7b273f96360:  78% ▕██████████████    ▏  10 GB/ 13 GB   32 MB/s   1m34s[K[?25h[?2026l[?2026h[?25l[A[1Gpulling manifest [K
pulling e7b273f96360:  78% ▕██████████████    ▏  10 GB/ 13 GB   32 MB/s   1m34s[K[?25h[?2026l[?2026h[?25l[A[1Gpulling manifest [K
pulling e7b273f96360:  78% ▕██████████████    ▏  10 GB/ 13 GB   32 MB/s   1m34s[K[?25h[?2026l[?2026h[?25l[A[1Gpulling manifest [K
pulling e7b273f96360:  78% ▕██████████████    ▏  10 GB/ 13 GB   32 MB/s   1m34s[K[?25h[?2026l[?2026h[?25l[A[1Gpulling manifest [K
pulling e7b273f96360:  78% ▕██████████████    ▏  10 GB/ 13 GB   32 MB/s   1m34s[K[?25h[?2026l[?2026h[?25l[A[1Gpulling manifest [K
pulling e7b273f96360:  78% ▕██████████████    ▏  10 GB/ 13 GB   32 MB/s   1m34s[K[?25h[?2026l[?2026h[?25l[A[1Gpulling manifest [K
pulling e7b273f96360:  78% ▕██████████████    ▏  10 GB/ 13 GB   32 MB/s   1m33s[K[?25h[?2026l[?2026h[?25l[A[1Gpulling manifest [K
pulling e7b273f96360:  78% ▕██████████████    ▏  10 GB/ 13 GB   32 MB/s   1m33s[K[?25h[?2026l[?2026h[?25l[A[1Gpulling manifest [K
pulling e7b273f96360:  78% ▕██████████████    ▏  10 GB/ 13 GB   32 MB/s   1m33s[K[?25h[?2026l[?2026h[?25l[A[1Gpulling manifest [K
pulling e7b273f96360:  78% ▕██████████████    ▏  10 GB/ 13 GB   32 MB/s   1m33s[K[?25h[?2026l[?2026h[?25l[A[1Gpulling manifest [K
pulling e7b273f96360:  78% ▕██████████████    ▏  10 GB/ 13 GB   32 MB/s   1m33s[K[?25h[?2026l[?2026h[?25l[A[1Gpulling manifest [K
pulling e7b273f96360:  78% ▕██████████████    ▏  10 GB/ 13 GB   32 MB/s   1m33s[K[?25h[?2026l[?2026h[?25l[A[1Gpulling manifest [K
pulling e7b273f96360:  78% ▕██████████████    ▏  10 GB/ 13 GB   32 MB/s   1m32s[K[?25h[?2026l[?2026h[?25l[A[1Gpulling manifest [K
pulling e7b273f96360:  78% ▕██████████████    ▏  10 GB/ 13 GB   32 MB/s   1m32s[K[?25h[?2026l[?2026h[?25l[A[1Gpulling manifest [K
pulling e7b273f96360:  78% ▕██████████████    ▏  10 GB/ 13 GB   32 MB/s   1m32s[K[?25h[?2026l[?2026h[?25l[A[1Gpulling manifest [K
pulling e7b273f96360:  78% ▕██████████████    ▏  10 GB/ 13 GB   32 MB/s   1m32s[K[?25h[?2026l[?2026h[?25l[A[1Gpulling manifest [K
pulling e7b273f96360:  78% ▕██████████████    ▏  10 GB/ 13 GB   32 MB/s   1m32s[K[?25h[?2026l[?2026h[?25l[A[1Gpulling manifest [K
pulling e7b273f96360:  78% ▕██████████████    ▏  10 GB/ 13 GB   32 MB/s   1m32s[K[?25h[?2026l[?2026h[?25l[A[1Gpulling manifest [K
pulling e7b273f96360:  78% ▕██████████████    ▏  10 GB/ 13 GB   32 MB/s   1m32s[K[?25h[?2026l[?2026h[?25l[A[1Gpulling manifest [K
pulling e7b273f96360:  78% ▕██████████████    ▏  10 GB/ 13 GB   32 MB/s   1m32s[K[?25h[?2026l[?2026h[?25l[A[1Gpulling manifest [K
pulling e7b273f96360:  78% ▕██████████████    ▏  10 GB/ 13 GB   32 MB/s   1m32s[K[?25h[?2026l[?2026h[?25l[A[1Gpulling manifest [K
pulling e7b273f96360:  78% ▕██████████████    ▏  10 GB/ 13 GB   32 MB/s   1m31s[K[?25h[?2026l[?2026h[?25l[A[1Gpulling manifest [K
pulling e7b273f96360:  78% ▕██████████████    ▏  10 GB/ 13 GB   32 MB/s   1m30s[K[?25h[?2026l[?2026h[?25l[A[1Gpulling manifest [K
pulling e7b273f96360:  78% ▕██████████████    ▏  10 GB/ 13 GB   32 MB/s   1m30s[K[?25h[?2026l[?2026h[?25l[A[1Gpulling manifest [K
pulling e7b273f96360:  78% ▕██████████████    ▏  10 GB/ 13 GB   32 MB/s   1m30s[K[?25h[?2026l[?2026h[?25l[A[1Gpulling manifest [K
pulling e7b273f96360:  78% ▕██████████████    ▏  10 GB/ 13 GB   32 MB/s   1m30s[K[?25h[?2026l[?2026h[?25l[A[1Gpulling manifest [K
pulling e7b273f96360:  78% ▕██████████████    ▏  10 GB/ 13 GB   32 MB/s   1m30s[K[?25h[?2026l[?2026h[?25l[A[1Gpulling manifest [K
pulling e7b273f96360:  79% ▕██████████████    ▏  10 GB/ 13 GB   32 MB/s   1m30s[K[?25h[?2026l[?2026h[?25l[A[1Gpulling manifest [K
pulling e7b273f96360:  79% ▕██████████████    ▏  10 GB/ 13 GB   32 MB/s   1m30s[K[?25h[?2026l[?2026h[?25l[A[1Gpulling manifest [K
pulling e7b273f96360:  79% ▕██████████████    ▏  10 GB/ 13 GB   32 MB/s   1m30s[K[?25h[?2026l[?2026h[?25l[A[1Gpulling manifest [K
pulling e7b273f96360:  79% ▕██████████████    ▏  10 GB/ 13 GB   32 MB/s   1m30s[K[?25h[?2026l[?2026h[?25l[A[1Gpulling manifest [K
pulling e7b273f96360:  79% ▕██████████████    ▏  10 GB/ 13 GB   32 MB/s   1m30s[K[?25h[?2026l[?2026h[?25l[A[1Gpulling manifest [K
pulling e7b273f96360:  79% ▕██████████████    ▏  10 GB/ 13 GB   33 MB/s   1m29s[K[?25h[?2026l[?2026h[?25l[A[1Gpulling manifest [K
pulling e7b273f96360:  79% ▕██████████████    ▏  10 GB/ 13 GB   33 MB/s   1m28s[K[?25h[?2026l[?2026h[?25l[A[1Gpulling manifest [K
pulling e7b273f96360:  79% ▕██████████████    ▏  10 GB/ 13 GB   33 MB/s   1m28s[K[?25h[?2026l[?2026h[?25l[A[1Gpulling manifest [K
pulling e7b273f96360:  79% ▕██████████████    ▏  10 GB/ 13 GB   33 MB/s   1m28s[K[?25h[?2026l[?2026h[?25l[A[1Gpulling manifest [K
pulling e7b273f96360:  79% ▕██████████████    ▏  10 GB/ 13 GB   33 MB/s   1m28s[K[?25h[?2026l[?2026h[?25l[A[1Gpulling manifest [K
pulling e7b273f96360:  79% ▕██████████████    ▏  10 GB/ 13 GB   33 MB/s   1m28s[K[?25h[?2026l[?2026h[?25l[A[1Gpulling manifest [K
pulling e7b273f96360:  79% ▕██████████████    ▏  10 GB/ 13 GB   33 MB/s   1m28s[K[?25h[?2026l[?2026h[?25l[A[1Gpulling manifest [K
pulling e7b273f96360:  79% ▕██████████████    ▏  10 GB/ 13 GB   33 MB/s   1m28s[K[?25h[?2026l[?2026h[?25l[A[1Gpulling manifest [K
pulling e7b273f96360:  79% ▕██████████████    ▏  10 GB/ 13 GB   33 MB/s   1m28s[K[?25h[?2026l[?2026h[?25l[A[1Gpulling manifest [K
pulling e7b273f96360:  79% ▕██████████████    ▏  10 GB/ 13 GB   33 MB/s   1m28s[K[?25h[?2026l[?2026h[?25l[A[1Gpulling manifest [K
pulling e7b273f96360:  79% ▕██████████████    ▏  10 GB/ 13 GB   33 MB/s   1m26s[K[?25h[?2026l[?2026h[?25l[A[1Gpulling manifest [K
pulling e7b273f96360:  79% ▕██████████████    ▏  10 GB/ 13 GB   33 MB/s   1m26s[K[?25h[?2026l[?2026h[?25l[A[1Gpulling manifest [K
pulling e7b273f96360:  79% ▕██████████████    ▏  10 GB/ 13 GB   33 MB/s   1m26s[K[?25h[?2026l[?2026h[?25l[A[1Gpulling manifest [K
pulling e7b273f96360:  79% ▕██████████████    ▏  10 GB/ 13 GB   33 MB/s   1m26s[K[?25h[?2026l[?2026h[?25l[A[1Gpulling manifest [K
pulling e7b273f96360:  79% ▕██████████████    ▏  10 GB/ 13 GB   33 MB/s   1m26s[K[?25h[?2026l[?2026h[?25l[A[1Gpulling manifest [K
pulling e7b273f96360:  79% ▕██████████████    ▏  10 GB/ 13 GB   33 MB/s   1m26s[K[?25h[?2026l[?2026h[?25l[A[1Gpulling manifest [K
pulling e7b273f96360:  79% ▕██████████████    ▏  10 GB/ 13 GB   33 MB/s   1m26s[K[?25h[?2026l[?2026h[?25l[A[1Gpulling manifest [K
pulling e7b273f96360:  79% ▕██████████████    ▏  10 GB/ 13 GB   33 MB/s   1m25s[K[?25h[?2026l[?2026h[?25l[A[1Gpulling manifest [K
pulling e7b273f96360:  79% ▕██████████████    ▏  10 GB/ 13 GB   33 MB/s   1m25s[K[?25h[?2026l[?2026h[?25l[A[1Gpulling manifest [K
pulling e7b273f96360:  79% ▕██████████████    ▏  10 GB/ 13 GB   33 MB/s   1m25s[K[?25h[?2026l[?2026h[?25l[A[1Gpulling manifest [K
pulling e7b273f96360:  79% ▕██████████████    ▏  10 GB/ 13 GB   34 MB/s   1m23s[K[?25h[?2026l[?2026h[?25l[A[1Gpulling manifest [K
pulling e7b273f96360:  79% ▕██████████████    ▏  10 GB/ 13 GB   34 MB/s   1m23s[K[?25h[?2026l[?2026h[?25l[A[1Gpulling manifest [K
pulling e7b273f96360:  79% ▕██████████████    ▏  10 GB/ 13 GB   34 MB/s   1m23s[K[?25h[?2026l[?2026h[?25l[A[1Gpulling manifest [K
pulling e7b273f96360:  79% ▕██████████████    ▏  10 GB/ 13 GB   34 MB/s   1m23s[K[?25h[?2026l[?2026h[?25l[A[1Gpulling manifest [K
pulling e7b273f96360:  79% ▕██████████████    ▏  10 GB/ 13 GB   34 MB/s   1m22s[K[?25h[?2026l[?2026h[?25l[A[1Gpulling manifest [K
pulling e7b273f96360:  79% ▕██████████████    ▏  10 GB/ 13 GB   34 MB/s   1m22s[K[?25h[?2026l[?2026h[?25l[A[1Gpulling manifest [K
pulling e7b273f96360:  79% ▕██████████████    ▏  10 GB/ 13 GB   34 MB/s   1m22s[K[?25h[?2026l[?2026h[?25l[A[1Gpulling manifest [K
pulling e7b273f96360:  79% ▕██████████████    ▏  10 GB/ 13 GB   34 MB/s   1m22s[K[?25h[?2026l[?2026h[?25l[A[1Gpulling manifest [K
pulling e7b273f96360:  79% ▕██████████████    ▏  10 GB/ 13 GB   34 MB/s   1m22s[K[?25h[?2026l[?2026h[?25l[A[1Gpulling manifest [K
pulling e7b273f96360:  79% ▕██████████████    ▏  10 GB/ 13 GB   34 MB/s   1m22s[K[?25h[?2026l[?2026h[?25l[A[1Gpulling manifest [K
pulling e7b273f96360:  79% ▕██████████████    ▏  10 GB/ 13 GB   35 MB/s   1m20s[K[?25h[?2026l[?2026h[?25l[A[1Gpulling manifest [K
pulling e7b273f96360:  79% ▕██████████████    ▏  10 GB/ 13 GB   35 MB/s   1m20s[K[?25h[?2026l[?2026h[?25l[A[1Gpulling manifest [K
pulling e7b273f96360:  79% ▕██████████████    ▏  10 GB/ 13 GB   35 MB/s   1m20s[K[?25h[?2026l[?2026h[?25l[A[1Gpulling manifest [K
pulling e7b273f96360:  79% ▕██████████████    ▏  10 GB/ 13 GB   35 MB/s   1m20s[K[?25h[?2026l[?2026h[?25l[A[1Gpulling manifest [K
pulling e7b273f96360:  80% ▕██████████████    ▏  10 GB/ 13 GB   35 MB/s   1m20s[K[?25h[?2026l[?2026h[?25l[A[1Gpulling manifest [K
pulling e7b273f96360:  80% ▕██████████████    ▏  10 GB/ 13 GB   35 MB/s   1m20s[K[?25h[?2026l[?2026h[?25l[A[1Gpulling manifest [K
pulling e7b273f96360:  80% ▕██████████████    ▏  10 GB/ 13 GB   35 MB/s   1m20s[K[?25h[?2026l[?2026h[?25l[A[1Gpulling manifest [K
pulling e7b273f96360:  80% ▕██████████████    ▏  10 GB/ 13 GB   35 MB/s   1m20s[K[?25h[?2026l[?2026h[?25l[A[1Gpulling manifest [K
pulling e7b273f96360:  80% ▕██████████████    ▏  10 GB/ 13 GB   35 MB/s   1m20s[K[?25h[?2026l[?2026h[?25l[A[1Gpulling manifest [K
pulling e7b273f96360:  80% ▕██████████████    ▏  10 GB/ 13 GB   35 MB/s   1m20s[K[?25h[?2026l[?2026h[?25l[A[1Gpulling manifest [K
pulling e7b273f96360:  80% ▕██████████████    ▏  10 GB/ 13 GB   35 MB/s   1m18s[K[?25h[?2026l[?2026h[?25l[A[1Gpulling manifest [K
pulling e7b273f96360:  80% ▕██████████████    ▏  10 GB/ 13 GB   35 MB/s   1m18s[K[?25h[?2026l[?2026h[?25l[A[1Gpulling manifest [K
pulling e7b273f96360:  80% ▕██████████████    ▏  10 GB/ 13 GB   35 MB/s   1m18s[K[?25h[?2026l[?2026h[?25l[A[1Gpulling manifest [K
pulling e7b273f96360:  80% ▕██████████████    ▏  11 GB/ 13 GB   35 MB/s   1m18s[K[?25h[?2026l[?2026h[?25l[A[1Gpulling manifest [K
pulling e7b273f96360:  80% ▕██████████████    ▏  11 GB/ 13 GB   35 MB/s   1m18s[K[?25h[?2026l[?2026h[?25l[A[1Gpulling manifest [K
pulling e7b273f96360:  80% ▕██████████████    ▏  11 GB/ 13 GB   35 MB/s   1m18s[K[?25h[?2026l[?2026h[?25l[A[1Gpulling manifest [K
pulling e7b273f96360:  80% ▕██████████████    ▏  11 GB/ 13 GB   35 MB/s   1m17s[K[?25h[?2026l[?2026h[?25l[A[1Gpulling manifest [K
pulling e7b273f96360:  80% ▕██████████████    ▏  11 GB/ 13 GB   35 MB/s   1m17s[K[?25h[?2026l[?2026h[?25l[A[1Gpulling manifest [K
pulling e7b273f96360:  80% ▕██████████████    ▏  11 GB/ 13 GB   35 MB/s   1m17s[K[?25h[?2026l[?2026h[?25l[A[1Gpulling manifest [K
pulling e7b273f96360:  80% ▕██████████████    ▏  11 GB/ 13 GB   35 MB/s   1m17s[K[?25h[?2026l[?2026h[?25l[A[1Gpulling manifest [K
pulling e7b273f96360:  80% ▕██████████████    ▏  11 GB/ 13 GB   35 MB/s   1m17s[K[?25h[?2026l[?2026h[?25l[A[1Gpulling manifest [K
pulling e7b273f96360:  80% ▕██████████████    ▏  11 GB/ 13 GB   35 MB/s   1m17s[K[?25h[?2026l[?2026h[?25l[A[1Gpulling manifest [K
pulling e7b273f96360:  80% ▕██████████████    ▏  11 GB/ 13 GB   35 MB/s   1m17s[K[?25h[?2026l[?2026h[?25l[A[1Gpulling manifest [K
pulling e7b273f96360:  80% ▕██████████████    ▏  11 GB/ 13 GB   35 MB/s   1m17s[K[?25h[?2026l[?2026h[?25l[A[1Gpulling manifest [K
pulling e7b273f96360:  80% ▕██████████████    ▏  11 GB/ 13 GB   35 MB/s   1m17s[K[?25h[?2026l[?2026h[?25l[A[1Gpulling manifest [K
pulling e7b273f96360:  80% ▕██████████████    ▏  11 GB/ 13 GB   35 MB/s   1m17s[K[?25h[?2026l[?2026h[?25l[A[1Gpulling manifest [K
pulling e7b273f96360:  80% ▕██████████████    ▏  11 GB/ 13 GB   35 MB/s   1m17s[K[?25h[?2026l[?2026h[?25l[A[1Gpulling manifest [K
pulling e7b273f96360:  80% ▕██████████████    ▏  11 GB/ 13 GB   35 MB/s   1m16s[K[?25h[?2026l[?2026h[?25l[A[1Gpulling manifest [K
pulling e7b273f96360:  80% ▕██████████████    ▏  11 GB/ 13 GB   35 MB/s   1m16s[K[?25h[?2026l[?2026h[?25l[A[1Gpulling manifest [K
pulling e7b273f96360:  80% ▕██████████████    ▏  11 GB/ 13 GB   35 MB/s   1m16s[K[?25h[?2026l[?2026h[?25l[A[1Gpulling manifest [K
pulling e7b273f96360:  80% ▕██████████████    ▏  11 GB/ 13 GB   35 MB/s   1m16s[K[?25h[?2026l[?2026h[?25l[A[1Gpulling manifest [K
pulling e7b273f96360:  80% ▕██████████████    ▏  11 GB/ 13 GB   35 MB/s   1m17s[K[?25h[?2026l[?2026h[?25l[A[1Gpulling manifest [K
pulling e7b273f96360:  80% ▕██████████████    ▏  11 GB/ 13 GB   35 MB/s   1m16s[K[?25h[?2026l[?2026h[?25l[A[1Gpulling manifest [K
pulling e7b273f96360:  80% ▕██████████████    ▏  11 GB/ 13 GB   35 MB/s   1m16s[K[?25h[?2026l[?2026h[?25l[A[1Gpulling manifest [K
pulling e7b273f96360:  80% ▕██████████████    ▏  11 GB/ 13 GB   35 MB/s   1m16s[K[?25h[?2026l[?2026h[?25l[A[1Gpulling manifest [K
pulling e7b273f96360:  80% ▕██████████████    ▏  11 GB/ 13 GB   35 MB/s   1m16s[K[?25h[?2026l[?2026h[?25l[A[1Gpulling manifest [K
pulling e7b273f96360:  80% ▕██████████████    ▏  11 GB/ 13 GB   35 MB/s   1m16s[K[?25h[?2026l[?2026h[?25l[A[1Gpulling manifest [K
pulling e7b273f96360:  80% ▕██████████████    ▏  11 GB/ 13 GB   35 MB/s   1m16s[K[?25h[?2026l[?2026h[?25l[A[1Gpulling manifest [K
pulling e7b273f96360:  80% ▕██████████████    ▏  11 GB/ 13 GB   35 MB/s   1m16s[K[?25h[?2026l[?2026h[?25l[A[1Gpulling manifest [K
pulling e7b273f96360:  80% ▕██████████████    ▏  11 GB/ 13 GB   35 MB/s   1m16s[K[?25h[?2026l[?2026h[?25l[A[1Gpulling manifest [K
pulling e7b273f96360:  80% ▕██████████████    ▏  11 GB/ 13 GB   35 MB/s   1m16s[K[?25h[?2026l[?2026h[?25l[A[1Gpulling manifest [K
pulling e7b273f96360:  80% ▕██████████████    ▏  11 GB/ 13 GB   35 MB/s   1m16s[K[?25h[?2026l[?2026h[?25l[A[1Gpulling manifest [K
pulling e7b273f96360:  80% ▕██████████████    ▏  11 GB/ 13 GB   35 MB/s   1m16s[K[?25h[?2026l[?2026h[?25l[A[1Gpulling manifest [K
pulling e7b273f96360:  80% ▕██████████████    ▏  11 GB/ 13 GB   35 MB/s   1m15s[K[?25h[?2026l[?2026h[?25l[A[1Gpulling manifest [K
pulling e7b273f96360:  80% ▕██████████████    ▏  11 GB/ 13 GB   35 MB/s   1m15s[K[?25h[?2026l[?2026h[?25l[A[1Gpulling manifest [K
pulling e7b273f96360:  81% ▕██████████████    ▏  11 GB/ 13 GB   35 MB/s   1m15s[K[?25h[?2026l[?2026h[?25l[A[1Gpulling manifest [K
pulling e7b273f96360:  81% ▕██████████████    ▏  11 GB/ 13 GB   35 MB/s   1m15s[K[?25h[?2026l[?2026h[?25l[A[1Gpulling manifest [K
pulling e7b273f96360:  81% ▕██████████████    ▏  11 GB/ 13 GB   35 MB/s   1m15s[K[?25h[?2026l[?2026h[?25l[A[1Gpulling manifest [K
pulling e7b273f96360:  81% ▕██████████████    ▏  11 GB/ 13 GB   35 MB/s   1m15s[K[?25h[?2026l[?2026h[?25l[A[1Gpulling manifest [K
pulling e7b273f96360:  81% ▕██████████████    ▏  11 GB/ 13 GB   35 MB/s   1m15s[K[?25h[?2026l[?2026h[?25l[A[1Gpulling manifest [K
pulling e7b273f96360:  81% ▕██████████████    ▏  11 GB/ 13 GB   35 MB/s   1m15s[K[?25h[?2026l[?2026h[?25l[A[1Gpulling manifest [K
pulling e7b273f96360:  81% ▕██████████████    ▏  11 GB/ 13 GB   35 MB/s   1m15s[K[?25h[?2026l[?2026h[?25l[A[1Gpulling manifest [K
pulling e7b273f96360:  81% ▕██████████████    ▏  11 GB/ 13 GB   35 MB/s   1m15s[K[?25h[?2026l[?2026h[?25l[A[1Gpulling manifest [K
pulling e7b273f96360:  81% ▕██████████████    ▏  11 GB/ 13 GB   35 MB/s   1m15s[K[?25h[?2026l[?2026h[?25l[A[1Gpulling manifest [K
pulling e7b273f96360:  81% ▕██████████████    ▏  11 GB/ 13 GB   35 MB/s   1m15s[K[?25h[?2026l[?2026h[?25l[A[1Gpulling manifest [K
pulling e7b273f96360:  81% ▕██████████████    ▏  11 GB/ 13 GB   35 MB/s   1m15s[K[?25h[?2026l[?2026h[?25l[A[1Gpulling manifest [K
pulling e7b273f96360:  81% ▕██████████████    ▏  11 GB/ 13 GB   35 MB/s   1m15s[K[?25h[?2026l[?2026h[?25l[A[1Gpulling manifest [K
pulling e7b273f96360:  81% ▕██████████████    ▏  11 GB/ 13 GB   35 MB/s   1m15s[K[?25h[?2026l[?2026h[?25l[A[1Gpulling manifest [K
pulling e7b273f96360:  81% ▕██████████████    ▏  11 GB/ 13 GB   35 MB/s   1m15s[K[?25h[?2026l[?2026h[?25l[A[1Gpulling manifest [K
pulling e7b273f96360:  81% ▕██████████████    ▏  11 GB/ 13 GB   35 MB/s   1m14s[K[?25h[?2026l[?2026h[?25l[A[1Gpulling manifest [K
pulling e7b273f96360:  81% ▕██████████████    ▏  11 GB/ 13 GB   35 MB/s   1m14s[K[?25h[?2026l[?2026h[?25l[A[1Gpulling manifest [K
pulling e7b273f96360:  81% ▕██████████████    ▏  11 GB/ 13 GB   35 MB/s   1m13s[K[?25h[?2026l[?2026h[?25l[A[1Gpulling manifest [K
pulling e7b273f96360:  81% ▕██████████████    ▏  11 GB/ 13 GB   35 MB/s   1m13s[K[?25h[?2026l[?2026h[?25l[A[1Gpulling manifest [K
pulling e7b273f96360:  81% ▕██████████████    ▏  11 GB/ 13 GB   35 MB/s   1m13s[K[?25h[?2026l[?2026h[?25l[A[1Gpulling manifest [K
pulling e7b273f96360:  81% ▕██████████████    ▏  11 GB/ 13 GB   35 MB/s   1m13s[K[?25h[?2026l[?2026h[?25l[A[1Gpulling manifest [K
pulling e7b273f96360:  81% ▕██████████████    ▏  11 GB/ 13 GB   35 MB/s   1m13s[K[?25h[?2026l[?2026h[?25l[A[1Gpulling manifest [K
pulling e7b273f96360:  81% ▕██████████████    ▏  11 GB/ 13 GB   35 MB/s   1m13s[K[?25h[?2026l[?2026h[?25l[A[1Gpulling manifest [K
pulling e7b273f96360:  81% ▕██████████████    ▏  11 GB/ 13 GB   35 MB/s   1m13s[K[?25h[?2026l[?2026h[?25l[A[1Gpulling manifest [K
pulling e7b273f96360:  81% ▕██████████████    ▏  11 GB/ 13 GB   35 MB/s   1m13s[K[?25h[?2026l[?2026h[?25l[A[1Gpulling manifest [K
pulling e7b273f96360:  81% ▕██████████████    ▏  11 GB/ 13 GB   35 MB/s   1m13s[K[?25h[?2026l[?2026h[?25l[A[1Gpulling manifest [K
pulling e7b273f96360:  81% ▕██████████████    ▏  11 GB/ 13 GB   35 MB/s   1m13s[K[?25h[?2026l[?2026h[?25l[A[1Gpulling manifest [K
pulling e7b273f96360:  81% ▕██████████████    ▏  11 GB/ 13 GB   35 MB/s   1m12s[K[?25h[?2026l[?2026h[?25l[A[1Gpulling manifest [K
pulling e7b273f96360:  81% ▕██████████████    ▏  11 GB/ 13 GB   35 MB/s   1m13s[K[?25h[?2026l[?2026h[?25l[A[1Gpulling manifest [K
pulling e7b273f96360:  81% ▕██████████████    ▏  11 GB/ 13 GB   35 MB/s   1m13s[K[?25h[?2026l[?2026h[?25l[A[1Gpulling manifest [K
pulling e7b273f96360:  81% ▕██████████████    ▏  11 GB/ 13 GB   35 MB/s   1m13s[K[?25h[?2026l[?2026h[?25l[A[1Gpulling manifest [K
pulling e7b273f96360:  81% ▕██████████████    ▏  11 GB/ 13 GB   35 MB/s   1m12s[K[?25h[?2026l[?2026h[?25l[A[1Gpulling manifest [K
pulling e7b273f96360:  81% ▕██████████████    ▏  11 GB/ 13 GB   35 MB/s   1m12s[K[?25h[?2026l[?2026h[?25l[A[1Gpulling manifest [K
pulling e7b273f96360:  81% ▕██████████████    ▏  11 GB/ 13 GB   35 MB/s   1m12s[K[?25h[?2026l[?2026h[?25l[A[1Gpulling manifest [K
pulling e7b273f96360:  81% ▕██████████████    ▏  11 GB/ 13 GB   35 MB/s   1m12s[K[?25h[?2026l[?2026h[?25l[A[1Gpulling manifest [K
pulling e7b273f96360:  81% ▕██████████████    ▏  11 GB/ 13 GB   35 MB/s   1m12s[K[?25h[?2026l[?2026h[?25l[A[1Gpulling manifest [K
pulling e7b273f96360:  81% ▕██████████████    ▏  11 GB/ 13 GB   35 MB/s   1m12s[K[?25h[?2026l[?2026h[?25l[A[1Gpulling manifest [K
pulling e7b273f96360:  81% ▕██████████████    ▏  11 GB/ 13 GB   35 MB/s   1m12s[K[?25h[?2026l[?2026h[?25l[A[1Gpulling manifest [K
pulling e7b273f96360:  81% ▕██████████████    ▏  11 GB/ 13 GB   35 MB/s   1m12s[K[?25h[?2026l[?2026h[?25l[A[1Gpulling manifest [K
pulling e7b273f96360:  82% ▕██████████████    ▏  11 GB/ 13 GB   35 MB/s   1m12s[K[?25h[?2026l[?2026h[?25l[A[1Gpulling manifest [K
pulling e7b273f96360:  82% ▕██████████████    ▏  11 GB/ 13 GB   35 MB/s   1m12s[K[?25h[?2026l[?2026h[?25l[A[1Gpulling manifest [K
pulling e7b273f96360:  82% ▕██████████████    ▏  11 GB/ 13 GB   35 MB/s   1m12s[K[?25h[?2026l[?2026h[?25l[A[1Gpulling manifest [K
pulling e7b273f96360:  82% ▕██████████████    ▏  11 GB/ 13 GB   35 MB/s   1m11s[K[?25h[?2026l[?2026h[?25l[A[1Gpulling manifest [K
pulling e7b273f96360:  82% ▕██████████████    ▏  11 GB/ 13 GB   35 MB/s   1m11s[K[?25h[?2026l[?2026h[?25l[A[1Gpulling manifest [K
pulling e7b273f96360:  82% ▕██████████████    ▏  11 GB/ 13 GB   35 MB/s   1m11s[K[?25h[?2026l[?2026h[?25l[A[1Gpulling manifest [K
pulling e7b273f96360:  82% ▕██████████████    ▏  11 GB/ 13 GB   35 MB/s   1m11s[K[?25h[?2026l[?2026h[?25l[A[1Gpulling manifest [K
pulling e7b273f96360:  82% ▕██████████████    ▏  11 GB/ 13 GB   35 MB/s   1m11s[K[?25h[?2026l[?2026h[?25l[A[1Gpulling manifest [K
pulling e7b273f96360:  82% ▕██████████████    ▏  11 GB/ 13 GB   35 MB/s   1m11s[K[?25h[?2026l[?2026h[?25l[A[1Gpulling manifest [K
pulling e7b273f96360:  82% ▕██████████████    ▏  11 GB/ 13 GB   35 MB/s   1m11s[K[?25h[?2026l[?2026h[?25l[A[1Gpulling manifest [K
pulling e7b273f96360:  82% ▕██████████████    ▏  11 GB/ 13 GB   35 MB/s   1m10s[K[?25h[?2026l[?2026h[?25l[A[1Gpulling manifest [K
pulling e7b273f96360:  82% ▕██████████████    ▏  11 GB/ 13 GB   35 MB/s   1m10s[K[?25h[?2026l[?2026h[?25l[A[1Gpulling manifest [K
pulling e7b273f96360:  82% ▕██████████████    ▏  11 GB/ 13 GB   35 MB/s   1m10s[K[?25h[?2026l[?2026h[?25l[A[1Gpulling manifest [K
pulling e7b273f96360:  82% ▕██████████████    ▏  11 GB/ 13 GB   35 MB/s   1m10s[K[?25h[?2026l[?2026h[?25l[A[1Gpulling manifest [K
pulling e7b273f96360:  82% ▕██████████████    ▏  11 GB/ 13 GB   35 MB/s   1m10s[K[?25h[?2026l[?2026h[?25l[A[1Gpulling manifest [K
pulling e7b273f96360:  82% ▕██████████████    ▏  11 GB/ 13 GB   35 MB/s   1m10s[K[?25h[?2026l[?2026h[?25l[A[1Gpulling manifest [K
pulling e7b273f96360:  82% ▕██████████████    ▏  11 GB/ 13 GB   35 MB/s   1m10s[K[?25h[?2026l[?2026h[?25l[A[1Gpulling manifest [K
pulling e7b273f96360:  82% ▕██████████████    ▏  11 GB/ 13 GB   35 MB/s   1m10s[K[?25h[?2026l[?2026h[?25l[A[1Gpulling manifest [K
pulling e7b273f96360:  82% ▕██████████████    ▏  11 GB/ 13 GB   35 MB/s   1m10s[K[?25h[?2026l[?2026h[?25l[A[1Gpulling manifest [K
pulling e7b273f96360:  82% ▕██████████████    ▏  11 GB/ 13 GB   35 MB/s    1m9s[K[?25h[?2026l[?2026h[?25l[A[1Gpulling manifest [K
pulling e7b273f96360:  82% ▕██████████████    ▏  11 GB/ 13 GB   35 MB/s    1m9s[K[?25h[?2026l[?2026h[?25l[A[1Gpulling manifest [K
pulling e7b273f96360:  82% ▕██████████████    ▏  11 GB/ 13 GB   35 MB/s    1m9s[K[?25h[?2026l[?2026h[?25l[A[1Gpulling manifest [K
pulling e7b273f96360:  82% ▕██████████████    ▏  11 GB/ 13 GB   35 MB/s    1m9s[K[?25h[?2026l[?2026h[?25l[A[1Gpulling manifest [K
pulling e7b273f96360:  82% ▕██████████████    ▏  11 GB/ 13 GB   35 MB/s    1m8s[K[?25h[?2026l[?2026h[?25l[A[1Gpulling manifest [K
pulling e7b273f96360:  82% ▕██████████████    ▏  11 GB/ 13 GB   35 MB/s    1m8s[K[?25h[?2026l[?2026h[?25l[A[1Gpulling manifest [K
pulling e7b273f96360:  82% ▕██████████████    ▏  11 GB/ 13 GB   35 MB/s    1m8s[K[?25h[?2026l[?2026h[?25l[A[1Gpulling manifest [K
pulling e7b273f96360:  82% ▕██████████████    ▏  11 GB/ 13 GB   35 MB/s    1m8s[K[?25h[?2026l[?2026h[?25l[A[1Gpulling manifest [K
pulling e7b273f96360:  82% ▕██████████████    ▏  11 GB/ 13 GB   35 MB/s    1m8s[K[?25h[?2026l[?2026h[?25l[A[1Gpulling manifest [K
pulling e7b273f96360:  82% ▕██████████████    ▏  11 GB/ 13 GB   35 MB/s    1m8s[K[?25h[?2026l[?2026h[?25l[A[1Gpulling manifest [K
pulling e7b273f96360:  82% ▕██████████████    ▏  11 GB/ 13 GB   35 MB/s    1m8s[K[?25h[?2026l[?2026h[?25l[A[1Gpulling manifest [K
pulling e7b273f96360:  82% ▕██████████████    ▏  11 GB/ 13 GB   35 MB/s    1m8s[K[?25h[?2026l[?2026h[?25l[A[1Gpulling manifest [K
pulling e7b273f96360:  82% ▕██████████████    ▏  11 GB/ 13 GB   35 MB/s    1m8s[K[?25h[?2026l[?2026h[?25l[A[1Gpulling manifest [K
pulling e7b273f96360:  82% ▕██████████████    ▏  11 GB/ 13 GB   35 MB/s    1m8s[K[?25h[?2026l[?2026h[?25l[A[1Gpulling manifest [K
pulling e7b273f96360:  82% ▕██████████████    ▏  11 GB/ 13 GB   35 MB/s    1m8s[K[?25h[?2026l[?2026h[?25l[A[1Gpulling manifest [K
pulling e7b273f96360:  82% ▕██████████████    ▏  11 GB/ 13 GB   35 MB/s    1m7s[K[?25h[?2026l[?2026h[?25l[A[1Gpulling manifest [K
pulling e7b273f96360:  82% ▕██████████████    ▏  11 GB/ 13 GB   35 MB/s    1m7s[K[?25h[?2026l[?2026h[?25l[A[1Gpulling manifest [K
pulling e7b273f96360:  82% ▕██████████████    ▏  11 GB/ 13 GB   35 MB/s    1m7s[K[?25h[?2026l[?2026h[?25l[A[1Gpulling manifest [K
pulling e7b273f96360:  82% ▕██████████████    ▏  11 GB/ 13 GB   35 MB/s    1m7s[K[?25h[?2026l[?2026h[?25l[A[1Gpulling manifest [K
pulling e7b273f96360:  83% ▕██████████████    ▏  11 GB/ 13 GB   35 MB/s    1m7s[K[?25h[?2026l[?2026h[?25l[A[1Gpulling manifest [K
pulling e7b273f96360:  83% ▕██████████████    ▏  11 GB/ 13 GB   35 MB/s    1m7s[K[?25h[?2026l[?2026h[?25l[A[1Gpulling manifest [K
pulling e7b273f96360:  83% ▕██████████████    ▏  11 GB/ 13 GB   36 MB/s    1m6s[K[?25h[?2026l[?2026h[?25l[A[1Gpulling manifest [K
pulling e7b273f96360:  83% ▕██████████████    ▏  11 GB/ 13 GB   36 MB/s    1m6s[K[?25h[?2026l[?2026h[?25l[A[1Gpulling manifest [K
pulling e7b273f96360:  83% ▕██████████████    ▏  11 GB/ 13 GB   36 MB/s    1m6s[K[?25h[?2026l[?2026h[?25l[A[1Gpulling manifest [K
pulling e7b273f96360:  83% ▕██████████████    ▏  11 GB/ 13 GB   36 MB/s    1m6s[K[?25h[?2026l[?2026h[?25l[A[1Gpulling manifest [K
pulling e7b273f96360:  83% ▕██████████████    ▏  11 GB/ 13 GB   36 MB/s    1m5s[K[?25h[?2026l[?2026h[?25l[A[1Gpulling manifest [K
pulling e7b273f96360:  83% ▕██████████████    ▏  11 GB/ 13 GB   36 MB/s    1m5s[K[?25h[?2026l[?2026h[?25l[A[1Gpulling manifest [K
pulling e7b273f96360:  83% ▕██████████████    ▏  11 GB/ 13 GB   36 MB/s    1m5s[K[?25h[?2026l[?2026h[?25l[A[1Gpulling manifest [K
pulling e7b273f96360:  83% ▕██████████████    ▏  11 GB/ 13 GB   36 MB/s    1m5s[K[?25h[?2026l[?2026h[?25l[A[1Gpulling manifest [K
pulling e7b273f96360:  83% ▕██████████████    ▏  11 GB/ 13 GB   36 MB/s    1m5s[K[?25h[?2026l[?2026h[?25l[A[1Gpulling manifest [K
pulling e7b273f96360:  83% ▕██████████████    ▏  11 GB/ 13 GB   36 MB/s    1m5s[K[?25h[?2026l[?2026h[?25l[A[1Gpulling manifest [K
pulling e7b273f96360:  83% ▕██████████████    ▏  11 GB/ 13 GB   36 MB/s    1m4s[K[?25h[?2026l[?2026h[?25l[A[1Gpulling manifest [K
pulling e7b273f96360:  83% ▕██████████████    ▏  11 GB/ 13 GB   36 MB/s    1m4s[K[?25h[?2026l[?2026h[?25l[A[1Gpulling manifest [K
pulling e7b273f96360:  83% ▕██████████████    ▏  11 GB/ 13 GB   36 MB/s    1m4s[K[?25h[?2026l[?2026h[?25l[A[1Gpulling manifest [K
pulling e7b273f96360:  83% ▕██████████████    ▏  11 GB/ 13 GB   36 MB/s    1m4s[K[?25h[?2026l[?2026h[?25l[A[1Gpulling manifest [K
pulling e7b273f96360:  83% ▕██████████████    ▏  11 GB/ 13 GB   36 MB/s    1m4s[K[?25h[?2026l[?2026h[?25l[A[1Gpulling manifest [K
pulling e7b273f96360:  83% ▕██████████████    ▏  11 GB/ 13 GB   36 MB/s    1m4s[K[?25h[?2026l[?2026h[?25l[A[1Gpulling manifest [K
pulling e7b273f96360:  83% ▕██████████████    ▏  11 GB/ 13 GB   36 MB/s    1m3s[K[?25h[?2026l[?2026h[?25l[A[1Gpulling manifest [K
pulling e7b273f96360:  83% ▕██████████████    ▏  11 GB/ 13 GB   36 MB/s    1m3s[K[?25h[?2026l[?2026h[?25l[A[1Gpulling manifest [K
pulling e7b273f96360:  83% ▕██████████████    ▏  11 GB/ 13 GB   36 MB/s    1m3s[K[?25h[?2026l[?2026h[?25l[A[1Gpulling manifest [K
pulling e7b273f96360:  83% ▕██████████████    ▏  11 GB/ 13 GB   36 MB/s    1m3s[K[?25h[?2026l[?2026h[?25l[A[1Gpulling manifest [K
pulling e7b273f96360:  83% ▕██████████████    ▏  11 GB/ 13 GB   36 MB/s    1m3s[K[?25h[?2026l[?2026h[?25l[A[1Gpulling manifest [K
pulling e7b273f96360:  83% ▕██████████████    ▏  11 GB/ 13 GB   36 MB/s    1m3s[K[?25h[?2026l[?2026h[?25l[A[1Gpulling manifest [K
pulling e7b273f96360:  83% ▕██████████████    ▏  11 GB/ 13 GB   36 MB/s    1m3s[K[?25h[?2026l[?2026h[?25l[A[1Gpulling manifest [K
pulling e7b273f96360:  83% ▕██████████████    ▏  11 GB/ 13 GB   36 MB/s    1m3s[K[?25h[?2026l[?2026h[?25l[A[1Gpulling manifest [K
pulling e7b273f96360:  83% ▕██████████████    ▏  11 GB/ 13 GB   36 MB/s    1m3s[K[?25h[?2026l[?2026h[?25l[A[1Gpulling manifest [K
pulling e7b273f96360:  83% ▕██████████████    ▏  11 GB/ 13 GB   36 MB/s    1m3s[K[?25h[?2026l[?2026h[?25l[A[1Gpulling manifest [K
pulling e7b273f96360:  83% ▕██████████████    ▏  11 GB/ 13 GB   36 MB/s    1m3s[K[?25h[?2026l[?2026h[?25l[A[1Gpulling manifest [K
pulling e7b273f96360:  83% ▕██████████████    ▏  11 GB/ 13 GB   36 MB/s    1m3s[K[?25h[?2026l[?2026h[?25l[A[1Gpulling manifest [K
pulling e7b273f96360:  83% ▕██████████████    ▏  11 GB/ 13 GB   36 MB/s    1m3s[K[?25h[?2026l[?2026h[?25l[A[1Gpulling manifest [K
pulling e7b273f96360:  83% ▕██████████████    ▏  11 GB/ 13 GB   36 MB/s    1m2s[K[?25h[?2026l[?2026h[?25l[A[1Gpulling manifest [K
pulling e7b273f96360:  83% ▕███████████████   ▏  11 GB/ 13 GB   36 MB/s    1m2s[K[?25h[?2026l[?2026h[?25l[A[1Gpulling manifest [K
pulling e7b273f96360:  83% ▕███████████████   ▏  11 GB/ 13 GB   36 MB/s    1m2s[K[?25h[?2026l[?2026h[?25l[A[1Gpulling manifest [K
pulling e7b273f96360:  83% ▕███████████████   ▏  11 GB/ 13 GB   36 MB/s    1m2s[K[?25h[?2026l[?2026h[?25l[A[1Gpulling manifest [K
pulling e7b273f96360:  83% ▕███████████████   ▏  11 GB/ 13 GB   36 MB/s    1m1s[K[?25h[?2026l[?2026h[?25l[A[1Gpulling manifest [K
pulling e7b273f96360:  83% ▕███████████████   ▏  11 GB/ 13 GB   36 MB/s    1m1s[K[?25h[?2026l[?2026h[?25l[A[1Gpulling manifest [K
pulling e7b273f96360:  83% ▕███████████████   ▏  11 GB/ 13 GB   36 MB/s    1m1s[K[?25h[?2026l[?2026h[?25l[A[1Gpulling manifest [K
pulling e7b273f96360:  83% ▕███████████████   ▏  11 GB/ 13 GB   36 MB/s    1m1s[K[?25h[?2026l[?2026h[?25l[A[1Gpulling manifest [K
pulling e7b273f96360:  84% ▕███████████████   ▏  11 GB/ 13 GB   36 MB/s    1m1s[K[?25h[?2026l[?2026h[?25l[A[1Gpulling manifest [K
pulling e7b273f96360:  84% ▕███████████████   ▏  11 GB/ 13 GB   36 MB/s    1m1s[K[?25h[?2026l[?2026h[?25l[A[1Gpulling manifest [K
pulling e7b273f96360:  84% ▕███████████████   ▏  11 GB/ 13 GB   36 MB/s    1m1s[K[?25h[?2026l[?2026h[?25l[A[1Gpulling manifest [K
pulling e7b273f96360:  84% ▕███████████████   ▏  11 GB/ 13 GB   36 MB/s    1m1s[K[?25h[?2026l[?2026h[?25l[A[1Gpulling manifest [K
pulling e7b273f96360:  84% ▕███████████████   ▏  11 GB/ 13 GB   36 MB/s    1m1s[K[?25h[?2026l[?2026h[?25l[A[1Gpulling manifest [K
pulling e7b273f96360:  84% ▕███████████████   ▏  11 GB/ 13 GB   36 MB/s    1m1s[K[?25h[?2026l[?2026h[?25l[A[1Gpulling manifest [K
pulling e7b273f96360:  84% ▕███████████████   ▏  11 GB/ 13 GB   36 MB/s    1m1s[K[?25h[?2026l[?2026h[?25l[A[1Gpulling manifest [K
pulling e7b273f96360:  84% ▕███████████████   ▏  11 GB/ 13 GB   36 MB/s    1m1s[K[?25h[?2026l[?2026h[?25l[A[1Gpulling manifest [K
pulling e7b273f96360:  84% ▕███████████████   ▏  11 GB/ 13 GB   36 MB/s    1m1s[K[?25h[?2026l[?2026h[?25l[A[1Gpulling manifest [K
pulling e7b273f96360:  84% ▕███████████████   ▏  11 GB/ 13 GB   36 MB/s    1m1s[K[?25h[?2026l[?2026h[?25l[A[1Gpulling manifest [K
pulling e7b273f96360:  84% ▕███████████████   ▏  11 GB/ 13 GB   36 MB/s    1m0s[K[?25h[?2026l[?2026h[?25l[A[1Gpulling manifest [K
pulling e7b273f96360:  84% ▕███████████████   ▏  11 GB/ 13 GB   36 MB/s    1m0s[K[?25h[?2026l[?2026h[?25l[A[1Gpulling manifest [K
pulling e7b273f96360:  84% ▕███████████████   ▏  11 GB/ 13 GB   36 MB/s    1m0s[K[?25h[?2026l[?2026h[?25l[A[1Gpulling manifest [K
pulling e7b273f96360:  84% ▕███████████████   ▏  11 GB/ 13 GB   36 MB/s    1m0s[K[?25h[?2026l[?2026h[?25l[A[1Gpulling manifest [K
pulling e7b273f96360:  84% ▕███████████████   ▏  11 GB/ 13 GB   36 MB/s    1m0s[K[?25h[?2026l[?2026h[?25l[A[1Gpulling manifest [K
pulling e7b273f96360:  84% ▕███████████████   ▏  11 GB/ 13 GB   36 MB/s    1m0s[K[?25h[?2026l[?2026h[?25l[A[1Gpulling manifest [K
pulling e7b273f96360:  84% ▕███████████████   ▏  11 GB/ 13 GB   36 MB/s    1m0s[K[?25h[?2026l[?2026h[?25l[A[1Gpulling manifest [K
pulling e7b273f96360:  84% ▕███████████████   ▏  11 GB/ 13 GB   36 MB/s    1m0s[K[?25h[?2026l[?2026h[?25l[A[1Gpulling manifest [K
pulling e7b273f96360:  84% ▕███████████████   ▏  11 GB/ 13 GB   36 MB/s    1m0s[K[?25h[?2026l[?2026h[?25l[A[1Gpulling manifest [K
pulling e7b273f96360:  84% ▕███████████████   ▏  11 GB/ 13 GB   36 MB/s    1m0s[K[?25h[?2026l[?2026h[?25l[A[1Gpulling manifest [K
pulling e7b273f96360:  84% ▕███████████████   ▏  11 GB/ 13 GB   36 MB/s    1m0s[K[?25h[?2026l[?2026h[?25l[A[1Gpulling manifest [K
pulling e7b273f96360:  84% ▕███████████████   ▏  11 GB/ 13 GB   36 MB/s    1m0s[K[?25h[?2026l[?2026h[?25l[A[1Gpulling manifest [K
pulling e7b273f96360:  84% ▕███████████████   ▏  11 GB/ 13 GB   36 MB/s    1m0s[K[?25h[?2026l[?2026h[?25l[A[1Gpulling manifest [K
pulling e7b273f96360:  84% ▕███████████████   ▏  11 GB/ 13 GB   36 MB/s    1m0s[K[?25h[?2026l[?2026h[?25l[A[1Gpulling manifest [K
pulling e7b273f96360:  84% ▕███████████████   ▏  11 GB/ 13 GB   36 MB/s    1m0s[K[?25h[?2026l[?2026h[?25l[A[1Gpulling manifest [K
pulling e7b273f96360:  84% ▕███████████████   ▏  11 GB/ 13 GB   36 MB/s    1m0s[K[?25h[?2026l[?2026h[?25l[A[1Gpulling manifest [K
pulling e7b273f96360:  84% ▕███████████████   ▏  11 GB/ 13 GB   36 MB/s    1m0s[K[?25h[?2026l[?2026h[?25l[A[1Gpulling manifest [K
pulling e7b273f96360:  84% ▕███████████████   ▏  11 GB/ 13 GB   36 MB/s    1m0s[K[?25h[?2026l[?2026h[?25l[A[1Gpulling manifest [K
pulling e7b273f96360:  84% ▕███████████████   ▏  11 GB/ 13 GB   36 MB/s    1m0s[K[?25h[?2026l
